"n","sp","seed","a","b","truth","est","rule","votes","sweep","adjacent","n_paths","shared_parent","confounded_x","child_indeg_x","child_indeg_z","pcor","related","oriented","correct"
1024,0.5,101,"x1","x10","a<b","a<b","transitivity",NA,1,TRUE,19,FALSE,FALSE,5,9,0.123063653827377,TRUE,TRUE,TRUE
1024,0.5,101,"x1","x11","a<b","b<a","R2",1,1,TRUE,23,FALSE,FALSE,4,4,0.105311245178268,TRUE,TRUE,FALSE
1024,0.5,101,"x1","x12","a<b","a<b","R1",1,2,TRUE,39,TRUE,FALSE,5,6,0.112445969572462,TRUE,TRUE,TRUE
1024,0.5,101,"x1","x13","a<b","a<b","transitivity",NA,1,FALSE,44,TRUE,FALSE,3,6,0.117738317313276,TRUE,TRUE,TRUE
1024,0.5,101,"x1","x14","a<b","a<b","R1",1,1,FALSE,61,FALSE,FALSE,4,3,0.129176617384379,TRUE,TRUE,TRUE
1024,0.5,101,"x1","x15","a<b","b<a","R1",1,1,TRUE,40,TRUE,FALSE,6,10,0.240785084997673,TRUE,TRUE,FALSE
1024,0.5,101,"x1","x2","a<b","a<b","R1",4,1,TRUE,1,TRUE,FALSE,1,4,0.366145205461694,TRUE,TRUE,TRUE
1024,0.5,101,"x1","x3","a<b","b<a","R1",1,1,TRUE,1,TRUE,FALSE,1,8,0.204232950115908,TRUE,TRUE,FALSE
1024,0.5,101,"x1","x4","a<b","a<b","R1",2,1,TRUE,2,TRUE,FALSE,2,5,0.312958744729625,TRUE,TRUE,TRUE
1024,0.5,101,"x1","x5","a<b","a<b","R1",2,1,TRUE,1,TRUE,FALSE,1,6,0.358739379458973,TRUE,TRUE,TRUE
1024,0.5,101,"x1","x6","a<b","a<b","transitivity",NA,1,FALSE,1,FALSE,FALSE,1,5,0.0284607960456513,TRUE,TRUE,TRUE
1024,0.5,101,"x1","x7","a<b","a<b","transitivity",NA,1,FALSE,3,FALSE,FALSE,2,2,0.0190239700220973,TRUE,TRUE,TRUE
1024,0.5,101,"x1","x8","a<b","a<b","transitivity",NA,1,TRUE,8,FALSE,FALSE,5,2,0.171079006382301,TRUE,TRUE,TRUE
1024,0.5,101,"x1","x9","a<b","a<b","R1",1,1,TRUE,13,TRUE,FALSE,4,10,0.166772126858837,TRUE,TRUE,TRUE
1024,0.5,101,"x10","x11","none","none","R3",NA,1,FALSE,0,TRUE,TRUE,NA,NA,0.0418411273858145,FALSE,FALSE,TRUE
1024,0.5,101,"x10","x12","none","none","R3",NA,1,FALSE,0,TRUE,TRUE,NA,NA,0.0860063550271656,FALSE,FALSE,TRUE
1024,0.5,101,"x10","x13","a<b","b<a","R2",2,1,TRUE,1,FALSE,TRUE,3,6,0.182910830319474,TRUE,TRUE,FALSE
1024,0.5,101,"x10","x14","a<b","none","R3",NA,1,FALSE,1,TRUE,TRUE,4,3,0.0217669572611587,TRUE,FALSE,FALSE
1024,0.5,101,"x10","x15","none","b<a","transitivity",NA,1,FALSE,0,TRUE,TRUE,NA,NA,0.0275441269198466,FALSE,TRUE,FALSE
1024,0.5,101,"x11","x12","a<b","a<b","R2",1,1,TRUE,1,TRUE,TRUE,5,6,0.198931938453606,TRUE,TRUE,TRUE
1024,0.5,101,"x11","x13","a<b","NA","unresolved",NA,NA,TRUE,1,FALSE,TRUE,3,6,0.197160824478673,TRUE,FALSE,FALSE
1024,0.5,101,"x11","x14","a<b","none","R3",NA,1,FALSE,1,TRUE,TRUE,4,3,0.0518593115194589,TRUE,FALSE,FALSE
1024,0.5,101,"x11","x15","a<b","NA","unresolved",NA,NA,TRUE,1,TRUE,TRUE,6,10,0.215803000782798,TRUE,FALSE,FALSE
1024,0.5,101,"x12","x13","none","none","R3",NA,1,FALSE,0,TRUE,TRUE,NA,NA,0.00733279349634714,FALSE,FALSE,TRUE
1024,0.5,101,"x12","x14","none","a<b","R1",1,1,FALSE,0,TRUE,TRUE,NA,NA,0.0933137014727876,FALSE,TRUE,FALSE
1024,0.5,101,"x12","x15","none","b<a","transitivity",NA,2,FALSE,0,TRUE,TRUE,NA,NA,0.00614518066158897,FALSE,TRUE,FALSE
1024,0.5,101,"x13","x14","a<b","a<b","R1",1,1,TRUE,1,FALSE,TRUE,4,3,0.179021547143302,TRUE,TRUE,TRUE
1024,0.5,101,"x13","x15","none","b<a","transitivity",NA,1,FALSE,0,TRUE,TRUE,NA,NA,0.0239293494268294,FALSE,TRUE,FALSE
1024,0.5,101,"x14","x15","none","b<a","transitivity",NA,1,FALSE,0,TRUE,TRUE,NA,NA,0.0511028971110667,FALSE,TRUE,FALSE
1024,0.5,101,"x2","x10","a<b","none","R3",NA,1,TRUE,4,TRUE,TRUE,5,9,0.0346157675951983,TRUE,FALSE,FALSE
1024,0.5,101,"x2","x11","a<b","none","R3",NA,1,FALSE,3,TRUE,TRUE,4,4,0.0582476830504138,TRUE,FALSE,FALSE
1024,0.5,101,"x2","x12","a<b","none","R3",NA,1,FALSE,5,TRUE,TRUE,5,6,0.0468938335850873,TRUE,FALSE,FALSE
1024,0.5,101,"x2","x13","a<b","none","R3",NA,1,FALSE,7,FALSE,TRUE,3,6,0.0489405769681264,TRUE,FALSE,FALSE
1024,0.5,101,"x2","x14","a<b","a<b","R1",5,1,TRUE,11,FALSE,TRUE,4,3,0.366895929034662,TRUE,TRUE,TRUE
1024,0.5,101,"x2","x15","a<b","b<a","transitivity",NA,1,FALSE,5,TRUE,TRUE,6,10,0.119987347301332,TRUE,TRUE,FALSE
1024,0.5,101,"x2","x3","none","b<a","transitivity",NA,1,FALSE,0,TRUE,TRUE,NA,NA,0.0937227013638759,FALSE,TRUE,FALSE
1024,0.5,101,"x2","x4","none","none","R3",NA,2,FALSE,0,TRUE,TRUE,NA,NA,0.116872500421481,FALSE,FALSE,TRUE
1024,0.5,101,"x2","x5","none","b<a","R1",1,1,FALSE,0,TRUE,TRUE,NA,NA,0.227087904118847,FALSE,TRUE,FALSE
1024,0.5,101,"x2","x6","none","none","R3",NA,1,FALSE,0,FALSE,TRUE,NA,NA,0.00429021280374163,FALSE,FALSE,TRUE
1024,0.5,101,"x2","x7","a<b","a<b","R1",2,1,TRUE,1,FALSE,TRUE,2,2,0.287783029902144,TRUE,TRUE,TRUE
1024,0.5,101,"x2","x8","a<b","a<b","transitivity",NA,2,FALSE,1,TRUE,TRUE,5,2,0.0160225179255797,TRUE,TRUE,TRUE
1024,0.5,101,"x2","x9","a<b","none","R3",NA,2,FALSE,2,TRUE,TRUE,4,10,0.0770697867931186,TRUE,FALSE,FALSE
1024,0.5,101,"x3","x10","a<b","a<b","R1",1,1,TRUE,7,TRUE,TRUE,5,9,0.234235698620887,TRUE,TRUE,TRUE
1024,0.5,101,"x3","x11","a<b","b<a","R2",1,1,FALSE,9,TRUE,TRUE,4,4,0.101156344331713,TRUE,TRUE,FALSE
1024,0.5,101,"x3","x12","a<b","a<b","transitivity",NA,2,FALSE,15,TRUE,TRUE,5,6,0.143177506122038,TRUE,TRUE,TRUE
1024,0.5,101,"x3","x13","a<b","a<b","transitivity",NA,1,FALSE,17,FALSE,TRUE,3,6,0.0690931948967737,TRUE,TRUE,TRUE
1024,0.5,101,"x3","x14","a<b","a<b","transitivity",NA,1,FALSE,23,FALSE,TRUE,4,3,0.0172929984429981,TRUE,TRUE,TRUE
1024,0.5,101,"x3","x15","a<b","a<b","R1",3,1,TRUE,16,TRUE,TRUE,6,10,0.17463575340155,TRUE,TRUE,TRUE
1024,0.5,101,"x3","x4","a<b","a<b","R1",2,1,TRUE,1,TRUE,TRUE,2,5,0.343547694188351,TRUE,TRUE,TRUE
1024,0.5,101,"x3","x5","none","a<b","transitivity",NA,1,FALSE,0,TRUE,TRUE,NA,NA,0.0756715570454951,FALSE,TRUE,FALSE
1024,0.5,101,"x3","x6","a<b","a<b","R1",1,1,TRUE,1,FALSE,FALSE,1,5,0.232798279057293,TRUE,TRUE,TRUE
1024,0.5,101,"x3","x7","a<b","a<b","transitivity",NA,1,FALSE,1,FALSE,TRUE,2,2,0.053627872730474,TRUE,TRUE,TRUE
1024,0.5,101,"x3","x8","a<b","a<b","R1",1,1,TRUE,3,TRUE,TRUE,5,2,0.148859638091954,TRUE,TRUE,TRUE
1024,0.5,101,"x3","x9","a<b","a<b","R1",1,1,TRUE,5,TRUE,TRUE,4,10,0.192182477831204,TRUE,TRUE,TRUE
1024,0.5,101,"x4","x10","a<b","none","R3",NA,1,FALSE,4,TRUE,TRUE,5,9,0.0536074910908551,TRUE,FALSE,FALSE
1024,0.5,101,"x4","x11","a<b","NA","unresolved",NA,NA,FALSE,5,TRUE,TRUE,4,4,0.0835404809257157,TRUE,FALSE,FALSE
1024,0.5,101,"x4","x12","a<b","none","R3",NA,1,FALSE,8,TRUE,TRUE,5,6,0.0194990304792485,TRUE,FALSE,FALSE
1024,0.5,101,"x4","x13","a<b","a<b","R1",2,1,TRUE,10,TRUE,TRUE,3,6,0.174252832800972,TRUE,TRUE,TRUE
1024,0.5,101,"x4","x14","a<b","a<b","transitivity",NA,1,FALSE,14,FALSE,TRUE,4,3,0.11177669018834,TRUE,TRUE,TRUE
1024,0.5,101,"x4","x15","a<b","b<a","transitivity",NA,1,FALSE,8,TRUE,TRUE,6,10,0.0626626903094097,TRUE,TRUE,FALSE
1024,0.5,101,"x4","x5","none","b<a","R1",1,1,FALSE,0,TRUE,TRUE,NA,NA,0.112540407133231,FALSE,TRUE,FALSE
1024,0.5,101,"x4","x6","none","none","R3",NA,1,FALSE,0,TRUE,TRUE,NA,NA,0.0499150832674816,FALSE,FALSE,TRUE
1024,0.5,101,"x4","x7","a<b","a<b","R1",3,1,TRUE,1,FALSE,TRUE,2,2,0.341227648264317,TRUE,TRUE,TRUE
1024,0.5,101,"x4","x8","a<b","a<b","transitivity",NA,1,TRUE,2,TRUE,TRUE,5,2,0.0980809425546157,TRUE,TRUE,TRUE
1024,0.5,101,"x4","x9","a<b","b<a","R1",1,1,FALSE,3,TRUE,TRUE,4,10,0.119864438125793,TRUE,TRUE,FALSE
1024,0.5,101,"x5","x10","a<b","none","R3",NA,1,FALSE,1,TRUE,TRUE,5,9,0.0445804309447442,TRUE,FALSE,FALSE
1024,0.5,101,"x5","x11","a<b","none","R3",NA,1,FALSE,2,TRUE,TRUE,4,4,0.0190237568457038,TRUE,FALSE,FALSE
1024,0.5,101,"x5","x12","a<b","b<a","R2",1,1,TRUE,4,TRUE,TRUE,5,6,0.163460354733579,TRUE,TRUE,FALSE
1024,0.5,101,"x5","x13","a<b","a<b","transitivity",NA,1,FALSE,3,TRUE,TRUE,3,6,0.0153788277948947,TRUE,TRUE,TRUE
1024,0.5,101,"x5","x14","a<b","a<b","transitivity",NA,1,FALSE,4,FALSE,TRUE,4,3,0.0277466187467365,TRUE,TRUE,TRUE
1024,0.5,101,"x5","x15","a<b","b<a","transitivity",NA,1,TRUE,4,TRUE,TRUE,6,10,0.266406034751247,TRUE,TRUE,FALSE
1024,0.5,101,"x5","x6","none","none","R3",NA,1,FALSE,0,TRUE,TRUE,NA,NA,0.0168353021421182,FALSE,FALSE,TRUE
1024,0.5,101,"x5","x7","none","a<b","transitivity",NA,1,FALSE,0,FALSE,TRUE,NA,NA,0.0114391528108417,FALSE,TRUE,FALSE
1024,0.5,101,"x5","x8","a<b","a<b","R1",3,1,TRUE,1,TRUE,TRUE,5,2,0.279310165969228,TRUE,TRUE,TRUE
1024,0.5,101,"x5","x9","a<b","none","R3",NA,1,FALSE,1,TRUE,TRUE,4,10,0.0758746896898049,TRUE,FALSE,FALSE
1024,0.5,101,"x6","x10","none","b<a","R1",1,1,FALSE,0,TRUE,TRUE,NA,NA,0.123420868826849,FALSE,TRUE,FALSE
1024,0.5,101,"x6","x11","a<b","b<a","R1",1,2,TRUE,1,TRUE,TRUE,4,4,0.153702946394354,TRUE,TRUE,FALSE
1024,0.5,101,"x6","x12","a<b","b<a","R2",2,3,TRUE,2,TRUE,TRUE,5,6,0.220913360635408,TRUE,TRUE,FALSE
1024,0.5,101,"x6","x13","a<b","none","R3",NA,1,FALSE,1,TRUE,TRUE,3,6,0.0158525431200359,TRUE,FALSE,FALSE
1024,0.5,101,"x6","x14","a<b","none","R3",NA,1,FALSE,1,TRUE,TRUE,4,3,0.0528673498188302,TRUE,FALSE,FALSE
1024,0.5,101,"x6","x15","a<b","b<a","transitivity",NA,1,TRUE,2,TRUE,TRUE,6,10,0.148232832372039,TRUE,TRUE,FALSE
1024,0.5,101,"x6","x7","none","none","R3",NA,1,FALSE,0,TRUE,TRUE,NA,NA,0.0164028067579557,FALSE,FALSE,TRUE
1024,0.5,101,"x6","x8","none","b<a","R2",2,1,FALSE,0,TRUE,TRUE,NA,NA,0.0692227216374719,FALSE,TRUE,FALSE
1024,0.5,101,"x6","x9","none","b<a","transitivity",NA,1,FALSE,0,TRUE,TRUE,NA,NA,0.0937669053857341,FALSE,TRUE,FALSE
1024,0.5,101,"x7","x10","a<b","a<b","R2",2,1,TRUE,3,TRUE,TRUE,5,9,0.104420673270264,TRUE,TRUE,TRUE
1024,0.5,101,"x7","x11","a<b","none","R3",NA,1,FALSE,3,TRUE,TRUE,4,4,0.00951558566115016,TRUE,FALSE,FALSE
1024,0.5,101,"x7","x12","a<b","b<a","transitivity",NA,1,FALSE,5,FALSE,TRUE,5,6,0.0402257037755853,TRUE,TRUE,FALSE
1024,0.5,101,"x7","x13","a<b","b<a","transitivity",NA,1,FALSE,6,TRUE,TRUE,3,6,0.04756403448342,TRUE,TRUE,FALSE
1024,0.5,101,"x7","x14","a<b","b<a","R1",2,1,TRUE,9,TRUE,TRUE,4,3,0.423186935737688,TRUE,TRUE,FALSE
1024,0.5,101,"x7","x15","a<b","b<a","transitivity",NA,1,FALSE,5,FALSE,TRUE,6,10,0.00301259530107214,TRUE,TRUE,FALSE
1024,0.5,101,"x7","x8","a<b","a<b","R1",1,2,TRUE,1,TRUE,TRUE,5,2,0.0785687537279624,TRUE,TRUE,TRUE
1024,0.5,101,"x7","x9","a<b","b<a","transitivity",NA,1,TRUE,2,FALSE,TRUE,4,10,0.174523037365258,TRUE,TRUE,FALSE
1024,0.5,101,"x8","x10","a<b","a<b","R2",2,1,FALSE,1,TRUE,TRUE,5,9,0.0979854867680186,TRUE,TRUE,TRUE
1024,0.5,101,"x8","x11","a<b","b<a","R2",1,1,TRUE,2,TRUE,TRUE,4,4,0.209501714586087,TRUE,TRUE,FALSE
1024,0.5,101,"x8","x12","a<b","b<a","R1",1,1,FALSE,3,TRUE,TRUE,5,6,0.0655172086284972,TRUE,TRUE,FALSE
1024,0.5,101,"x8","x13","a<b","b<a","R1",1,1,FALSE,3,TRUE,TRUE,3,6,0.0806112086833857,TRUE,TRUE,FALSE
1024,0.5,101,"x8","x14","a<b","b<a","transitivity",NA,2,FALSE,4,TRUE,TRUE,4,3,0.0271612322968256,TRUE,TRUE,FALSE
1024,0.5,101,"x8","x15","a<b","b<a","transitivity",NA,1,FALSE,3,TRUE,TRUE,6,10,0.08459979274126,TRUE,TRUE,FALSE
1024,0.5,101,"x8","x9","a<b","b<a","transitivity",NA,1,TRUE,1,TRUE,TRUE,4,10,0.227790316033823,TRUE,TRUE,FALSE
1024,0.5,101,"x9","x10","a<b","a<b","R1",2,1,TRUE,1,TRUE,TRUE,5,9,0.18441425577464,TRUE,TRUE,TRUE
1024,0.5,101,"x9","x11","a<b","b<a","R2",1,1,TRUE,1,TRUE,TRUE,4,4,0.223827868791274,TRUE,TRUE,FALSE
1024,0.5,101,"x9","x12","a<b","b<a","R2",3,1,TRUE,2,TRUE,TRUE,5,6,0.340038528263218,TRUE,TRUE,FALSE
1024,0.5,101,"x9","x13","a<b","a<b","transitivity",NA,1,FALSE,2,TRUE,TRUE,3,6,0.0520002805385613,TRUE,TRUE,TRUE
1024,0.5,101,"x9","x14","a<b","a<b","R1",2,1,TRUE,3,TRUE,TRUE,4,3,0.304804343034005,TRUE,TRUE,TRUE
1024,0.5,101,"x9","x15","a<b","b<a","transitivity",NA,1,TRUE,2,TRUE,TRUE,6,10,0.14527186658634,TRUE,TRUE,FALSE
1024,0.5,102,"x1","x10","a<b","a<b","transitivity",NA,1,FALSE,3,FALSE,FALSE,1,4,0.0713602528765904,TRUE,TRUE,TRUE
1024,0.5,102,"x1","x11","a<b","a<b","R1",1,1,TRUE,22,TRUE,FALSE,7,2,0.164448124251794,TRUE,TRUE,TRUE
1024,0.5,102,"x1","x12","a<b","a<b","R2",1,1,FALSE,6,FALSE,FALSE,2,2,0.189612749471277,TRUE,TRUE,TRUE
1024,0.5,102,"x1","x13","a<b","b<a","R1",1,1,FALSE,37,FALSE,FALSE,5,3,0.123902385618435,TRUE,TRUE,FALSE
1024,0.5,102,"x1","x14","a<b","b<a","transitivity",NA,1,FALSE,54,FALSE,FALSE,5,7,0.00899068437883971,TRUE,TRUE,FALSE
1024,0.5,102,"x1","x15","a<b","b<a","transitivity",NA,1,FALSE,119,TRUE,FALSE,7,9,0.0738583978682994,TRUE,TRUE,FALSE
1024,0.5,102,"x1","x2","a<b","a<b","R1",1,1,TRUE,1,FALSE,FALSE,1,3,0.390680719048677,TRUE,TRUE,TRUE
1024,0.5,102,"x1","x3","none","b<a","transitivity",NA,1,FALSE,0,FALSE,FALSE,NA,NA,0.010345679908106,FALSE,TRUE,FALSE
1024,0.5,102,"x1","x4","a<b","b<a","transitivity",NA,1,TRUE,2,FALSE,FALSE,3,8,0.0972433756649294,TRUE,TRUE,FALSE
1024,0.5,102,"x1","x5","a<b","b<a","transitivity",NA,1,FALSE,2,FALSE,FALSE,1,4,0.0249439169771759,TRUE,TRUE,FALSE
1024,0.5,102,"x1","x6","a<b","b<a","R1",2,1,TRUE,3,TRUE,FALSE,2,8,0.236223088780474,TRUE,TRUE,FALSE
1024,0.5,102,"x1","x7","a<b","a<b","transitivity",NA,1,TRUE,1,FALSE,FALSE,1,5,0.318670414095386,TRUE,TRUE,TRUE
1024,0.5,102,"x1","x8","a<b","a<b","R1",1,1,TRUE,3,FALSE,FALSE,2,2,0.324558122171108,TRUE,TRUE,TRUE
1024,0.5,102,"x1","x9","a<b","b<a","transitivity",NA,1,FALSE,10,FALSE,FALSE,4,6,0.0738145466575812,TRUE,TRUE,FALSE
1024,0.5,102,"x10","x11","a<b","b<a","transitivity",NA,1,TRUE,1,TRUE,TRUE,7,2,0.286141881534559,TRUE,TRUE,FALSE
1024,0.5,102,"x10","x12","none","none","R3",NA,1,FALSE,0,TRUE,TRUE,NA,NA,0.0449794550233996,FALSE,FALSE,TRUE
1024,0.5,102,"x10","x13","a<b","b<a","transitivity",NA,1,FALSE,1,TRUE,TRUE,5,3,0.00299076642377251,TRUE,TRUE,FALSE
1024,0.5,102,"x10","x14","a<b","b<a","transitivity",NA,1,FALSE,1,TRUE,TRUE,5,7,0.0256778081269365,TRUE,TRUE,FALSE
1024,0.5,102,"x10","x15","a<b","b<a","transitivity",NA,1,FALSE,3,FALSE,TRUE,7,9,0.0367254854396225,TRUE,TRUE,FALSE
1024,0.5,102,"x11","x12","none","none","R3",NA,1,FALSE,0,TRUE,TRUE,NA,NA,0.0182475316668207,FALSE,FALSE,TRUE
1024,0.5,102,"x11","x13","a<b","b<a","transitivity",NA,1,TRUE,1,TRUE,TRUE,5,3,0.283099451035041,TRUE,TRUE,FALSE
1024,0.5,102,"x11","x14","a<b","b<a","transitivity",NA,1,FALSE,1,TRUE,TRUE,5,7,0.00777930151730733,TRUE,TRUE,FALSE
1024,0.5,102,"x11","x15","a<b","b<a","transitivity",NA,1,TRUE,3,TRUE,TRUE,7,9,0.242085554051024,TRUE,TRUE,FALSE
1024,0.5,102,"x12","x13","none","none","R3",NA,1,FALSE,0,TRUE,TRUE,NA,NA,0.0622477651699458,FALSE,FALSE,TRUE
1024,0.5,102,"x12","x14","a<b","b<a","transitivity",NA,1,TRUE,1,FALSE,TRUE,5,7,0.115709519049684,TRUE,TRUE,FALSE
1024,0.5,102,"x12","x15","a<b","b<a","transitivity",NA,1,FALSE,1,TRUE,TRUE,7,9,0.0722007840815301,TRUE,TRUE,FALSE
1024,0.5,102,"x13","x14","a<b","b<a","transitivity",NA,1,TRUE,1,TRUE,TRUE,5,7,0.175693226257663,TRUE,TRUE,FALSE
1024,0.5,102,"x13","x15","a<b","b<a","transitivity",NA,1,TRUE,2,TRUE,TRUE,7,9,0.258751525145214,TRUE,TRUE,FALSE
1024,0.5,102,"x14","x15","a<b","a<b","R1",2,1,TRUE,1,TRUE,TRUE,7,9,0.188721074801646,TRUE,TRUE,TRUE
1024,0.5,102,"x2","x10","a<b","none","R3",NA,1,FALSE,1,FALSE,TRUE,1,4,0.0121871315128683,TRUE,FALSE,FALSE
1024,0.5,102,"x2","x11","a<b","a<b","R2",2,1,TRUE,8,TRUE,TRUE,7,2,0.0951731566900821,TRUE,TRUE,TRUE
1024,0.5,102,"x2","x12","a<b","b<a","R2",1,1,FALSE,2,FALSE,TRUE,2,2,0.101097696392614,TRUE,TRUE,FALSE
1024,0.5,102,"x2","x13","a<b","b<a","transitivity",NA,1,FALSE,14,FALSE,TRUE,5,3,0.0302581101241442,TRUE,TRUE,FALSE
1024,0.5,102,"x2","x14","a<b","b<a","transitivity",NA,1,FALSE,20,FALSE,TRUE,5,7,0.0252839040908426,TRUE,TRUE,FALSE
1024,0.5,102,"x2","x15","a<b","b<a","transitivity",NA,1,FALSE,44,FALSE,TRUE,7,9,0.0559000211704353,TRUE,TRUE,FALSE
1024,0.5,102,"x2","x3","none","b<a","transitivity",NA,1,FALSE,0,FALSE,FALSE,NA,NA,0.00329212530514347,FALSE,TRUE,FALSE
1024,0.5,102,"x2","x4","a<b","b<a","transitivity",NA,1,TRUE,1,TRUE,TRUE,3,8,0.125433604762569,TRUE,TRUE,FALSE
1024,0.5,102,"x2","x5","a<b","b<a","transitivity",NA,1,FALSE,1,FALSE,TRUE,1,4,0.00711647163699626,TRUE,TRUE,FALSE
1024,0.5,102,"x2","x6","a<b","b<a","transitivity",NA,1,FALSE,1,TRUE,TRUE,2,8,0.0417659544211212,TRUE,TRUE,FALSE
1024,0.5,102,"x2","x7","none","none","R3",NA,2,FALSE,0,TRUE,TRUE,NA,NA,0.137347656528875,FALSE,FALSE,TRUE
1024,0.5,102,"x2","x8","a<b","none","R3",NA,2,FALSE,1,TRUE,TRUE,2,2,0.129323187276944,TRUE,FALSE,FALSE
1024,0.5,102,"x2","x9","a<b","b<a","transitivity",NA,1,FALSE,4,TRUE,TRUE,4,6,0.0272005604093551,TRUE,TRUE,FALSE
1024,0.5,102,"x3","x10","a<b","a<b","transitivity",NA,1,FALSE,1,FALSE,FALSE,1,4,0.0548094895184546,TRUE,TRUE,TRUE
1024,0.5,102,"x3","x11","a<b","a<b","transitivity",NA,1,FALSE,7,FALSE,FALSE,7,2,0.0218930359979081,TRUE,TRUE,TRUE
1024,0.5,102,"x3","x12","a<b","a<b","transitivity",NA,1,FALSE,2,FALSE,FALSE,2,2,0.0314734718965909,TRUE,TRUE,TRUE
1024,0.5,102,"x3","x13","a<b","a<b","R1",1,1,TRUE,14,TRUE,FALSE,5,3,0.229783271887199,TRUE,TRUE,TRUE
1024,0.5,102,"x3","x14","a<b","a<b","R1",2,1,TRUE,21,FALSE,FALSE,5,7,0.107592948983701,TRUE,TRUE,TRUE
1024,0.5,102,"x3","x15","a<b","a<b","transitivity",NA,1,TRUE,45,TRUE,FALSE,7,9,0.183167138620973,TRUE,TRUE,TRUE
1024,0.5,102,"x3","x4","a<b","a<b","transitivity",NA,1,TRUE,1,FALSE,FALSE,3,8,0.174806419878409,TRUE,TRUE,TRUE
1024,0.5,102,"x3","x5","a<b","a<b","transitivity",NA,1,FALSE,1,FALSE,FALSE,1,4,0.0387727695825613,TRUE,TRUE,TRUE
1024,0.5,102,"x3","x6","a<b","a<b","transitivity",NA,1,FALSE,1,TRUE,FALSE,2,8,0.0111292723023787,TRUE,TRUE,TRUE
1024,0.5,102,"x3","x7","none","a<b","transitivity",NA,1,FALSE,0,TRUE,FALSE,NA,NA,0.00208042086380105,FALSE,TRUE,FALSE
1024,0.5,102,"x3","x8","a<b","a<b","transitivity",NA,1,FALSE,1,TRUE,FALSE,2,2,0.0358048089702289,TRUE,TRUE,TRUE
1024,0.5,102,"x3","x9","a<b","a<b","transitivity",NA,1,FALSE,4,FALSE,FALSE,4,6,0.0316448002728239,TRUE,TRUE,TRUE
1024,0.5,102,"x4","x10","a<b","a<b","transitivity",NA,1,FALSE,1,FALSE,TRUE,1,4,0.064364105543874,TRUE,TRUE,TRUE
1024,0.5,102,"x4","x11","a<b","a<b","R1",1,1,FALSE,7,TRUE,TRUE,7,2,0.177180515517433,TRUE,TRUE,TRUE
1024,0.5,102,"x4","x12","a<b","a<b","transitivity",NA,1,FALSE,2,TRUE,TRUE,2,2,0.0186032542467922,TRUE,TRUE,TRUE
1024,0.5,102,"x4","x13","a<b","a<b","transitivity",NA,1,TRUE,13,TRUE,TRUE,5,3,0.0909843231104062,TRUE,TRUE,TRUE
1024,0.5,102,"x4","x14","a<b","b<a","transitivity",NA,1,FALSE,19,TRUE,TRUE,5,7,0.0114732276551085,TRUE,TRUE,FALSE
1024,0.5,102,"x4","x15","a<b","b<a","transitivity",NA,1,FALSE,41,TRUE,TRUE,7,9,0.0396623044939912,TRUE,TRUE,FALSE
1024,0.5,102,"x4","x5","a<b","b<a","R1",1,1,TRUE,1,TRUE,FALSE,1,4,0.247983215878961,TRUE,TRUE,FALSE
1024,0.5,102,"x4","x6","a<b","a<b","transitivity",NA,1,TRUE,1,TRUE,TRUE,2,8,0.168924716539563,TRUE,TRUE,TRUE
1024,0.5,102,"x4","x7","none","a<b","transitivity",NA,1,FALSE,0,TRUE,TRUE,NA,NA,0.00727061754752744,FALSE,TRUE,FALSE
1024,0.5,102,"x4","x8","a<b","a<b","transitivity",NA,1,FALSE,1,TRUE,TRUE,2,2,0.0497860690024373,TRUE,TRUE,TRUE
1024,0.5,102,"x4","x9","a<b","a<b","R1",1,1,TRUE,4,FALSE,TRUE,4,6,0.201390947567311,TRUE,TRUE,TRUE
1024,0.5,102,"x5","x10","a<b","a<b","transitivity",NA,1,FALSE,1,FALSE,TRUE,1,4,0.114346921161187,TRUE,TRUE,TRUE
1024,0.5,102,"x5","x11","a<b","a<b","R1",1,1,FALSE,4,FALSE,TRUE,7,2,0.159028541544662,TRUE,TRUE,TRUE
1024,0.5,102,"x5","x12","a<b","a<b","transitivity",NA,1,FALSE,1,FALSE,TRUE,2,2,0.106746849666277,TRUE,TRUE,TRUE
1024,0.5,102,"x5","x13","a<b","a<b","transitivity",NA,1,FALSE,7,TRUE,TRUE,5,3,0.0211209980576406,TRUE,TRUE,TRUE
1024,0.5,102,"x5","x14","a<b","b<a","transitivity",NA,1,FALSE,10,TRUE,TRUE,5,7,0.0632255343628452,TRUE,TRUE,FALSE
1024,0.5,102,"x5","x15","a<b","b<a","R1",1,1,TRUE,22,TRUE,TRUE,7,9,0.138274717600926,TRUE,TRUE,FALSE
1024,0.5,102,"x5","x6","none","a<b","transitivity",NA,1,FALSE,0,TRUE,TRUE,NA,NA,0.0159551440112331,FALSE,TRUE,FALSE
1024,0.5,102,"x5","x7","none","a<b","transitivity",NA,1,FALSE,0,TRUE,TRUE,NA,NA,0.011067800360099,FALSE,TRUE,FALSE
1024,0.5,102,"x5","x8","a<b","a<b","R1",2,1,TRUE,1,FALSE,TRUE,2,2,0.280610265730733,TRUE,TRUE,TRUE
1024,0.5,102,"x5","x9","a<b","a<b","R1",1,1,TRUE,2,TRUE,TRUE,4,6,0.218802063039859,TRUE,TRUE,TRUE
1024,0.5,102,"x6","x10","none","a<b","transitivity",NA,1,FALSE,0,TRUE,TRUE,NA,NA,0.0192225972995927,FALSE,TRUE,FALSE
1024,0.5,102,"x6","x11","a<b","a<b","transitivity",NA,1,TRUE,2,TRUE,TRUE,7,2,0.205885857770603,TRUE,TRUE,TRUE
1024,0.5,102,"x6","x12","a<b","a<b","R1",2,1,TRUE,1,FALSE,TRUE,2,2,0.294136132934728,TRUE,TRUE,TRUE
1024,0.5,102,"x6","x13","a<b","none","R3",NA,1,FALSE,3,TRUE,TRUE,5,3,0.038188365089368,TRUE,FALSE,FALSE
1024,0.5,102,"x6","x14","a<b","b<a","transitivity",NA,1,FALSE,5,TRUE,TRUE,5,7,0.0541371108566025,TRUE,TRUE,FALSE
1024,0.5,102,"x6","x15","a<b","b<a","transitivity",NA,1,TRUE,11,TRUE,TRUE,7,9,0.173919915968361,TRUE,TRUE,FALSE
1024,0.5,102,"x6","x7","none","a<b","transitivity",NA,1,FALSE,0,TRUE,TRUE,NA,NA,0.0399181022680716,FALSE,TRUE,FALSE
1024,0.5,102,"x6","x8","none","a<b","transitivity",NA,1,FALSE,0,TRUE,TRUE,NA,NA,0.0510652202115912,FALSE,TRUE,FALSE
1024,0.5,102,"x6","x9","a<b","b<a","R1",1,1,TRUE,1,TRUE,TRUE,4,6,0.189731026607658,TRUE,TRUE,FALSE
1024,0.5,102,"x7","x10","none","a<b","transitivity",NA,1,FALSE,0,TRUE,TRUE,NA,NA,0.00770188080214544,FALSE,TRUE,FALSE
1024,0.5,102,"x7","x11","a<b","b<a","R1",1,1,TRUE,1,TRUE,TRUE,7,2,0.159974666632627,TRUE,TRUE,FALSE
1024,0.5,102,"x7","x12","none","none","R3",NA,1,FALSE,0,FALSE,TRUE,NA,NA,0.0480977633673992,FALSE,FALSE,TRUE
1024,0.5,102,"x7","x13","a<b","b<a","transitivity",NA,1,FALSE,1,FALSE,TRUE,5,3,0.0424350379683503,TRUE,TRUE,FALSE
1024,0.5,102,"x7","x14","a<b","b<a","transitivity",NA,1,TRUE,2,TRUE,TRUE,5,7,0.0988500423495914,TRUE,TRUE,FALSE
1024,0.5,102,"x7","x15","a<b","b<a","transitivity",NA,1,TRUE,5,FALSE,TRUE,7,9,0.253255124383025,TRUE,TRUE,FALSE
1024,0.5,102,"x7","x8","none","a<b","R1",1,1,FALSE,0,TRUE,TRUE,NA,NA,0.104910392943148,FALSE,TRUE,FALSE
1024,0.5,102,"x7","x9","none","b<a","transitivity",NA,1,FALSE,0,TRUE,TRUE,NA,NA,0.0259678653130956,FALSE,TRUE,FALSE
1024,0.5,102,"x8","x10","a<b","a<b","R1",3,1,TRUE,1,FALSE,FALSE,1,4,0.332407838438329,TRUE,TRUE,TRUE
1024,0.5,102,"x8","x11","a<b","b<a","transitivity",NA,1,TRUE,3,TRUE,TRUE,7,2,0.131717459452023,TRUE,TRUE,FALSE
1024,0.5,102,"x8","x12","a<b","b<a","R2",3,1,TRUE,1,FALSE,TRUE,2,2,0.336229160404073,TRUE,TRUE,FALSE
1024,0.5,102,"x8","x13","a<b","b<a","R1",1,1,TRUE,5,FALSE,TRUE,5,3,0.209866437399621,TRUE,TRUE,FALSE
1024,0.5,102,"x8","x14","a<b","b<a","transitivity",NA,1,FALSE,7,FALSE,TRUE,5,7,0.0455584261290918,TRUE,TRUE,FALSE
1024,0.5,102,"x8","x15","a<b","b<a","transitivity",NA,1,FALSE,15,TRUE,TRUE,7,9,0.0559323761752967,TRUE,TRUE,FALSE
1024,0.5,102,"x8","x9","a<b","b<a","transitivity",NA,1,TRUE,1,TRUE,TRUE,4,6,0.174050750676109,TRUE,TRUE,FALSE
1024,0.5,102,"x9","x10","none","a<b","transitivity",NA,1,FALSE,0,TRUE,TRUE,NA,NA,0.0515278593005901,FALSE,TRUE,FALSE
1024,0.5,102,"x9","x11","a<b","a<b","transitivity",NA,1,TRUE,1,TRUE,TRUE,7,2,0.116821648063695,TRUE,TRUE,TRUE
1024,0.5,102,"x9","x12","none","a<b","transitivity",NA,1,FALSE,0,TRUE,TRUE,NA,NA,0.0419451230650512,FALSE,TRUE,FALSE
1024,0.5,102,"x9","x13","a<b","a<b","R1",1,1,TRUE,2,TRUE,TRUE,5,3,0.334494178462434,TRUE,TRUE,TRUE
1024,0.5,102,"x9","x14","a<b","b<a","R1",3,1,TRUE,3,FALSE,TRUE,5,7,0.259142673790034,TRUE,TRUE,FALSE
1024,0.5,102,"x9","x15","a<b","b<a","transitivity",NA,1,FALSE,6,TRUE,TRUE,7,9,0.0146943439192846,TRUE,TRUE,FALSE
1024,0.5,103,"x1","x10","a<b","a<b","transitivity",NA,1,FALSE,6,FALSE,FALSE,3,1,0.0726901009678757,TRUE,TRUE,TRUE
1024,0.5,103,"x1","x11","a<b","none","R3",NA,1,FALSE,4,FALSE,FALSE,2,5,0.016054454135711,TRUE,FALSE,FALSE
1024,0.5,103,"x1","x12","a<b","a<b","transitivity",NA,1,FALSE,13,FALSE,FALSE,6,3,0.0320673615507863,TRUE,TRUE,TRUE
1024,0.5,103,"x1","x13","a<b","a<b","transitivity",NA,1,TRUE,24,TRUE,FALSE,7,5,0.191487941566951,TRUE,TRUE,TRUE
1024,0.5,103,"x1","x14","a<b","a<b","R1",1,1,TRUE,9,FALSE,FALSE,5,2,0.267523176594833,TRUE,TRUE,TRUE
1024,0.5,103,"x1","x15","a<b","a<b","transitivity",NA,1,FALSE,48,TRUE,FALSE,5,6,0.0210471396923825,TRUE,TRUE,TRUE
1024,0.5,103,"x1","x2","none","none","R3",NA,1,FALSE,0,FALSE,FALSE,NA,NA,0.00782788234434545,FALSE,FALSE,TRUE
1024,0.5,103,"x1","x3","a<b","a<b","R1",2,1,TRUE,1,FALSE,FALSE,1,5,0.179954925227131,TRUE,TRUE,TRUE
1024,0.5,103,"x1","x4","a<b","a<b","R1",2,1,TRUE,2,FALSE,FALSE,2,3,0.348676079583754,TRUE,TRUE,TRUE
1024,0.5,103,"x1","x5","a<b","a<b","R2",1,1,TRUE,3,FALSE,FALSE,2,4,0.101690136459539,TRUE,TRUE,TRUE
1024,0.5,103,"x1","x6","none","none","R3",NA,1,FALSE,0,FALSE,FALSE,NA,NA,0.0326201686988744,FALSE,FALSE,TRUE
1024,0.5,103,"x1","x7","a<b","a<b","R1",2,1,TRUE,1,FALSE,FALSE,1,6,0.308013459499912,TRUE,TRUE,TRUE
1024,0.5,103,"x1","x8","a<b","none","R3",NA,1,FALSE,1,TRUE,FALSE,1,5,0.0141173941296164,TRUE,FALSE,FALSE
1024,0.5,103,"x1","x9","a<b","none","R3",NA,1,FALSE,4,TRUE,FALSE,3,5,0.0487244063731973,TRUE,FALSE,FALSE
1024,0.5,103,"x10","x11","none","none","R3",NA,1,FALSE,0,FALSE,TRUE,NA,NA,0.0384690158497343,FALSE,FALSE,TRUE
1024,0.5,103,"x10","x12","a<b","b<a","R1",1,1,TRUE,1,TRUE,TRUE,6,3,0.283526673804865,TRUE,TRUE,FALSE
1024,0.5,103,"x10","x13","a<b","b<a","transitivity",NA,1,TRUE,2,TRUE,TRUE,7,5,0.0924297256674317,TRUE,TRUE,FALSE
1024,0.5,103,"x10","x14","none","b<a","transitivity",NA,1,FALSE,0,TRUE,TRUE,NA,NA,0.0959713722164302,FALSE,TRUE,FALSE
1024,0.5,103,"x10","x15","a<b","b<a","transitivity",NA,1,TRUE,4,TRUE,TRUE,5,6,0.159481474042831,TRUE,TRUE,FALSE
1024,0.5,103,"x11","x12","none","none","R3",NA,1,FALSE,0,TRUE,TRUE,NA,NA,0.0358275137496801,FALSE,FALSE,TRUE
1024,0.5,103,"x11","x13","none","none","R3",NA,1,FALSE,0,TRUE,TRUE,NA,NA,0.0573944409236343,FALSE,FALSE,TRUE
1024,0.5,103,"x11","x14","a<b","NA","unresolved",NA,NA,TRUE,1,TRUE,TRUE,5,2,0.182681780060755,TRUE,FALSE,FALSE
1024,0.5,103,"x11","x15","none","none","R3",NA,1,FALSE,0,TRUE,TRUE,NA,NA,0.055621447044871,FALSE,FALSE,TRUE
1024,0.5,103,"x12","x13","a<b","b<a","transitivity",NA,1,TRUE,1,TRUE,TRUE,7,5,0.259168588501325,TRUE,TRUE,FALSE
1024,0.5,103,"x12","x14","none","b<a","transitivity",NA,1,FALSE,0,TRUE,TRUE,NA,NA,0.0583511202593557,FALSE,TRUE,FALSE
1024,0.5,103,"x12","x15","a<b","b<a","transitivity",NA,1,TRUE,2,TRUE,TRUE,5,6,0.326560264097062,TRUE,TRUE,FALSE
1024,0.5,103,"x13","x14","none","b<a","R1",1,1,FALSE,0,TRUE,TRUE,NA,NA,0.180440646024843,FALSE,TRUE,FALSE
1024,0.5,103,"x13","x15","a<b","a<b","R1",2,1,TRUE,1,TRUE,TRUE,5,6,0.345814577963223,TRUE,TRUE,TRUE
1024,0.5,103,"x14","x15","none","a<b","transitivity",NA,1,FALSE,0,FALSE,TRUE,NA,NA,0.0796919894552809,FALSE,TRUE,FALSE
1024,0.5,103,"x2","x10","none","a<b","transitivity",NA,1,FALSE,0,FALSE,FALSE,NA,NA,0.028319834202397,FALSE,TRUE,FALSE
1024,0.5,103,"x2","x11","a<b","a<b","R1",1,1,TRUE,1,FALSE,FALSE,2,5,0.181539454702851,TRUE,TRUE,TRUE
1024,0.5,103,"x2","x12","a<b","a<b","transitivity",NA,1,TRUE,1,FALSE,FALSE,6,3,0.211192963114291,TRUE,TRUE,TRUE
1024,0.5,103,"x2","x13","a<b","a<b","R1",1,1,TRUE,2,FALSE,FALSE,7,5,0.143951661292013,TRUE,TRUE,TRUE
1024,0.5,103,"x2","x14","a<b","b<a","R2",1,1,TRUE,2,FALSE,FALSE,5,2,0.212857342063835,TRUE,TRUE,FALSE
1024,0.5,103,"x2","x15","a<b","a<b","transitivity",NA,1,FALSE,3,FALSE,FALSE,5,6,0.0700808122902157,TRUE,TRUE,TRUE
1024,0.5,103,"x2","x3","none","a<b","transitivity",NA,1,FALSE,0,FALSE,FALSE,NA,NA,0.0306136259555399,FALSE,TRUE,FALSE
1024,0.5,103,"x2","x4","none","a<b","transitivity",NA,1,FALSE,0,FALSE,FALSE,NA,NA,0.0140108066825652,FALSE,TRUE,FALSE
1024,0.5,103,"x2","x5","none","none","R3",NA,1,FALSE,0,FALSE,FALSE,NA,NA,0.0404477245874249,FALSE,FALSE,TRUE
1024,0.5,103,"x2","x6","none","none","R3",NA,1,FALSE,0,FALSE,FALSE,NA,NA,0.0335494907121011,FALSE,FALSE,TRUE
1024,0.5,103,"x2","x7","none","a<b","transitivity",NA,1,FALSE,0,FALSE,FALSE,NA,NA,0.0154117042597409,FALSE,TRUE,FALSE
1024,0.5,103,"x2","x8","none","none","R3",NA,1,FALSE,0,FALSE,FALSE,NA,NA,0.0264146213282566,FALSE,FALSE,TRUE
1024,0.5,103,"x2","x9","none","none","R3",NA,1,FALSE,0,FALSE,FALSE,NA,NA,0.0159926129081591,FALSE,FALSE,TRUE
1024,0.5,103,"x3","x10","a<b","a<b","R1",1,1,FALSE,2,FALSE,TRUE,3,1,0.102525383371645,TRUE,TRUE,TRUE
1024,0.5,103,"x3","x11","a<b","none","R3",NA,1,FALSE,1,FALSE,TRUE,2,5,0.0685076809519424,TRUE,FALSE,FALSE
1024,0.5,103,"x3","x12","a<b","none","R3",NA,2,FALSE,4,FALSE,TRUE,6,3,0.0986674972085884,TRUE,FALSE,FALSE
1024,0.5,103,"x3","x13","a<b","b<a","R1",1,1,FALSE,7,TRUE,TRUE,7,5,0.0934884201133155,TRUE,TRUE,FALSE
1024,0.5,103,"x3","x14","a<b","b<a","transitivity",NA,1,FALSE,2,TRUE,TRUE,5,2,0.107440750077619,TRUE,TRUE,FALSE
1024,0.5,103,"x3","x15","a<b","b<a","transitivity",NA,1,FALSE,14,FALSE,TRUE,5,6,0.0634016880843536,TRUE,TRUE,FALSE
1024,0.5,103,"x3","x4","a<b","b<a","R1",1,1,TRUE,1,TRUE,TRUE,2,3,0.370176406832578,TRUE,TRUE,FALSE
1024,0.5,103,"x3","x5","a<b","b<a","transitivity",NA,1,FALSE,1,TRUE,TRUE,2,4,0.0821001027414195,TRUE,TRUE,FALSE
1024,0.5,103,"x3","x6","none","b<a","transitivity",NA,1,FALSE,0,TRUE,FALSE,NA,NA,0.0239617544079497,FALSE,TRUE,FALSE
1024,0.5,103,"x3","x7","none","b<a","transitivity",NA,1,FALSE,0,TRUE,TRUE,NA,NA,0.0885894897809706,FALSE,TRUE,FALSE
1024,0.5,103,"x3","x8","none","b<a","transitivity",NA,1,FALSE,0,FALSE,TRUE,NA,NA,0.0368246431671688,FALSE,TRUE,FALSE
1024,0.5,103,"x3","x9","a<b","b<a","transitivity",NA,1,FALSE,1,TRUE,TRUE,3,5,0.0670042963338641,TRUE,TRUE,FALSE
1024,0.5,103,"x4","x10","a<b","a<b","R1",1,1,TRUE,2,FALSE,TRUE,3,1,0.374417839752875,TRUE,TRUE,TRUE
1024,0.5,103,"x4","x11","a<b","none","R3",NA,1,FALSE,1,FALSE,TRUE,2,5,0.0227102964129087,TRUE,FALSE,FALSE
1024,0.5,103,"x4","x12","a<b","a<b","R1",1,1,TRUE,4,TRUE,TRUE,6,3,0.273905518727345,TRUE,TRUE,TRUE
1024,0.5,103,"x4","x13","a<b","b<a","transitivity",NA,1,TRUE,7,TRUE,TRUE,7,5,0.196743451872382,TRUE,TRUE,FALSE
1024,0.5,103,"x4","x14","a<b","b<a","transitivity",NA,1,FALSE,2,TRUE,TRUE,5,2,0.0673877340263784,TRUE,TRUE,FALSE
1024,0.5,103,"x4","x15","a<b","b<a","transitivity",NA,1,FALSE,14,FALSE,TRUE,5,6,0.0398534802059515,TRUE,TRUE,FALSE
1024,0.5,103,"x4","x5","a<b","b<a","R1",3,1,TRUE,1,TRUE,TRUE,2,4,0.203025571099215,TRUE,TRUE,FALSE
1024,0.5,103,"x4","x6","none","b<a","transitivity",NA,1,FALSE,0,FALSE,FALSE,NA,NA,0.011984729429945,FALSE,TRUE,FALSE
1024,0.5,103,"x4","x7","none","b<a","R1",1,1,FALSE,0,TRUE,TRUE,NA,NA,0.140545725343798,FALSE,TRUE,FALSE
1024,0.5,103,"x4","x8","none","b<a","transitivity",NA,1,FALSE,0,FALSE,TRUE,NA,NA,0.00330460431982329,FALSE,TRUE,FALSE
1024,0.5,103,"x4","x9","a<b","b<a","transitivity",NA,1,FALSE,1,FALSE,TRUE,3,5,0.0289635966142132,TRUE,TRUE,FALSE
1024,0.5,103,"x5","x10","a<b","a<b","R1",2,1,TRUE,1,TRUE,TRUE,3,1,0.454055106206605,TRUE,TRUE,TRUE
1024,0.5,103,"x5","x11","a<b","a<b","transitivity",NA,1,FALSE,1,FALSE,TRUE,2,5,0.0489260642012115,TRUE,TRUE,TRUE
1024,0.5,103,"x5","x12","a<b","a<b","R1",1,1,FALSE,2,TRUE,TRUE,6,3,0.229344584511916,TRUE,TRUE,TRUE
1024,0.5,103,"x5","x13","a<b","a<b","transitivity",NA,1,FALSE,3,TRUE,TRUE,7,5,0.0451648506098146,TRUE,TRUE,TRUE
1024,0.5,103,"x5","x14","a<b","a<b","R1",1,1,TRUE,2,TRUE,TRUE,5,2,0.232871739350182,TRUE,TRUE,TRUE
1024,0.5,103,"x5","x15","a<b","a<b","transitivity",NA,1,FALSE,7,FALSE,TRUE,5,6,0.0382292578853541,TRUE,TRUE,TRUE
1024,0.5,103,"x5","x6","none","none","R3",NA,1,FALSE,0,FALSE,FALSE,NA,NA,0.0123567965676027,FALSE,FALSE,TRUE
1024,0.5,103,"x5","x7","none","a<b","transitivity",NA,1,FALSE,0,TRUE,TRUE,NA,NA,0.0466724035399703,FALSE,TRUE,FALSE
1024,0.5,103,"x5","x8","none","none","R3",NA,1,FALSE,0,FALSE,TRUE,NA,NA,0.0437036981743496,FALSE,FALSE,TRUE
1024,0.5,103,"x5","x9","a<b","a<b","R1",1,1,TRUE,1,TRUE,TRUE,3,5,0.23356391606522,TRUE,TRUE,TRUE
1024,0.5,103,"x6","x10","none","a<b","transitivity",NA,1,FALSE,0,FALSE,FALSE,NA,NA,0.0247538471358467,FALSE,TRUE,FALSE
1024,0.5,103,"x6","x11","a<b","a<b","transitivity",NA,1,FALSE,1,FALSE,FALSE,2,5,0.0326084425151553,TRUE,TRUE,TRUE
1024,0.5,103,"x6","x12","a<b","a<b","R1",1,1,TRUE,2,FALSE,FALSE,6,3,0.25346393630405,TRUE,TRUE,TRUE
1024,0.5,103,"x6","x13","a<b","a<b","transitivity",NA,1,FALSE,2,FALSE,FALSE,7,5,0.0346198750759998,TRUE,TRUE,TRUE
1024,0.5,103,"x6","x14","a<b","none","R3",NA,1,FALSE,1,FALSE,FALSE,5,2,0.032942520600873,TRUE,FALSE,FALSE
1024,0.5,103,"x6","x15","a<b","a<b","transitivity",NA,1,FALSE,5,FALSE,FALSE,5,6,0.131299283830832,TRUE,TRUE,TRUE
1024,0.5,103,"x6","x7","none","a<b","transitivity",NA,1,FALSE,0,FALSE,FALSE,NA,NA,0.017403220813213,FALSE,TRUE,FALSE
1024,0.5,103,"x6","x8","none","none","R3",NA,1,FALSE,0,FALSE,FALSE,NA,NA,0.00638525590339665,FALSE,FALSE,TRUE
1024,0.5,103,"x6","x9","a<b","a<b","R1",1,1,TRUE,1,FALSE,FALSE,3,5,0.237511827530456,TRUE,TRUE,TRUE
1024,0.5,103,"x7","x10","a<b","a<b","transitivity",NA,1,FALSE,1,FALSE,TRUE,3,1,0.0604850916541183,TRUE,TRUE,TRUE
1024,0.5,103,"x7","x11","a<b","none","R3",NA,1,FALSE,1,TRUE,TRUE,2,5,0.0430713229608887,TRUE,FALSE,FALSE
1024,0.5,103,"x7","x12","a<b","a<b","transitivity",NA,1,FALSE,3,TRUE,TRUE,6,3,0.0858997285581187,TRUE,TRUE,TRUE
1024,0.5,103,"x7","x13","a<b","b<a","R1",2,1,TRUE,6,TRUE,TRUE,7,5,0.273883791162308,TRUE,TRUE,FALSE
1024,0.5,103,"x7","x14","a<b","b<a","transitivity",NA,1,TRUE,2,TRUE,TRUE,5,2,0.294483542877822,TRUE,TRUE,FALSE
1024,0.5,103,"x7","x15","a<b","b<a","R1",1,1,FALSE,12,TRUE,TRUE,5,6,0.15032109272049,TRUE,TRUE,FALSE
1024,0.5,103,"x7","x8","a<b","b<a","R1",2,1,TRUE,1,FALSE,FALSE,1,5,0.298898515869284,TRUE,TRUE,FALSE
1024,0.5,103,"x7","x9","a<b","b<a","transitivity",NA,1,FALSE,1,FALSE,TRUE,3,5,0.0737548298275061,TRUE,TRUE,FALSE
1024,0.5,103,"x8","x10","a<b","a<b","R1",1,1,TRUE,1,FALSE,TRUE,3,1,0.262769497163971,TRUE,TRUE,TRUE
1024,0.5,103,"x8","x11","a<b","a<b","transitivity",NA,1,FALSE,1,TRUE,TRUE,2,5,0.0781215168200299,TRUE,TRUE,TRUE
1024,0.5,103,"x8","x12","a<b","a<b","R1",2,1,TRUE,3,FALSE,TRUE,6,3,0.153437731834634,TRUE,TRUE,TRUE
1024,0.5,103,"x8","x13","a<b","a<b","R1",3,1,TRUE,5,TRUE,TRUE,7,5,0.265092691032167,TRUE,TRUE,TRUE
1024,0.5,103,"x8","x14","a<b","a<b","R1",2,1,FALSE,1,TRUE,TRUE,5,2,0.145843009495166,TRUE,TRUE,TRUE
1024,0.5,103,"x8","x15","a<b","a<b","R1",3,1,TRUE,11,FALSE,TRUE,5,6,0.349384148886939,TRUE,TRUE,TRUE
1024,0.5,103,"x8","x9","a<b","a<b","R1",2,1,TRUE,1,FALSE,TRUE,3,5,0.191307037487564,TRUE,TRUE,TRUE
1024,0.5,103,"x9","x10","none","a<b","transitivity",NA,1,FALSE,0,TRUE,TRUE,NA,NA,0.0230709219359962,FALSE,TRUE,FALSE
1024,0.5,103,"x9","x11","a<b","a<b","R1",2,1,TRUE,1,TRUE,FALSE,2,5,0.168418446591896,TRUE,TRUE,TRUE
1024,0.5,103,"x9","x12","a<b","a<b","R1",5,1,TRUE,1,TRUE,TRUE,6,3,0.343205131028268,TRUE,TRUE,TRUE
1024,0.5,103,"x9","x13","a<b","a<b","R1",1,1,FALSE,1,TRUE,TRUE,7,5,0.0999726942503904,TRUE,TRUE,TRUE
1024,0.5,103,"x9","x14","a<b","none","R3",NA,1,FALSE,1,TRUE,TRUE,5,2,0.0452247152261879,TRUE,FALSE,FALSE
1024,0.5,103,"x9","x15","a<b","a<b","R1",1,1,TRUE,3,TRUE,TRUE,5,6,0.311866387177821,TRUE,TRUE,TRUE
1024,0.5,104,"x1","x10","a<b","a<b","R1",2,1,TRUE,2,TRUE,FALSE,5,5,0.349691454621434,TRUE,TRUE,TRUE
1024,0.5,104,"x1","x11","none","none","R3",NA,1,FALSE,0,FALSE,FALSE,NA,NA,0.0423453785624062,FALSE,FALSE,TRUE
1024,0.5,104,"x1","x12","a<b","a<b","R1",1,1,TRUE,1,FALSE,FALSE,2,5,0.294970781109601,TRUE,TRUE,TRUE
1024,0.5,104,"x1","x13","a<b","none","R3",NA,1,TRUE,3,TRUE,FALSE,4,7,0.0651508905995947,TRUE,FALSE,FALSE
1024,0.5,104,"x1","x14","a<b","a<b","transitivity",NA,1,TRUE,7,FALSE,FALSE,8,5,0.0599199739771273,TRUE,TRUE,TRUE
1024,0.5,104,"x1","x15","a<b","b<a","transitivity",NA,1,FALSE,11,TRUE,FALSE,7,6,0.00826842202313019,TRUE,TRUE,FALSE
1024,0.5,104,"x1","x2","none","none","R3",NA,1,FALSE,0,FALSE,FALSE,NA,NA,0.0349549670539849,FALSE,FALSE,TRUE
1024,0.5,104,"x1","x3","none","b<a","transitivity",NA,1,FALSE,0,FALSE,FALSE,NA,NA,0.0323229656574663,FALSE,TRUE,FALSE
1024,0.5,104,"x1","x4","a<b","b<a","R1",1,1,TRUE,1,FALSE,FALSE,3,3,0.219104368203994,TRUE,TRUE,FALSE
1024,0.5,104,"x1","x5","a<b","b<a","R2",1,1,FALSE,1,TRUE,FALSE,1,4,0.112489901693786,TRUE,TRUE,FALSE
1024,0.5,104,"x1","x6","none","none","R3",NA,1,FALSE,0,TRUE,FALSE,NA,NA,0.0213920605084819,FALSE,FALSE,TRUE
1024,0.5,104,"x1","x7","none","none","R3",NA,1,FALSE,0,FALSE,FALSE,NA,NA,0.00147678860666706,FALSE,FALSE,TRUE
1024,0.5,104,"x1","x8","a<b","none","R3",NA,2,FALSE,1,FALSE,FALSE,2,2,0.0886298187846194,TRUE,FALSE,FALSE
1024,0.5,104,"x1","x9","a<b","b<a","transitivity",NA,1,FALSE,1,TRUE,FALSE,2,4,0.0359397659045195,TRUE,TRUE,FALSE
1024,0.5,104,"x10","x11","none","b<a","transitivity",NA,1,FALSE,0,TRUE,TRUE,NA,NA,0.114098351160828,FALSE,TRUE,FALSE
1024,0.5,104,"x10","x12","none","b<a","transitivity",NA,1,FALSE,0,TRUE,TRUE,NA,NA,0.0955176069824887,FALSE,TRUE,FALSE
1024,0.5,104,"x10","x13","none","b<a","transitivity",NA,1,FALSE,0,TRUE,TRUE,NA,NA,0.045736773636735,FALSE,TRUE,FALSE
1024,0.5,104,"x10","x14","a<b","b<a","R1",1,1,TRUE,1,TRUE,TRUE,8,5,0.117697990638744,TRUE,TRUE,FALSE
1024,0.5,104,"x10","x15","a<b","b<a","R1",1,1,FALSE,1,TRUE,TRUE,7,6,0.163745829648617,TRUE,TRUE,FALSE
1024,0.5,104,"x11","x12","none","a<b","R1",1,1,FALSE,0,TRUE,TRUE,NA,NA,0.0890505941715705,FALSE,TRUE,FALSE
1024,0.5,104,"x11","x13","none","b<a","transitivity",NA,1,FALSE,0,TRUE,TRUE,NA,NA,0.0158666757117944,FALSE,TRUE,FALSE
1024,0.5,104,"x11","x14","none","a<b","transitivity",NA,1,FALSE,0,TRUE,TRUE,NA,NA,0.0815248511640364,FALSE,TRUE,FALSE
1024,0.5,104,"x11","x15","a<b","b<a","R1",1,1,TRUE,1,TRUE,TRUE,7,6,0.085793536515172,TRUE,TRUE,FALSE
1024,0.5,104,"x12","x13","none","b<a","transitivity",NA,1,FALSE,0,TRUE,TRUE,NA,NA,0.0333503068104508,FALSE,TRUE,FALSE
1024,0.5,104,"x12","x14","a<b","a<b","R1",1,1,TRUE,1,TRUE,TRUE,8,5,0.148856719376853,TRUE,TRUE,TRUE
1024,0.5,104,"x12","x15","a<b","b<a","transitivity",NA,1,FALSE,1,TRUE,TRUE,7,6,0.0413816718341411,TRUE,TRUE,FALSE
1024,0.5,104,"x13","x14","none","a<b","transitivity",NA,1,FALSE,0,TRUE,TRUE,NA,NA,0.0940875033201564,FALSE,TRUE,FALSE
1024,0.5,104,"x13","x15","a<b","none","R3",NA,1,TRUE,1,TRUE,TRUE,7,6,0.0722275402897289,TRUE,FALSE,FALSE
1024,0.5,104,"x14","x15","a<b","b<a","R1",1,1,TRUE,1,TRUE,TRUE,7,6,0.193409956040526,TRUE,TRUE,FALSE
1024,0.5,104,"x2","x10","a<b","a<b","transitivity",NA,1,TRUE,4,TRUE,FALSE,5,5,0.0766144677777111,TRUE,TRUE,TRUE
1024,0.5,104,"x2","x11","a<b","a<b","R1",1,1,TRUE,2,FALSE,FALSE,2,4,0.415374678857057,TRUE,TRUE,TRUE
1024,0.5,104,"x2","x12","a<b","a<b","transitivity",NA,1,TRUE,1,TRUE,FALSE,2,5,0.227827199397964,TRUE,TRUE,TRUE
1024,0.5,104,"x2","x13","a<b","b<a","R1",1,1,TRUE,3,FALSE,FALSE,4,7,0.139704452567987,TRUE,TRUE,FALSE
1024,0.5,104,"x2","x14","a<b","a<b","transitivity",NA,1,FALSE,11,FALSE,FALSE,8,5,0.000535300734439198,TRUE,TRUE,TRUE
1024,0.5,104,"x2","x15","a<b","b<a","transitivity",NA,1,TRUE,19,FALSE,FALSE,7,6,0.207967463731407,TRUE,TRUE,FALSE
1024,0.5,104,"x2","x3","none","b<a","transitivity",NA,1,FALSE,0,TRUE,FALSE,NA,NA,0.0537988029085733,FALSE,TRUE,FALSE
1024,0.5,104,"x2","x4","a<b","b<a","R1",1,1,TRUE,1,FALSE,FALSE,3,3,0.302841699784304,TRUE,TRUE,FALSE
1024,0.5,104,"x2","x5","a<b","none","R3",NA,2,FALSE,1,FALSE,FALSE,1,4,0.128518151712352,TRUE,FALSE,FALSE
1024,0.5,104,"x2","x6","a<b","a<b","R1",1,1,TRUE,1,TRUE,FALSE,1,5,0.270458703655267,TRUE,TRUE,TRUE
1024,0.5,104,"x2","x7","a<b","a<b","R1",2,1,TRUE,1,FALSE,FALSE,1,2,0.435623969158838,TRUE,TRUE,TRUE
1024,0.5,104,"x2","x8","a<b","a<b","R2",1,1,TRUE,2,FALSE,FALSE,2,2,0.177745743005697,TRUE,TRUE,TRUE
1024,0.5,104,"x2","x9","a<b","b<a","transitivity",NA,1,FALSE,2,FALSE,FALSE,2,4,0.01182727292149,TRUE,TRUE,FALSE
1024,0.5,104,"x3","x10","a<b","a<b","transitivity",NA,1,FALSE,1,TRUE,FALSE,5,5,0.11525141942666,TRUE,TRUE,TRUE
1024,0.5,104,"x3","x11","none","a<b","transitivity",NA,1,FALSE,0,TRUE,FALSE,NA,NA,1.78813422776334e-05,FALSE,TRUE,FALSE
1024,0.5,104,"x3","x12","none","a<b","transitivity",NA,1,FALSE,0,FALSE,FALSE,NA,NA,0.00457057041384068,FALSE,TRUE,FALSE
1024,0.5,104,"x3","x13","a<b","a<b","R2",1,1,FALSE,2,TRUE,FALSE,4,7,0.106971951612018,TRUE,TRUE,TRUE
1024,0.5,104,"x3","x14","a<b","a<b","R1",1,1,FALSE,4,FALSE,FALSE,8,5,0.0855142779773661,TRUE,TRUE,TRUE
1024,0.5,104,"x3","x15","a<b","b<a","R1",1,1,TRUE,8,TRUE,FALSE,7,6,0.273149630917459,TRUE,TRUE,FALSE
1024,0.5,104,"x3","x4","a<b","a<b","R1",1,1,TRUE,1,FALSE,FALSE,3,3,0.301953645892399,TRUE,TRUE,TRUE
1024,0.5,104,"x3","x5","a<b","a<b","transitivity",NA,1,FALSE,1,FALSE,FALSE,1,4,0.097369819981591,TRUE,TRUE,TRUE
1024,0.5,104,"x3","x6","none","a<b","transitivity",NA,1,FALSE,0,FALSE,FALSE,NA,NA,0.00562049410958778,FALSE,TRUE,FALSE
1024,0.5,104,"x3","x7","none","a<b","transitivity",NA,1,FALSE,0,TRUE,FALSE,NA,NA,0.0494440859740855,FALSE,TRUE,FALSE
1024,0.5,104,"x3","x8","a<b","a<b","transitivity",NA,1,FALSE,1,FALSE,FALSE,2,2,0.0681237806835434,TRUE,TRUE,TRUE
1024,0.5,104,"x3","x9","a<b","none","R3",NA,1,FALSE,1,TRUE,FALSE,2,4,0.0559655582371541,TRUE,FALSE,FALSE
1024,0.5,104,"x4","x10","a<b","a<b","transitivity",NA,1,TRUE,1,TRUE,TRUE,5,5,0.335832297345554,TRUE,TRUE,TRUE
1024,0.5,104,"x4","x11","none","a<b","transitivity",NA,1,FALSE,0,TRUE,TRUE,NA,NA,0.17200209322508,FALSE,TRUE,FALSE
1024,0.5,104,"x4","x12","none","a<b","transitivity",NA,1,FALSE,0,TRUE,TRUE,NA,NA,0.0580869706952377,FALSE,TRUE,FALSE
1024,0.5,104,"x4","x13","a<b","a<b","R2",2,1,TRUE,2,TRUE,TRUE,4,7,0.18890991231935,TRUE,TRUE,TRUE
1024,0.5,104,"x4","x14","a<b","a<b","R1",1,1,TRUE,4,TRUE,TRUE,8,5,0.18128778655308,TRUE,TRUE,TRUE
1024,0.5,104,"x4","x15","a<b","b<a","transitivity",NA,1,TRUE,7,TRUE,TRUE,7,6,0.343215953943778,TRUE,TRUE,FALSE
1024,0.5,104,"x4","x5","a<b","a<b","R1",2,1,TRUE,1,FALSE,FALSE,1,4,0.390630652280913,TRUE,TRUE,TRUE
1024,0.5,104,"x4","x6","none","a<b","transitivity",NA,1,FALSE,0,TRUE,TRUE,NA,NA,0.0676028329316035,FALSE,TRUE,FALSE
1024,0.5,104,"x4","x7","none","a<b","transitivity",NA,1,FALSE,0,TRUE,TRUE,NA,NA,0.151439710557982,FALSE,TRUE,FALSE
1024,0.5,104,"x4","x8","a<b","a<b","R1",2,1,TRUE,1,TRUE,TRUE,2,2,0.25080000558667,TRUE,TRUE,TRUE
1024,0.5,104,"x4","x9","a<b","b<a","R1",1,1,FALSE,1,FALSE,TRUE,2,4,0.0989189227832748,TRUE,TRUE,FALSE
1024,0.5,104,"x5","x10","none","a<b","transitivity",NA,1,FALSE,0,TRUE,TRUE,NA,NA,0.143102626931299,FALSE,TRUE,FALSE
1024,0.5,104,"x5","x11","none","b<a","R2",1,1,FALSE,0,TRUE,TRUE,NA,NA,0.068111257209779,FALSE,TRUE,FALSE
1024,0.5,104,"x5","x12","none","none","R3",NA,1,FALSE,0,FALSE,TRUE,NA,NA,0.0101240397183552,FALSE,FALSE,TRUE
1024,0.5,104,"x5","x13","a<b","b<a","transitivity",NA,1,TRUE,1,TRUE,TRUE,4,7,0.217668995457592,TRUE,TRUE,FALSE
1024,0.5,104,"x5","x14","a<b","a<b","R1",1,1,TRUE,2,TRUE,TRUE,8,5,0.189291791784945,TRUE,TRUE,TRUE
1024,0.5,104,"x5","x15","a<b","b<a","transitivity",NA,1,FALSE,3,TRUE,TRUE,7,6,0.136485164940717,TRUE,TRUE,FALSE
1024,0.5,104,"x5","x6","none","NA","unresolved",NA,NA,FALSE,0,FALSE,TRUE,NA,NA,0.0692379846240156,FALSE,FALSE,FALSE
1024,0.5,104,"x5","x7","none","none","R3",NA,2,FALSE,0,FALSE,TRUE,NA,NA,0.0614910329598608,FALSE,FALSE,TRUE
1024,0.5,104,"x5","x8","none","b<a","R1",1,1,FALSE,0,TRUE,TRUE,NA,NA,0.0884105639106475,FALSE,TRUE,FALSE
1024,0.5,104,"x5","x9","a<b","b<a","transitivity",NA,1,TRUE,1,FALSE,TRUE,2,4,0.301662403127913,TRUE,TRUE,FALSE
1024,0.5,104,"x6","x10","a<b","a<b","transitivity",NA,1,TRUE,1,TRUE,TRUE,5,5,0.241226836071667,TRUE,TRUE,TRUE
1024,0.5,104,"x6","x11","none","a<b","R1",1,1,FALSE,0,TRUE,TRUE,NA,NA,0.165043101817366,FALSE,TRUE,FALSE
1024,0.5,104,"x6","x12","none","a<b","transitivity",NA,1,FALSE,0,TRUE,TRUE,NA,NA,0.0875978159766495,FALSE,TRUE,FALSE
1024,0.5,104,"x6","x13","none","b<a","transitivity",NA,1,FALSE,0,TRUE,TRUE,NA,NA,0.010518430447928,FALSE,TRUE,FALSE
1024,0.5,104,"x6","x14","a<b","a<b","R1",2,1,TRUE,3,FALSE,TRUE,8,5,0.103879101037396,TRUE,TRUE,TRUE
1024,0.5,104,"x6","x15","a<b","b<a","transitivity",NA,1,TRUE,4,TRUE,TRUE,7,6,0.135787221709698,TRUE,TRUE,FALSE
1024,0.5,104,"x6","x7","none","a<b","R2",2,1,FALSE,0,TRUE,TRUE,NA,NA,0.189144763674625,FALSE,TRUE,FALSE
1024,0.5,104,"x6","x8","none","none","R3",NA,2,FALSE,0,TRUE,TRUE,NA,NA,0.0856792385216209,FALSE,FALSE,TRUE
1024,0.5,104,"x6","x9","a<b","b<a","transitivity",NA,1,TRUE,1,FALSE,TRUE,2,4,0.273977891270332,TRUE,TRUE,FALSE
1024,0.5,104,"x7","x10","a<b","a<b","R1",1,1,TRUE,1,TRUE,TRUE,5,5,0.218589671564242,TRUE,TRUE,TRUE
1024,0.5,104,"x7","x11","a<b","a<b","R1",2,1,TRUE,1,TRUE,TRUE,2,4,0.506688609506244,TRUE,TRUE,TRUE
1024,0.5,104,"x7","x12","none","a<b","transitivity",NA,1,FALSE,0,TRUE,TRUE,NA,NA,0.105839305886048,FALSE,TRUE,FALSE
1024,0.5,104,"x7","x13","none","b<a","transitivity",NA,1,FALSE,0,TRUE,TRUE,NA,NA,0.0546777828461918,FALSE,TRUE,FALSE
1024,0.5,104,"x7","x14","a<b","a<b","R1",1,1,TRUE,2,FALSE,TRUE,8,5,0.144382188140422,TRUE,TRUE,TRUE
1024,0.5,104,"x7","x15","a<b","b<a","transitivity",NA,1,FALSE,3,TRUE,TRUE,7,6,0.00186750780377281,TRUE,TRUE,FALSE
1024,0.5,104,"x7","x8","none","none","R3",NA,2,FALSE,0,TRUE,TRUE,NA,NA,0.153309927375991,FALSE,FALSE,TRUE
1024,0.5,104,"x7","x9","none","b<a","transitivity",NA,1,FALSE,0,TRUE,TRUE,NA,NA,0.0221994181904223,FALSE,TRUE,FALSE
1024,0.5,104,"x8","x10","none","a<b","transitivity",NA,1,FALSE,0,TRUE,TRUE,NA,NA,0.135512845754719,FALSE,TRUE,FALSE
1024,0.5,104,"x8","x11","none","none","R3",NA,1,FALSE,0,TRUE,TRUE,NA,NA,0.0934552738124758,FALSE,FALSE,TRUE
1024,0.5,104,"x8","x12","none","none","R3",NA,1,FALSE,0,TRUE,TRUE,NA,NA,0.0955488344560663,FALSE,FALSE,TRUE
1024,0.5,104,"x8","x13","none","b<a","R1",1,1,FALSE,0,TRUE,TRUE,NA,NA,0.0806347249175454,FALSE,TRUE,FALSE
1024,0.5,104,"x8","x14","none","a<b","transitivity",NA,1,FALSE,0,TRUE,TRUE,NA,NA,0.0944699184952818,FALSE,TRUE,FALSE
1024,0.5,104,"x8","x15","none","b<a","transitivity",NA,1,FALSE,0,TRUE,TRUE,NA,NA,0.0608693970312074,FALSE,TRUE,FALSE
1024,0.5,104,"x8","x9","none","b<a","transitivity",NA,1,FALSE,0,FALSE,TRUE,NA,NA,0.0404080745483369,FALSE,TRUE,FALSE
1024,0.5,104,"x9","x10","none","a<b","transitivity",NA,1,FALSE,0,TRUE,TRUE,NA,NA,0.0241775733638738,FALSE,TRUE,FALSE
1024,0.5,104,"x9","x11","none","a<b","transitivity",NA,1,FALSE,0,FALSE,TRUE,NA,NA,0.0106482129471007,FALSE,TRUE,FALSE
1024,0.5,104,"x9","x12","none","a<b","transitivity",NA,1,FALSE,0,FALSE,TRUE,NA,NA,0.0138683145846711,FALSE,TRUE,FALSE
1024,0.5,104,"x9","x13","none","none","R3",NA,1,FALSE,0,TRUE,TRUE,NA,NA,0.0327070779108166,FALSE,FALSE,TRUE
1024,0.5,104,"x9","x14","a<b","a<b","transitivity",NA,1,TRUE,1,TRUE,TRUE,8,5,0.0731569286090261,TRUE,TRUE,TRUE
1024,0.5,104,"x9","x15","a<b","none","R3",NA,1,FALSE,1,TRUE,TRUE,7,6,0.0545642507565673,TRUE,FALSE,FALSE
1024,0.5,105,"x1","x10","none","a<b","transitivity",NA,1,FALSE,0,FALSE,FALSE,NA,NA,0.0144760375753599,FALSE,TRUE,FALSE
1024,0.5,105,"x1","x11","a<b","none","R3",NA,1,FALSE,2,FALSE,FALSE,7,4,0.0304570766233086,TRUE,FALSE,FALSE
1024,0.5,105,"x1","x12","a<b","a<b","transitivity",NA,1,TRUE,3,FALSE,FALSE,4,7,0.220310647188444,TRUE,TRUE,TRUE
1024,0.5,105,"x1","x13","a<b","b<a","R2",2,1,TRUE,4,FALSE,FALSE,4,2,0.276708399743899,TRUE,TRUE,FALSE
1024,0.5,105,"x1","x14","a<b","a<b","R1",1,1,TRUE,6,FALSE,FALSE,6,5,0.246691651452153,TRUE,TRUE,TRUE
1024,0.5,105,"x1","x15","a<b","a<b","transitivity",NA,1,FALSE,6,TRUE,FALSE,8,6,0.042943806381439,TRUE,TRUE,TRUE
1024,0.5,105,"x1","x2","none","none","R3",NA,1,FALSE,0,FALSE,FALSE,NA,NA,0.013093758897231,FALSE,FALSE,TRUE
1024,0.5,105,"x1","x3","none","none","R3",NA,1,FALSE,0,FALSE,FALSE,NA,NA,0.0458849683341726,FALSE,FALSE,TRUE
1024,0.5,105,"x1","x4","none","none","R3",NA,1,FALSE,0,FALSE,FALSE,NA,NA,0.0399633447869367,FALSE,FALSE,TRUE
1024,0.5,105,"x1","x5","none","none","R3",NA,1,FALSE,0,FALSE,FALSE,NA,NA,0.0019369295329292,FALSE,FALSE,TRUE
1024,0.5,105,"x1","x6","none","none","R3",NA,1,FALSE,0,TRUE,FALSE,NA,NA,0.036243458361108,FALSE,FALSE,TRUE
1024,0.5,105,"x1","x7","a<b","b<a","R2",2,1,TRUE,1,FALSE,FALSE,3,2,0.250999577860882,TRUE,TRUE,FALSE
1024,0.5,105,"x1","x8","none","none","R3",NA,1,FALSE,0,FALSE,FALSE,NA,NA,0.0348761044883255,FALSE,FALSE,TRUE
1024,0.5,105,"x1","x9","a<b","b<a","R2",1,1,FALSE,1,FALSE,FALSE,3,3,0.076982125170287,TRUE,TRUE,FALSE
1024,0.5,105,"x10","x11","a<b","b<a","R1",1,1,TRUE,1,TRUE,TRUE,7,4,0.122015368070834,TRUE,TRUE,FALSE
1024,0.5,105,"x10","x12","none","none","R3",NA,1,FALSE,0,TRUE,TRUE,NA,NA,0.0365736346248187,FALSE,FALSE,TRUE
1024,0.5,105,"x10","x13","none","none","R3",NA,1,FALSE,0,TRUE,TRUE,NA,NA,0.0116701288608493,FALSE,FALSE,TRUE
1024,0.5,105,"x10","x14","a<b","b<a","R1",2,1,TRUE,1,FALSE,TRUE,6,5,0.280681265259305,TRUE,TRUE,FALSE
1024,0.5,105,"x10","x15","a<b","a<b","R1",2,1,TRUE,1,TRUE,TRUE,8,6,0.149627152172263,TRUE,TRUE,TRUE
1024,0.5,105,"x11","x12","none","a<b","transitivity",NA,1,FALSE,0,TRUE,TRUE,NA,NA,0.0431630856225316,FALSE,TRUE,FALSE
1024,0.5,105,"x11","x13","none","a<b","transitivity",NA,1,FALSE,0,TRUE,TRUE,NA,NA,0.0301834830376913,FALSE,TRUE,FALSE
1024,0.5,105,"x11","x14","none","a<b","R1",1,1,FALSE,0,TRUE,TRUE,NA,NA,0.107258952423966,FALSE,TRUE,FALSE
1024,0.5,105,"x11","x15","none","a<b","transitivity",NA,1,FALSE,0,TRUE,TRUE,NA,NA,0.104141395909528,FALSE,TRUE,FALSE
1024,0.5,105,"x12","x13","a<b","b<a","R2",3,1,TRUE,1,TRUE,TRUE,4,2,0.34439384866261,TRUE,TRUE,FALSE
1024,0.5,105,"x12","x14","a<b","b<a","R1",1,1,TRUE,1,TRUE,TRUE,6,5,0.180064915810281,TRUE,TRUE,FALSE
1024,0.5,105,"x12","x15","a<b","none","R3",NA,1,FALSE,1,TRUE,TRUE,8,6,0.058359966635745,TRUE,FALSE,FALSE
1024,0.5,105,"x13","x14","none","none","R3",NA,1,FALSE,0,TRUE,TRUE,NA,NA,0.0285323540787066,FALSE,FALSE,TRUE
1024,0.5,105,"x13","x15","a<b","a<b","R1",2,1,TRUE,1,TRUE,TRUE,8,6,0.183484524335466,TRUE,TRUE,TRUE
1024,0.5,105,"x14","x15","none","a<b","transitivity",NA,1,FALSE,0,TRUE,TRUE,NA,NA,0.00865918183910632,FALSE,TRUE,FALSE
1024,0.5,105,"x2","x10","a<b","a<b","transitivity",NA,1,FALSE,2,FALSE,FALSE,2,7,0.0473100875020671,TRUE,TRUE,TRUE
1024,0.5,105,"x2","x11","a<b","b<a","R1",1,1,TRUE,14,FALSE,FALSE,7,4,0.193097234441781,TRUE,TRUE,FALSE
1024,0.5,105,"x2","x12","a<b","a<b","transitivity",NA,1,FALSE,8,FALSE,FALSE,4,7,0.0412864590926811,TRUE,TRUE,TRUE
1024,0.5,105,"x2","x13","a<b","a<b","R1",1,1,FALSE,11,FALSE,FALSE,4,2,0.131371663873426,TRUE,TRUE,TRUE
1024,0.5,105,"x2","x14","a<b","a<b","transitivity",NA,1,FALSE,18,FALSE,FALSE,6,5,0.0606826177725134,TRUE,TRUE,TRUE
1024,0.5,105,"x2","x15","a<b","a<b","transitivity",NA,1,TRUE,24,FALSE,FALSE,8,6,0.0913602870547182,TRUE,TRUE,TRUE
1024,0.5,105,"x2","x3","a<b","a<b","R1",3,1,TRUE,1,FALSE,FALSE,1,1,0.402889471589328,TRUE,TRUE,TRUE
1024,0.5,105,"x2","x4","a<b","a<b","R1",1,1,TRUE,1,FALSE,FALSE,1,5,0.224789447710695,TRUE,TRUE,TRUE
1024,0.5,105,"x2","x5","a<b","a<b","transitivity",NA,1,FALSE,1,FALSE,FALSE,1,5,0.09303297382789,TRUE,TRUE,TRUE
1024,0.5,105,"x2","x6","a<b","a<b","R1",2,1,TRUE,1,FALSE,FALSE,1,9,0.13596376604287,TRUE,TRUE,TRUE
1024,0.5,105,"x2","x7","a<b","a<b","R1",1,1,TRUE,2,FALSE,FALSE,3,2,0.262802166943216,TRUE,TRUE,TRUE
1024,0.5,105,"x2","x8","a<b","b<a","transitivity",NA,1,TRUE,2,FALSE,FALSE,2,4,0.184627534955305,TRUE,TRUE,FALSE
1024,0.5,105,"x2","x9","a<b","a<b","R1",1,1,FALSE,5,FALSE,FALSE,3,3,0.190697822881084,TRUE,TRUE,TRUE
1024,0.5,105,"x3","x10","a<b","a<b","R2",2,1,TRUE,1,FALSE,TRUE,2,7,0.162541190575658,TRUE,TRUE,TRUE
1024,0.5,105,"x3","x11","a<b","b<a","transitivity",NA,1,TRUE,4,TRUE,TRUE,7,4,0.060804216724365,TRUE,TRUE,FALSE
1024,0.5,105,"x3","x12","a<b","none","R3",NA,1,FALSE,1,FALSE,TRUE,4,7,0.035984298206171,TRUE,FALSE,FALSE
1024,0.5,105,"x3","x13","a<b","a<b","R1",1,1,TRUE,3,FALSE,TRUE,4,2,0.291097772563171,TRUE,TRUE,TRUE
1024,0.5,105,"x3","x14","a<b","none","R3",NA,1,FALSE,3,FALSE,TRUE,6,5,0.0472184185360822,TRUE,FALSE,FALSE
1024,0.5,105,"x3","x15","a<b","a<b","R1",1,1,TRUE,6,TRUE,TRUE,8,6,0.153879045288284,TRUE,TRUE,TRUE
1024,0.5,105,"x3","x4","none","b<a","transitivity",NA,1,FALSE,0,TRUE,TRUE,NA,NA,0.188615955987004,FALSE,TRUE,FALSE
1024,0.5,105,"x3","x5","none","b<a","transitivity",NA,1,FALSE,0,FALSE,TRUE,NA,NA,0.0467445526377381,FALSE,TRUE,FALSE
1024,0.5,105,"x3","x6","none","none","R3",NA,1,FALSE,0,TRUE,TRUE,NA,NA,0.0611763570857747,FALSE,FALSE,TRUE
1024,0.5,105,"x3","x7","none","b<a","R1",1,1,FALSE,0,TRUE,TRUE,NA,NA,0.174744441362915,FALSE,TRUE,FALSE
1024,0.5,105,"x3","x8","a<b","b<a","transitivity",NA,1,TRUE,1,TRUE,TRUE,2,4,0.0713526247190627,TRUE,TRUE,FALSE
1024,0.5,105,"x3","x9","a<b","b<a","transitivity",NA,1,FALSE,1,TRUE,TRUE,3,3,0.00828002235461393,TRUE,TRUE,FALSE
1024,0.5,105,"x4","x10","a<b","a<b","R1",1,1,TRUE,1,TRUE,TRUE,2,7,0.248852394305404,TRUE,TRUE,TRUE
1024,0.5,105,"x4","x11","a<b","b<a","transitivity",NA,1,FALSE,4,TRUE,TRUE,7,4,0.0287611479069431,TRUE,TRUE,FALSE
1024,0.5,105,"x4","x12","a<b","a<b","transitivity",NA,1,FALSE,3,TRUE,TRUE,4,7,0.0396453765002201,TRUE,TRUE,TRUE
1024,0.5,105,"x4","x13","a<b","a<b","transitivity",NA,1,FALSE,3,FALSE,TRUE,4,2,0.0807155535016957,TRUE,TRUE,TRUE
1024,0.5,105,"x4","x14","a<b","a<b","R1",1,1,FALSE,8,FALSE,TRUE,6,5,0.126861540602384,TRUE,TRUE,TRUE
1024,0.5,105,"x4","x15","a<b","a<b","R1",1,1,TRUE,9,TRUE,TRUE,8,6,0.119526933904659,TRUE,TRUE,TRUE
1024,0.5,105,"x4","x5","a<b","a<b","R1",2,1,TRUE,1,TRUE,FALSE,1,5,0.333900534547259,TRUE,TRUE,TRUE
1024,0.5,105,"x4","x6","none","none","R3",NA,1,FALSE,0,TRUE,TRUE,NA,NA,0.0820706807530785,FALSE,FALSE,TRUE
1024,0.5,105,"x4","x7","a<b","a<b","R1",1,1,FALSE,1,TRUE,TRUE,3,2,0.169280058860174,TRUE,TRUE,TRUE
1024,0.5,105,"x4","x8","none","b<a","transitivity",NA,1,FALSE,0,TRUE,TRUE,NA,NA,0.0766604798949861,FALSE,TRUE,FALSE
1024,0.5,105,"x4","x9","a<b","a<b","R1",1,1,FALSE,2,FALSE,TRUE,3,3,0.0896761756374251,TRUE,TRUE,TRUE
1024,0.5,105,"x5","x10","none","a<b","transitivity",NA,1,FALSE,0,TRUE,TRUE,NA,NA,0.0857071421141868,FALSE,TRUE,FALSE
1024,0.5,105,"x5","x11","a<b","b<a","transitivity",NA,1,FALSE,3,FALSE,TRUE,7,4,0.0076829809868206,TRUE,TRUE,FALSE
1024,0.5,105,"x5","x12","a<b","a<b","R1",1,1,FALSE,3,FALSE,TRUE,4,7,0.116487301852151,TRUE,TRUE,TRUE
1024,0.5,105,"x5","x13","a<b","a<b","transitivity",NA,1,FALSE,3,TRUE,TRUE,4,2,0.0771820756223623,TRUE,TRUE,TRUE
1024,0.5,105,"x5","x14","a<b","a<b","R1",3,1,TRUE,7,FALSE,TRUE,6,5,0.267715662466065,TRUE,TRUE,TRUE
1024,0.5,105,"x5","x15","a<b","a<b","R1",2,1,TRUE,7,TRUE,TRUE,8,6,0.188612277268026,TRUE,TRUE,TRUE
1024,0.5,105,"x5","x6","none","none","R3",NA,1,FALSE,0,FALSE,TRUE,NA,NA,0.0449300871055746,FALSE,FALSE,TRUE
1024,0.5,105,"x5","x7","a<b","a<b","R1",2,1,TRUE,1,TRUE,TRUE,3,2,0.291226334101421,TRUE,TRUE,TRUE
1024,0.5,105,"x5","x8","none","b<a","transitivity",NA,1,FALSE,0,FALSE,TRUE,NA,NA,0.0149414828581435,FALSE,TRUE,FALSE
1024,0.5,105,"x5","x9","a<b","a<b","R1",5,1,TRUE,2,FALSE,TRUE,3,3,0.301947677660972,TRUE,TRUE,TRUE
1024,0.5,105,"x6","x10","none","none","R3",NA,1,FALSE,0,FALSE,TRUE,NA,NA,0.00113585585484459,FALSE,FALSE,TRUE
1024,0.5,105,"x6","x11","a<b","b<a","transitivity",NA,1,TRUE,1,TRUE,TRUE,7,4,0.222187307834499,TRUE,TRUE,FALSE
1024,0.5,105,"x6","x12","a<b","b<a","R2",1,2,TRUE,1,TRUE,TRUE,4,7,0.139863076332092,TRUE,TRUE,FALSE
1024,0.5,105,"x6","x13","a<b","none","R3",NA,1,FALSE,1,FALSE,TRUE,4,2,0.00503067616147552,TRUE,FALSE,FALSE
1024,0.5,105,"x6","x14","a<b","none","R3",NA,1,FALSE,1,TRUE,TRUE,6,5,0.0162577293622393,TRUE,FALSE,FALSE
1024,0.5,105,"x6","x15","a<b","none","R3",NA,1,FALSE,1,TRUE,TRUE,8,6,0.0407854748310432,TRUE,FALSE,FALSE
1024,0.5,105,"x6","x7","none","none","R3",NA,1,FALSE,0,TRUE,TRUE,NA,NA,0.0485305252187521,FALSE,FALSE,TRUE
1024,0.5,105,"x6","x8","none","b<a","transitivity",NA,1,FALSE,0,TRUE,TRUE,NA,NA,0.0325782548187732,FALSE,TRUE,FALSE
1024,0.5,105,"x6","x9","none","none","R3",NA,1,FALSE,0,FALSE,TRUE,NA,NA,0.0400253287071086,FALSE,FALSE,TRUE
1024,0.5,105,"x7","x10","none","a<b","transitivity",NA,2,FALSE,0,FALSE,TRUE,NA,NA,0.0280925477492122,FALSE,TRUE,FALSE
1024,0.5,105,"x7","x11","a<b","b<a","transitivity",NA,1,TRUE,2,TRUE,TRUE,7,4,0.213944125859377,TRUE,TRUE,FALSE
1024,0.5,105,"x7","x12","a<b","a<b","transitivity",NA,2,TRUE,2,TRUE,TRUE,4,7,0.269041745583708,TRUE,TRUE,TRUE
1024,0.5,105,"x7","x13","a<b","a<b","R1",1,1,FALSE,2,TRUE,TRUE,4,2,0.194903625184713,TRUE,TRUE,TRUE
1024,0.5,105,"x7","x14","a<b","a<b","R1",2,2,TRUE,4,TRUE,TRUE,6,5,0.0632259333683437,TRUE,TRUE,TRUE
1024,0.5,105,"x7","x15","a<b","a<b","transitivity",NA,1,TRUE,4,TRUE,TRUE,8,6,0.260745028335275,TRUE,TRUE,TRUE
1024,0.5,105,"x7","x8","none","b<a","transitivity",NA,1,FALSE,0,TRUE,TRUE,NA,NA,0.0500014961692832,FALSE,TRUE,FALSE
1024,0.5,105,"x7","x9","a<b","b<a","R1",1,1,TRUE,1,TRUE,TRUE,3,3,0.327000519570496,TRUE,TRUE,FALSE
1024,0.5,105,"x8","x10","none","a<b","transitivity",NA,1,FALSE,0,TRUE,TRUE,NA,NA,0.0900590061945641,FALSE,TRUE,FALSE
1024,0.5,105,"x8","x11","a<b","a<b","R1",1,1,TRUE,2,TRUE,TRUE,7,4,0.153174223971965,TRUE,TRUE,TRUE
1024,0.5,105,"x8","x12","a<b","a<b","transitivity",NA,1,FALSE,1,TRUE,TRUE,4,7,0.0865344865755554,TRUE,TRUE,TRUE
1024,0.5,105,"x8","x13","a<b","a<b","transitivity",NA,1,TRUE,2,TRUE,TRUE,4,2,0.160605637545187,TRUE,TRUE,TRUE
1024,0.5,105,"x8","x14","a<b","a<b","transitivity",NA,1,FALSE,2,FALSE,TRUE,6,5,0.110277337318254,TRUE,TRUE,TRUE
1024,0.5,105,"x8","x15","a<b","a<b","transitivity",NA,1,FALSE,3,TRUE,TRUE,8,6,0.0404344303404421,TRUE,TRUE,TRUE
1024,0.5,105,"x8","x9","a<b","a<b","R1",2,1,TRUE,1,TRUE,TRUE,3,3,0.277390496867732,TRUE,TRUE,TRUE
1024,0.5,105,"x9","x10","none","a<b","transitivity",NA,1,FALSE,0,TRUE,TRUE,NA,NA,0.0220345465427651,FALSE,TRUE,FALSE
1024,0.5,105,"x9","x11","a<b","b<a","transitivity",NA,1,TRUE,1,TRUE,TRUE,7,4,0.0478486384392621,TRUE,TRUE,FALSE
1024,0.5,105,"x9","x12","a<b","a<b","transitivity",NA,1,TRUE,1,TRUE,TRUE,4,7,0.251109370179245,TRUE,TRUE,TRUE
1024,0.5,105,"x9","x13","a<b","a<b","transitivity",NA,1,FALSE,1,TRUE,TRUE,4,2,0.0713325180447209,TRUE,TRUE,TRUE
1024,0.5,105,"x9","x14","a<b","a<b","R1",3,1,TRUE,2,TRUE,TRUE,6,5,0.281340504520909,TRUE,TRUE,TRUE
1024,0.5,105,"x9","x15","a<b","a<b","transitivity",NA,1,TRUE,2,TRUE,TRUE,8,6,0.274264091351691,TRUE,TRUE,TRUE
1024,0.5,106,"x1","x10","a<b","a<b","transitivity",NA,1,FALSE,11,TRUE,FALSE,2,7,0.00312531928701878,TRUE,TRUE,TRUE
1024,0.5,106,"x1","x11","a<b","a<b","R2",1,2,TRUE,12,FALSE,FALSE,4,3,0.143822129159627,TRUE,TRUE,TRUE
1024,0.5,106,"x1","x12","a<b","a<b","transitivity",NA,1,FALSE,18,FALSE,FALSE,4,5,0.0222721346040665,TRUE,TRUE,TRUE
1024,0.5,106,"x1","x13","a<b","a<b","transitivity",NA,1,FALSE,58,FALSE,FALSE,7,10,0.0275539758692808,TRUE,TRUE,TRUE
1024,0.5,106,"x1","x14","a<b","a<b","R1",2,1,TRUE,25,FALSE,FALSE,5,2,0.278230892664967,TRUE,TRUE,TRUE
1024,0.5,106,"x1","x15","a<b","b<a","R2",1,1,TRUE,24,FALSE,FALSE,3,6,0.164332719540578,TRUE,TRUE,FALSE
1024,0.5,106,"x1","x2","a<b","a<b","R1",2,1,TRUE,1,FALSE,FALSE,1,3,0.300479725929477,TRUE,TRUE,TRUE
1024,0.5,106,"x1","x3","none","none","R3",NA,1,FALSE,0,TRUE,FALSE,NA,NA,0.041086063388172,FALSE,FALSE,TRUE
1024,0.5,106,"x1","x4","a<b","a<b","R1",1,1,TRUE,2,TRUE,FALSE,3,7,0.263963444546879,TRUE,TRUE,TRUE
1024,0.5,106,"x1","x5","a<b","b<a","R2",2,1,FALSE,3,TRUE,FALSE,2,3,0.140367483662209,TRUE,TRUE,FALSE
1024,0.5,106,"x1","x6","a<b","NA","unresolved",NA,NA,TRUE,5,TRUE,FALSE,3,6,0.157669395394421,TRUE,FALSE,FALSE
1024,0.5,106,"x1","x7","a<b","a<b","transitivity",NA,1,FALSE,5,TRUE,FALSE,2,2,0.0678701112024738,TRUE,TRUE,TRUE
1024,0.5,106,"x1","x8","a<b","none","R3",NA,2,FALSE,10,FALSE,FALSE,4,4,0.110050625601522,TRUE,FALSE,FALSE
1024,0.5,106,"x1","x9","a<b","a<b","R1",1,1,FALSE,13,FALSE,FALSE,3,5,0.121197275761509,TRUE,TRUE,TRUE
1024,0.5,106,"x10","x11","none","b<a","transitivity",NA,1,FALSE,0,TRUE,TRUE,NA,NA,0.0185380861644397,FALSE,TRUE,FALSE
1024,0.5,106,"x10","x12","a<b","a<b","R1",1,1,TRUE,1,TRUE,TRUE,4,5,0.270317357614626,TRUE,TRUE,TRUE
1024,0.5,106,"x10","x13","a<b","a<b","R1",2,1,TRUE,2,TRUE,TRUE,7,10,0.0796220589142937,TRUE,TRUE,TRUE
1024,0.5,106,"x10","x14","a<b","NA","unresolved",NA,NA,TRUE,1,TRUE,TRUE,5,2,0.334308060420136,TRUE,FALSE,FALSE
1024,0.5,106,"x10","x15","a<b","b<a","transitivity",NA,1,FALSE,1,FALSE,TRUE,3,6,0.0516629478658722,TRUE,TRUE,FALSE
1024,0.5,106,"x11","x12","none","a<b","transitivity",NA,1,FALSE,0,TRUE,TRUE,NA,NA,0.0099869482476599,FALSE,TRUE,FALSE
1024,0.5,106,"x11","x13","none","a<b","transitivity",NA,1,FALSE,0,TRUE,TRUE,NA,NA,0.164558130906375,FALSE,TRUE,FALSE
1024,0.5,106,"x11","x14","none","none","R3",NA,1,FALSE,0,TRUE,TRUE,NA,NA,0.0444171049063053,FALSE,FALSE,TRUE
1024,0.5,106,"x11","x15","none","b<a","transitivity",NA,2,FALSE,0,TRUE,TRUE,NA,NA,0.00118570243759029,FALSE,TRUE,FALSE
1024,0.5,106,"x12","x13","a<b","b<a","R1",1,1,TRUE,1,TRUE,TRUE,7,10,0.122016375133415,TRUE,TRUE,FALSE
1024,0.5,106,"x12","x14","none","none","R3",NA,2,FALSE,0,TRUE,TRUE,NA,NA,0.0609504974176816,FALSE,FALSE,TRUE
1024,0.5,106,"x12","x15","a<b","b<a","transitivity",NA,1,TRUE,1,FALSE,TRUE,3,6,0.195431452414766,TRUE,TRUE,FALSE
1024,0.5,106,"x13","x14","none","none","R3",NA,1,FALSE,0,TRUE,TRUE,NA,NA,0.0277520539304058,FALSE,FALSE,TRUE
1024,0.5,106,"x13","x15","none","b<a","transitivity",NA,1,FALSE,0,TRUE,TRUE,NA,NA,0.0384209784189882,FALSE,TRUE,FALSE
1024,0.5,106,"x14","x15","none","b<a","transitivity",NA,1,FALSE,0,TRUE,TRUE,NA,NA,0.106895862667893,FALSE,TRUE,FALSE
1024,0.5,106,"x2","x10","a<b","a<b","R1",1,1,TRUE,7,TRUE,TRUE,2,7,0.140979291036153,TRUE,TRUE,TRUE
1024,0.5,106,"x2","x11","a<b","b<a","transitivity",NA,1,TRUE,7,TRUE,TRUE,4,3,0.158376858005279,TRUE,TRUE,FALSE
1024,0.5,106,"x2","x12","a<b","a<b","R1",1,1,FALSE,11,FALSE,TRUE,4,5,0.168315606769052,TRUE,TRUE,TRUE
1024,0.5,106,"x2","x13","a<b","a<b","R1",2,1,TRUE,36,FALSE,TRUE,7,10,0.170165448076181,TRUE,TRUE,TRUE
1024,0.5,106,"x2","x14","a<b","b<a","R2",2,1,FALSE,15,TRUE,TRUE,5,2,0.192592780084009,TRUE,TRUE,FALSE
1024,0.5,106,"x2","x15","a<b","b<a","transitivity",NA,1,FALSE,14,TRUE,TRUE,3,6,0.124414963299026,TRUE,TRUE,FALSE
1024,0.5,106,"x2","x3","none","b<a","transitivity",NA,1,FALSE,0,TRUE,FALSE,NA,NA,0.0753697941285458,FALSE,TRUE,FALSE
1024,0.5,106,"x2","x4","a<b","b<a","R1",1,1,TRUE,1,TRUE,TRUE,3,7,0.343925916218096,TRUE,TRUE,FALSE
1024,0.5,106,"x2","x5","a<b","b<a","transitivity",NA,1,TRUE,2,FALSE,TRUE,2,3,0.337326813064277,TRUE,TRUE,FALSE
1024,0.5,106,"x2","x6","a<b","b<a","transitivity",NA,1,TRUE,3,TRUE,TRUE,3,6,0.147053895811007,TRUE,TRUE,FALSE
1024,0.5,106,"x2","x7","a<b","b<a","R1",1,1,FALSE,3,FALSE,TRUE,2,2,0.0533280043297395,TRUE,TRUE,FALSE
1024,0.5,106,"x2","x8","a<b","b<a","transitivity",NA,1,FALSE,6,FALSE,TRUE,4,4,0.107277833094138,TRUE,TRUE,FALSE
1024,0.5,106,"x2","x9","a<b","b<a","R2",2,2,FALSE,8,FALSE,TRUE,3,5,0.105053905246345,TRUE,TRUE,FALSE
1024,0.5,106,"x3","x10","a<b","a<b","transitivity",NA,1,FALSE,5,FALSE,FALSE,2,7,0.0321272557343409,TRUE,TRUE,TRUE
1024,0.5,106,"x3","x11","a<b","a<b","R1",1,1,TRUE,6,FALSE,FALSE,4,3,0.237132809337294,TRUE,TRUE,TRUE
1024,0.5,106,"x3","x12","a<b","a<b","transitivity",NA,1,TRUE,8,FALSE,FALSE,4,5,0.181625165997435,TRUE,TRUE,TRUE
1024,0.5,106,"x3","x13","a<b","a<b","R1",1,1,TRUE,28,FALSE,FALSE,7,10,0.117137052956877,TRUE,TRUE,TRUE
1024,0.5,106,"x3","x14","a<b","a<b","R1",3,2,TRUE,12,FALSE,FALSE,5,2,0.140821401817507,TRUE,TRUE,TRUE
1024,0.5,106,"x3","x15","a<b","NA","unresolved",NA,NA,FALSE,10,FALSE,FALSE,3,6,0.0758320808389317,TRUE,FALSE,FALSE
1024,0.5,106,"x3","x4","a<b","a<b","R2",3,1,TRUE,1,FALSE,FALSE,3,7,0.189899187774334,TRUE,TRUE,TRUE
1024,0.5,106,"x3","x5","a<b","none","R3",NA,1,FALSE,1,FALSE,FALSE,2,3,0.00510507025455092,TRUE,FALSE,FALSE
1024,0.5,106,"x3","x6","a<b","none","R3",NA,1,FALSE,1,FALSE,FALSE,3,6,0.0182373526311031,TRUE,FALSE,FALSE
1024,0.5,106,"x3","x7","a<b","a<b","transitivity",NA,1,FALSE,2,FALSE,FALSE,2,2,0.037401256928101,TRUE,TRUE,TRUE
1024,0.5,106,"x3","x8","a<b","b<a","R2",3,1,TRUE,5,TRUE,FALSE,4,4,0.210276638429273,TRUE,TRUE,FALSE
1024,0.5,106,"x3","x9","a<b","b<a","R2",2,1,TRUE,7,FALSE,FALSE,3,5,0.27074203721754,TRUE,TRUE,FALSE
1024,0.5,106,"x4","x10","a<b","a<b","transitivity",NA,1,FALSE,4,TRUE,TRUE,2,7,0.0281558801847854,TRUE,TRUE,TRUE
1024,0.5,106,"x4","x11","a<b","b<a","R2",2,1,FALSE,4,TRUE,TRUE,4,3,0.184419166222568,TRUE,TRUE,FALSE
1024,0.5,106,"x4","x12","a<b","a<b","transitivity",NA,1,TRUE,6,TRUE,TRUE,4,5,0.195306087765614,TRUE,TRUE,TRUE
1024,0.5,106,"x4","x13","a<b","a<b","R1",1,1,FALSE,21,TRUE,TRUE,7,10,0.144670053909402,TRUE,TRUE,TRUE
1024,0.5,106,"x4","x14","a<b","a<b","R1",1,1,FALSE,9,TRUE,TRUE,5,2,0.139217082442895,TRUE,TRUE,TRUE
1024,0.5,106,"x4","x15","a<b","b<a","R1",1,1,FALSE,8,TRUE,TRUE,3,6,0.135066479071423,TRUE,TRUE,FALSE
1024,0.5,106,"x4","x5","a<b","b<a","R2",1,3,TRUE,1,TRUE,TRUE,2,3,0.412526008378877,TRUE,TRUE,FALSE
1024,0.5,106,"x4","x6","a<b","none","R3",NA,1,FALSE,1,TRUE,TRUE,3,6,0.0653749646398156,TRUE,FALSE,FALSE
1024,0.5,106,"x4","x7","a<b","a<b","R1",2,1,TRUE,2,FALSE,TRUE,2,2,0.363537402429544,TRUE,TRUE,TRUE
1024,0.5,106,"x4","x8","a<b","b<a","R2",2,2,TRUE,4,TRUE,TRUE,4,4,0.358691534703835,TRUE,TRUE,FALSE
1024,0.5,106,"x4","x9","a<b","b<a","R2",2,1,FALSE,5,TRUE,TRUE,3,5,0.270818088746521,TRUE,TRUE,FALSE
1024,0.5,106,"x5","x10","a<b","a<b","transitivity",NA,1,FALSE,2,TRUE,TRUE,2,7,0.00724438810825214,TRUE,TRUE,TRUE
1024,0.5,106,"x5","x11","a<b","a<b","R1",1,1,FALSE,2,TRUE,TRUE,4,3,0.159905599652349,TRUE,TRUE,TRUE
1024,0.5,106,"x5","x12","a<b","a<b","transitivity",NA,1,FALSE,3,TRUE,TRUE,4,5,0.0718967313411352,TRUE,TRUE,TRUE
1024,0.5,106,"x5","x13","a<b","a<b","transitivity",NA,1,FALSE,11,TRUE,TRUE,7,10,0.125825519657877,TRUE,TRUE,TRUE
1024,0.5,106,"x5","x14","a<b","a<b","R1",1,2,TRUE,5,TRUE,TRUE,5,2,0.23222001601506,TRUE,TRUE,TRUE
1024,0.5,106,"x5","x15","a<b","b<a","R1",1,2,FALSE,4,FALSE,TRUE,3,6,0.0935882788975549,TRUE,TRUE,FALSE
1024,0.5,106,"x5","x6","a<b","b<a","R1",1,1,TRUE,1,TRUE,TRUE,3,6,0.19791060294892,TRUE,TRUE,FALSE
1024,0.5,106,"x5","x7","a<b","a<b","R1",3,1,TRUE,1,TRUE,TRUE,2,2,0.367078190987014,TRUE,TRUE,TRUE
1024,0.5,106,"x5","x8","a<b","a<b","R1",2,1,TRUE,2,TRUE,TRUE,4,4,0.389191000528164,TRUE,TRUE,TRUE
1024,0.5,106,"x5","x9","a<b","a<b","R1",1,1,TRUE,3,FALSE,TRUE,3,5,0.418565881892032,TRUE,TRUE,TRUE
1024,0.5,106,"x6","x10","none","a<b","transitivity",NA,1,FALSE,0,TRUE,TRUE,NA,NA,0.0785374340959103,FALSE,TRUE,FALSE
1024,0.5,106,"x6","x11","none","a<b","transitivity",NA,1,FALSE,0,TRUE,TRUE,NA,NA,0.0299949928488872,FALSE,TRUE,FALSE
1024,0.5,106,"x6","x12","a<b","a<b","R1",1,1,TRUE,1,FALSE,TRUE,4,5,0.289086357916821,TRUE,TRUE,TRUE
1024,0.5,106,"x6","x13","a<b","a<b","transitivity",NA,1,FALSE,1,TRUE,TRUE,7,10,0.0822330411974323,TRUE,TRUE,TRUE
1024,0.5,106,"x6","x14","none","a<b","transitivity",NA,2,FALSE,0,TRUE,TRUE,NA,NA,0.0317695393353679,FALSE,TRUE,FALSE
1024,0.5,106,"x6","x15","a<b","none","R3",NA,1,FALSE,1,TRUE,TRUE,3,6,0.00311757182563303,TRUE,FALSE,FALSE
1024,0.5,106,"x6","x7","none","a<b","transitivity",NA,1,FALSE,0,TRUE,TRUE,NA,NA,0.0721797341795045,FALSE,TRUE,FALSE
1024,0.5,106,"x6","x8","none","a<b","R1",1,1,FALSE,0,TRUE,TRUE,NA,NA,0.124159459649317,FALSE,TRUE,FALSE
1024,0.5,106,"x6","x9","none","a<b","transitivity",NA,1,FALSE,0,TRUE,TRUE,NA,NA,0.11771195179332,FALSE,TRUE,FALSE
1024,0.5,106,"x7","x10","a<b","a<b","transitivity",NA,1,FALSE,1,TRUE,TRUE,2,7,0.103735811712711,TRUE,TRUE,TRUE
1024,0.5,106,"x7","x11","a<b","b<a","R1",1,1,FALSE,1,FALSE,TRUE,4,3,0.162903149402569,TRUE,TRUE,FALSE
1024,0.5,106,"x7","x12","a<b","a<b","transitivity",NA,1,FALSE,1,TRUE,TRUE,4,5,0.0868781819564673,TRUE,TRUE,TRUE
1024,0.5,106,"x7","x13","a<b","a<b","transitivity",NA,1,TRUE,5,FALSE,TRUE,7,10,0.243492587658153,TRUE,TRUE,TRUE
1024,0.5,106,"x7","x14","a<b","none","R3",NA,1,FALSE,2,TRUE,TRUE,5,2,0.0101717850587753,TRUE,FALSE,FALSE
1024,0.5,106,"x7","x15","a<b","b<a","transitivity",NA,1,TRUE,2,FALSE,TRUE,3,6,0.187852641051325,TRUE,TRUE,FALSE
1024,0.5,106,"x7","x8","a<b","b<a","R1",2,1,TRUE,1,TRUE,TRUE,4,4,0.439668561834586,TRUE,TRUE,FALSE
1024,0.5,106,"x7","x9","a<b","b<a","R2",2,1,FALSE,1,TRUE,TRUE,3,5,0.240437204119897,TRUE,TRUE,FALSE
1024,0.5,106,"x8","x10","a<b","a<b","transitivity",NA,1,TRUE,1,FALSE,TRUE,2,7,0.212003066812981,TRUE,TRUE,TRUE
1024,0.5,106,"x8","x11","a<b","a<b","R1",1,1,TRUE,1,TRUE,TRUE,4,3,0.352608541558422,TRUE,TRUE,TRUE
1024,0.5,106,"x8","x12","a<b","a<b","transitivity",NA,1,FALSE,1,TRUE,TRUE,4,5,0.0115023827482262,TRUE,TRUE,TRUE
1024,0.5,106,"x8","x13","a<b","a<b","transitivity",NA,1,TRUE,4,TRUE,TRUE,7,10,0.162088386568218,TRUE,TRUE,TRUE
1024,0.5,106,"x8","x14","a<b","NA","unresolved",NA,NA,TRUE,2,TRUE,TRUE,5,2,0.165016716091697,TRUE,FALSE,FALSE
1024,0.5,106,"x8","x15","a<b","b<a","transitivity",NA,2,FALSE,1,TRUE,TRUE,3,6,0.0502331751473078,TRUE,TRUE,FALSE
1024,0.5,106,"x8","x9","a<b","a<b","R2",4,1,TRUE,1,TRUE,TRUE,3,5,0.478164331913209,TRUE,TRUE,TRUE
1024,0.5,106,"x9","x10","none","none","R3",NA,2,FALSE,0,TRUE,TRUE,NA,NA,0.086999192956337,FALSE,FALSE,TRUE
1024,0.5,106,"x9","x11","none","a<b","R2",1,1,FALSE,0,TRUE,TRUE,NA,NA,0.238789019710612,FALSE,TRUE,FALSE
1024,0.5,106,"x9","x12","none","none","R3",NA,1,FALSE,0,TRUE,TRUE,NA,NA,0.0352371017603203,FALSE,FALSE,TRUE
1024,0.5,106,"x9","x13","a<b","none","R3",NA,1,TRUE,1,TRUE,TRUE,7,10,0.017157301122788,TRUE,FALSE,FALSE
1024,0.5,106,"x9","x14","none","none","R3",NA,1,FALSE,0,TRUE,TRUE,NA,NA,0.0849195305732813,FALSE,FALSE,TRUE
1024,0.5,106,"x9","x15","none","b<a","transitivity",NA,2,FALSE,0,FALSE,TRUE,NA,NA,0.0764616786658564,FALSE,TRUE,FALSE
1024,0.5,107,"x1","x10","a<b","none","R3",NA,1,FALSE,7,TRUE,FALSE,3,6,0.0684593944005941,TRUE,FALSE,FALSE
1024,0.5,107,"x1","x11","a<b","a<b","transitivity",NA,1,FALSE,5,TRUE,FALSE,4,4,0.000542576621606491,TRUE,TRUE,TRUE
1024,0.5,107,"x1","x12","a<b","a<b","R1",1,1,FALSE,8,TRUE,FALSE,5,4,0.15114805169754,TRUE,TRUE,TRUE
1024,0.5,107,"x1","x13","a<b","a<b","R1",1,1,TRUE,26,TRUE,FALSE,9,5,0.178451124637897,TRUE,TRUE,TRUE
1024,0.5,107,"x1","x14","a<b","a<b","R1",1,1,FALSE,32,FALSE,FALSE,5,5,0.107485214025774,TRUE,TRUE,TRUE
1024,0.5,107,"x1","x15","a<b","b<a","transitivity",NA,1,TRUE,38,FALSE,FALSE,7,3,0.0258633212736088,TRUE,TRUE,FALSE
1024,0.5,107,"x1","x2","none","b<a","transitivity",NA,1,FALSE,0,TRUE,FALSE,NA,NA,0.0571509379259596,FALSE,TRUE,FALSE
1024,0.5,107,"x1","x3","none","a<b","transitivity",NA,1,FALSE,0,FALSE,FALSE,NA,NA,0.00945822589371252,FALSE,TRUE,FALSE
1024,0.5,107,"x1","x4","a<b","a<b","R1",3,1,TRUE,1,TRUE,FALSE,1,3,0.387162591343356,TRUE,TRUE,TRUE
1024,0.5,107,"x1","x5","a<b","a<b","R1",2,1,TRUE,1,FALSE,FALSE,2,1,0.354890133790545,TRUE,TRUE,TRUE
1024,0.5,107,"x1","x6","a<b","b<a","R1",2,1,FALSE,2,TRUE,FALSE,3,6,0.162038814637669,TRUE,TRUE,FALSE
1024,0.5,107,"x1","x7","a<b","a<b","R1",2,1,FALSE,1,TRUE,FALSE,2,3,0.15091742291279,TRUE,TRUE,TRUE
1024,0.5,107,"x1","x8","a<b","a<b","R1",3,1,TRUE,3,TRUE,FALSE,3,7,0.290644012536289,TRUE,TRUE,TRUE
1024,0.5,107,"x1","x9","a<b","a<b","R1",2,1,TRUE,4,FALSE,FALSE,4,3,0.28401129085522,TRUE,TRUE,TRUE
1024,0.5,107,"x10","x11","none","a<b","transitivity",NA,2,FALSE,0,TRUE,TRUE,NA,NA,0.0316011509472394,FALSE,TRUE,FALSE
1024,0.5,107,"x10","x12","none","none","R3",NA,1,FALSE,0,TRUE,TRUE,NA,NA,0.0127780934807602,FALSE,FALSE,TRUE
1024,0.5,107,"x10","x13","a<b","none","R3",NA,2,TRUE,1,TRUE,TRUE,9,5,0.111831287325805,TRUE,FALSE,FALSE
1024,0.5,107,"x10","x14","a<b","none","R3",NA,1,FALSE,1,TRUE,TRUE,5,5,0.00572886797215907,TRUE,FALSE,FALSE
1024,0.5,107,"x10","x15","a<b","b<a","R1",1,1,TRUE,2,TRUE,TRUE,7,3,0.243474711762446,TRUE,TRUE,FALSE
1024,0.5,107,"x11","x12","a<b","b<a","R1",1,2,TRUE,1,TRUE,TRUE,5,4,0.175751543414121,TRUE,TRUE,FALSE
1024,0.5,107,"x11","x13","a<b","b<a","transitivity",NA,2,TRUE,2,TRUE,TRUE,9,5,0.129640447191443,TRUE,TRUE,FALSE
1024,0.5,107,"x11","x14","a<b","none","R3",NA,1,FALSE,2,TRUE,TRUE,5,5,0.0622976885137237,TRUE,FALSE,FALSE
1024,0.5,107,"x11","x15","a<b","b<a","transitivity",NA,1,FALSE,2,TRUE,TRUE,7,3,0.0147903449302073,TRUE,TRUE,FALSE
1024,0.5,107,"x12","x13","a<b","b<a","R1",1,1,TRUE,1,TRUE,TRUE,9,5,0.155841401764441,TRUE,TRUE,FALSE
1024,0.5,107,"x12","x14","a<b","a<b","R2",1,1,FALSE,1,TRUE,TRUE,5,5,0.124509502832015,TRUE,TRUE,TRUE
1024,0.5,107,"x12","x15","a<b","b<a","transitivity",NA,1,FALSE,1,TRUE,TRUE,7,3,0.00358809082703277,TRUE,TRUE,FALSE
1024,0.5,107,"x13","x14","a<b","a<b","R2",1,1,TRUE,1,TRUE,TRUE,5,5,0.233078905150516,TRUE,TRUE,TRUE
1024,0.5,107,"x13","x15","a<b","b<a","transitivity",NA,1,TRUE,1,TRUE,TRUE,7,3,0.247315253642576,TRUE,TRUE,FALSE
1024,0.5,107,"x14","x15","none","b<a","transitivity",NA,1,FALSE,0,TRUE,TRUE,NA,NA,0.0287423404311002,FALSE,TRUE,FALSE
1024,0.5,107,"x2","x10","a<b","none","R3",NA,1,FALSE,7,TRUE,FALSE,3,6,0.0510717111353539,TRUE,FALSE,FALSE
1024,0.5,107,"x2","x11","a<b","a<b","transitivity",NA,1,TRUE,6,FALSE,FALSE,4,4,0.0670958341496004,TRUE,TRUE,TRUE
1024,0.5,107,"x2","x12","a<b","a<b","R1",2,1,TRUE,9,TRUE,FALSE,5,4,0.134504350672442,TRUE,TRUE,TRUE
1024,0.5,107,"x2","x13","a<b","a<b","transitivity",NA,1,FALSE,27,FALSE,FALSE,9,5,0.0323798669019068,TRUE,TRUE,TRUE
1024,0.5,107,"x2","x14","a<b","a<b","R1",1,1,FALSE,32,FALSE,FALSE,5,5,0.0612942257559866,TRUE,TRUE,TRUE
1024,0.5,107,"x2","x15","a<b","b<a","R1",1,1,TRUE,37,FALSE,FALSE,7,3,0.27038061231198,TRUE,TRUE,FALSE
1024,0.5,107,"x2","x3","a<b","a<b","R1",3,1,TRUE,1,TRUE,FALSE,1,2,0.389197929815886,TRUE,TRUE,TRUE
1024,0.5,107,"x2","x4","none","a<b","transitivity",NA,1,FALSE,0,TRUE,FALSE,NA,NA,0.0207934943497549,FALSE,TRUE,FALSE
1024,0.5,107,"x2","x5","a<b","a<b","R1",1,1,TRUE,1,FALSE,FALSE,2,1,0.353875316079337,TRUE,TRUE,TRUE
1024,0.5,107,"x2","x6","a<b","a<b","R1",1,1,TRUE,2,TRUE,FALSE,3,6,0.0694052675139562,TRUE,TRUE,TRUE
1024,0.5,107,"x2","x7","a<b","a<b","transitivity",NA,1,FALSE,1,TRUE,FALSE,2,3,0.147141956607856,TRUE,TRUE,TRUE
1024,0.5,107,"x2","x8","a<b","a<b","transitivity",NA,1,FALSE,1,FALSE,FALSE,3,7,0.0790005376300652,TRUE,TRUE,TRUE
1024,0.5,107,"x2","x9","a<b","a<b","transitivity",NA,1,FALSE,4,FALSE,FALSE,4,3,0.0136304147606632,TRUE,TRUE,TRUE
1024,0.5,107,"x3","x10","a<b","a<b","R2",1,1,FALSE,3,FALSE,TRUE,3,6,0.0832348377164862,TRUE,TRUE,TRUE
1024,0.5,107,"x3","x11","a<b","a<b","R1",1,1,TRUE,3,TRUE,TRUE,4,4,0.0886820389724598,TRUE,TRUE,TRUE
1024,0.5,107,"x3","x12","a<b","none","R3",NA,1,FALSE,4,TRUE,TRUE,5,4,0.0417361621940274,TRUE,FALSE,FALSE
1024,0.5,107,"x3","x13","a<b","b<a","R2",1,1,TRUE,12,FALSE,TRUE,9,5,0.0804742053918799,TRUE,TRUE,FALSE
1024,0.5,107,"x3","x14","a<b","a<b","R1",1,1,TRUE,14,FALSE,TRUE,5,5,0.186948650497048,TRUE,TRUE,TRUE
1024,0.5,107,"x3","x15","a<b","b<a","transitivity",NA,1,TRUE,17,TRUE,TRUE,7,3,0.286819687713166,TRUE,TRUE,FALSE
1024,0.5,107,"x3","x4","none","b<a","transitivity",NA,1,FALSE,0,FALSE,FALSE,NA,NA,0.0301030112653231,FALSE,TRUE,FALSE
1024,0.5,107,"x3","x5","none","b<a","R1",1,1,FALSE,0,TRUE,TRUE,NA,NA,0.168893703053185,FALSE,TRUE,FALSE
1024,0.5,107,"x3","x6","none","b<a","transitivity",NA,1,FALSE,0,TRUE,TRUE,NA,NA,0.059033754995284,FALSE,TRUE,FALSE
1024,0.5,107,"x3","x7","a<b","a<b","R1",1,1,TRUE,1,FALSE,FALSE,2,3,0.353038486799723,TRUE,TRUE,TRUE
1024,0.5,107,"x3","x8","a<b","b<a","transitivity",NA,1,FALSE,1,FALSE,FALSE,3,7,0.0803355500846826,TRUE,TRUE,FALSE
1024,0.5,107,"x3","x9","a<b","a<b","R2",1,1,TRUE,2,FALSE,TRUE,4,3,0.117444470922717,TRUE,TRUE,TRUE
1024,0.5,107,"x4","x10","a<b","a<b","R2",1,1,FALSE,4,TRUE,TRUE,3,6,0.108034589231303,TRUE,TRUE,TRUE
1024,0.5,107,"x4","x11","a<b","a<b","transitivity",NA,1,TRUE,3,FALSE,TRUE,4,4,0.103049778964528,TRUE,TRUE,TRUE
1024,0.5,107,"x4","x12","a<b","b<a","R2",1,1,TRUE,5,TRUE,TRUE,5,4,0.159704404956875,TRUE,TRUE,FALSE
1024,0.5,107,"x4","x13","a<b","b<a","R2",2,1,TRUE,15,TRUE,TRUE,9,5,0.262134077880324,TRUE,TRUE,FALSE
1024,0.5,107,"x4","x14","a<b","a<b","R1",1,1,FALSE,18,FALSE,TRUE,5,5,0.101817294025556,TRUE,TRUE,TRUE
1024,0.5,107,"x4","x15","a<b","b<a","transitivity",NA,1,TRUE,22,TRUE,TRUE,7,3,0.215266253218627,TRUE,TRUE,FALSE
1024,0.5,107,"x4","x5","none","a<b","transitivity",NA,1,FALSE,0,TRUE,TRUE,NA,NA,0.109680222989496,FALSE,TRUE,FALSE
1024,0.5,107,"x4","x6","a<b","b<a","transitivity",NA,1,TRUE,1,FALSE,TRUE,3,6,0.299415911295632,TRUE,TRUE,FALSE
1024,0.5,107,"x4","x7","a<b","a<b","R1",2,1,TRUE,1,FALSE,FALSE,2,3,0.306436987906688,TRUE,TRUE,TRUE
1024,0.5,107,"x4","x8","a<b","a<b","R1",2,1,TRUE,2,TRUE,TRUE,3,7,0.279422929720859,TRUE,TRUE,TRUE
1024,0.5,107,"x4","x9","a<b","a<b","R2",1,1,FALSE,2,TRUE,TRUE,4,3,0.237603431238933,TRUE,TRUE,TRUE
1024,0.5,107,"x5","x10","a<b","none","R3",NA,1,FALSE,2,FALSE,TRUE,3,6,0.0356134557446114,TRUE,FALSE,FALSE
1024,0.5,107,"x5","x11","a<b","a<b","transitivity",NA,1,FALSE,1,TRUE,TRUE,4,4,0.0754012332968679,TRUE,TRUE,TRUE
1024,0.5,107,"x5","x12","a<b","NA","unresolved",NA,NA,TRUE,2,TRUE,TRUE,5,4,0.212648627086612,TRUE,FALSE,FALSE
1024,0.5,107,"x5","x13","a<b","b<a","R2",2,2,TRUE,7,TRUE,TRUE,9,5,0.138016328062298,TRUE,TRUE,FALSE
1024,0.5,107,"x5","x14","a<b","a<b","R1",1,1,TRUE,9,FALSE,TRUE,5,5,0.311658427991611,TRUE,TRUE,TRUE
1024,0.5,107,"x5","x15","a<b","b<a","transitivity",NA,1,FALSE,9,TRUE,TRUE,7,3,0.0487636743747434,TRUE,TRUE,FALSE
1024,0.5,107,"x5","x6","a<b","b<a","R1",2,1,TRUE,1,TRUE,TRUE,3,6,0.226318871897363,TRUE,TRUE,FALSE
1024,0.5,107,"x5","x7","none","a<b","transitivity",NA,1,FALSE,0,FALSE,TRUE,NA,NA,0.056913705021367,FALSE,TRUE,FALSE
1024,0.5,107,"x5","x8","none","b<a","R1",1,1,FALSE,0,TRUE,TRUE,NA,NA,0.182482990015249,FALSE,TRUE,FALSE
1024,0.5,107,"x5","x9","a<b","a<b","R2",1,1,FALSE,1,TRUE,TRUE,4,3,0.131715062630184,TRUE,TRUE,TRUE
1024,0.5,107,"x6","x10","a<b","a<b","R2",2,1,TRUE,2,TRUE,TRUE,3,6,0.112907394403151,TRUE,TRUE,TRUE
1024,0.5,107,"x6","x11","a<b","a<b","transitivity",NA,1,FALSE,1,TRUE,TRUE,4,4,0.0398213253305028,TRUE,TRUE,TRUE
1024,0.5,107,"x6","x12","a<b","a<b","transitivity",NA,1,FALSE,1,TRUE,TRUE,5,4,0.0912375567633572,TRUE,TRUE,TRUE
1024,0.5,107,"x6","x13","a<b","a<b","R1",2,1,TRUE,5,TRUE,TRUE,9,5,0.268517561356981,TRUE,TRUE,TRUE
1024,0.5,107,"x6","x14","a<b","a<b","R1",2,1,TRUE,6,TRUE,TRUE,5,5,0.216387248102244,TRUE,TRUE,TRUE
1024,0.5,107,"x6","x15","a<b","b<a","transitivity",NA,1,FALSE,7,TRUE,TRUE,7,3,0.0953617148577618,TRUE,TRUE,FALSE
1024,0.5,107,"x6","x7","none","a<b","transitivity",NA,1,FALSE,0,TRUE,TRUE,NA,NA,0.143082274583354,FALSE,TRUE,FALSE
1024,0.5,107,"x6","x8","none","a<b","transitivity",NA,1,FALSE,0,TRUE,TRUE,NA,NA,0.109000409322033,FALSE,TRUE,FALSE
1024,0.5,107,"x6","x9","a<b","a<b","transitivity",NA,1,TRUE,1,TRUE,TRUE,4,3,0.309684124568171,TRUE,TRUE,TRUE
1024,0.5,107,"x7","x10","a<b","b<a","transitivity",NA,1,TRUE,2,TRUE,TRUE,3,6,0.362551775002925,TRUE,TRUE,FALSE
1024,0.5,107,"x7","x11","a<b","none","R3",NA,1,FALSE,1,TRUE,TRUE,4,4,0.0760229923472661,TRUE,FALSE,FALSE
1024,0.5,107,"x7","x12","a<b","b<a","R1",1,2,TRUE,2,TRUE,TRUE,5,4,0.102840153878258,TRUE,TRUE,FALSE
1024,0.5,107,"x7","x13","a<b","b<a","transitivity",NA,1,TRUE,6,TRUE,TRUE,9,5,0.15731670936046,TRUE,TRUE,FALSE
1024,0.5,107,"x7","x14","a<b","none","R3",NA,1,FALSE,7,TRUE,TRUE,5,5,0.0105887996818192,TRUE,FALSE,FALSE
1024,0.5,107,"x7","x15","a<b","b<a","transitivity",NA,1,FALSE,9,TRUE,TRUE,7,3,0.127484230710166,TRUE,TRUE,FALSE
1024,0.5,107,"x7","x8","a<b","b<a","transitivity",NA,1,TRUE,1,TRUE,TRUE,3,7,0.116559124650449,TRUE,TRUE,FALSE
1024,0.5,107,"x7","x9","a<b","b<a","R1",1,1,TRUE,1,TRUE,TRUE,4,3,0.212905975227308,TRUE,TRUE,FALSE
1024,0.5,107,"x8","x10","none","none","R3",NA,1,FALSE,0,TRUE,TRUE,NA,NA,0.00938856494286223,FALSE,FALSE,TRUE
1024,0.5,107,"x8","x11","none","a<b","transitivity",NA,1,FALSE,0,TRUE,TRUE,NA,NA,0.0181819179959657,FALSE,TRUE,FALSE
1024,0.5,107,"x8","x12","none","none","R3",NA,2,FALSE,0,TRUE,TRUE,NA,NA,0.0994687435060795,FALSE,FALSE,TRUE
1024,0.5,107,"x8","x13","none","none","R3",NA,1,FALSE,0,TRUE,TRUE,NA,NA,0.014872313200558,FALSE,FALSE,TRUE
1024,0.5,107,"x8","x14","a<b","a<b","R1",2,1,TRUE,1,TRUE,TRUE,5,5,0.239399055660007,TRUE,TRUE,TRUE
1024,0.5,107,"x8","x15","a<b","b<a","transitivity",NA,1,TRUE,1,TRUE,TRUE,7,3,0.252459687255847,TRUE,TRUE,FALSE
1024,0.5,107,"x8","x9","none","none","R3",NA,1,FALSE,0,TRUE,TRUE,NA,NA,0.0834905958626594,FALSE,FALSE,TRUE
1024,0.5,107,"x9","x10","a<b","b<a","R1",2,1,TRUE,1,TRUE,TRUE,3,6,0.237212190547989,TRUE,TRUE,FALSE
1024,0.5,107,"x9","x11","a<b","a<b","R1",1,2,TRUE,1,TRUE,TRUE,4,4,0.187806358539501,TRUE,TRUE,TRUE
1024,0.5,107,"x9","x12","a<b","none","R3",NA,1,FALSE,1,TRUE,TRUE,5,4,0.0132803005973285,TRUE,FALSE,FALSE
1024,0.5,107,"x9","x13","a<b","b<a","R1",1,1,FALSE,3,TRUE,TRUE,9,5,0.242383147417208,TRUE,TRUE,FALSE
1024,0.5,107,"x9","x14","a<b","none","R3",NA,1,FALSE,3,TRUE,TRUE,5,5,0.0150979031910419,TRUE,FALSE,FALSE
1024,0.5,107,"x9","x15","a<b","b<a","transitivity",NA,1,FALSE,4,TRUE,TRUE,7,3,0.00311453019496301,TRUE,TRUE,FALSE
1024,0.5,108,"x1","x10","a<b","a<b","R1",2,1,TRUE,2,TRUE,FALSE,2,4,0.318131489407552,TRUE,TRUE,TRUE
1024,0.5,108,"x1","x11","a<b","a<b","transitivity",NA,2,TRUE,1,TRUE,FALSE,4,10,0.117534273547315,TRUE,TRUE,TRUE
1024,0.5,108,"x1","x12","a<b","a<b","transitivity",NA,1,FALSE,2,TRUE,FALSE,4,4,0.00118129908903891,TRUE,TRUE,TRUE
1024,0.5,108,"x1","x13","a<b","a<b","transitivity",NA,1,FALSE,4,TRUE,FALSE,6,5,0.00930127392050322,TRUE,TRUE,TRUE
1024,0.5,108,"x1","x14","a<b","a<b","R1",1,1,TRUE,2,FALSE,FALSE,6,4,0.206623628608038,TRUE,TRUE,TRUE
1024,0.5,108,"x1","x15","a<b","b<a","R2",4,1,TRUE,7,TRUE,FALSE,6,12,0.208949328067764,TRUE,TRUE,FALSE
1024,0.5,108,"x1","x2","none","none","R3",NA,1,FALSE,0,TRUE,FALSE,NA,NA,0.00124932342716231,FALSE,FALSE,TRUE
1024,0.5,108,"x1","x3","none","a<b","transitivity",NA,1,FALSE,0,TRUE,FALSE,NA,NA,0.00557979174392593,FALSE,TRUE,FALSE
1024,0.5,108,"x1","x4","none","a<b","transitivity",NA,1,FALSE,0,TRUE,FALSE,NA,NA,0.00933050772125575,FALSE,TRUE,FALSE
1024,0.5,108,"x1","x5","none","none","R3",NA,1,FALSE,0,TRUE,FALSE,NA,NA,0.0227973674079216,FALSE,FALSE,TRUE
1024,0.5,108,"x1","x6","none","none","R3",NA,1,FALSE,0,TRUE,FALSE,NA,NA,0.0210318411300885,FALSE,FALSE,TRUE
1024,0.5,108,"x1","x7","a<b","a<b","R1",2,1,TRUE,1,FALSE,FALSE,3,10,0.202238719797736,TRUE,TRUE,TRUE
1024,0.5,108,"x1","x8","a<b","none","R3",NA,1,FALSE,1,FALSE,FALSE,4,3,0.0593885072946356,TRUE,FALSE,FALSE
1024,0.5,108,"x1","x9","none","none","R3",NA,1,FALSE,0,FALSE,FALSE,NA,NA,0.0519366457111711,FALSE,FALSE,TRUE
1024,0.5,108,"x10","x11","none","a<b","transitivity",NA,2,FALSE,0,TRUE,TRUE,NA,NA,0.000600567450457585,FALSE,TRUE,FALSE
1024,0.5,108,"x10","x12","none","a<b","transitivity",NA,1,FALSE,0,TRUE,TRUE,NA,NA,0.0566729960884421,FALSE,TRUE,FALSE
1024,0.5,108,"x10","x13","a<b","a<b","transitivity",NA,1,TRUE,1,TRUE,TRUE,6,5,0.0602231712935538,TRUE,TRUE,TRUE
1024,0.5,108,"x10","x14","none","none","R3",NA,1,FALSE,0,TRUE,TRUE,NA,NA,0.0203726321778036,FALSE,FALSE,TRUE
1024,0.5,108,"x10","x15","a<b","none","R3",NA,1,FALSE,1,TRUE,TRUE,6,12,0.0501570975410938,TRUE,FALSE,FALSE
1024,0.5,108,"x11","x12","a<b","b<a","transitivity",NA,2,TRUE,1,TRUE,TRUE,4,4,0.230163332088413,TRUE,TRUE,FALSE
1024,0.5,108,"x11","x13","none","none","R3",NA,1,FALSE,0,TRUE,TRUE,NA,NA,0.0639407402701641,FALSE,FALSE,TRUE
1024,0.5,108,"x11","x14","none","b<a","transitivity",NA,2,FALSE,0,TRUE,TRUE,NA,NA,0.0408138312015778,FALSE,TRUE,FALSE
1024,0.5,108,"x11","x15","none","b<a","transitivity",NA,2,FALSE,0,TRUE,TRUE,NA,NA,0.0426335841493085,FALSE,TRUE,FALSE
1024,0.5,108,"x12","x13","none","a<b","transitivity",NA,1,FALSE,0,TRUE,TRUE,NA,NA,0.0340588442707967,FALSE,TRUE,FALSE
1024,0.5,108,"x12","x14","none","b<a","transitivity",NA,2,FALSE,0,TRUE,TRUE,NA,NA,0.0509290398996752,FALSE,TRUE,FALSE
1024,0.5,108,"x12","x15","none","b<a","transitivity",NA,2,FALSE,0,TRUE,TRUE,NA,NA,0.060626686664881,FALSE,TRUE,FALSE
1024,0.5,108,"x13","x14","none","b<a","transitivity",NA,2,FALSE,0,TRUE,TRUE,NA,NA,0.0341558535760498,FALSE,TRUE,FALSE
1024,0.5,108,"x13","x15","a<b","b<a","transitivity",NA,2,TRUE,1,TRUE,TRUE,6,12,0.1690259672933,TRUE,TRUE,FALSE
1024,0.5,108,"x14","x15","a<b","b<a","R1",1,1,TRUE,1,TRUE,TRUE,6,12,0.133241224835312,TRUE,TRUE,FALSE
1024,0.5,108,"x2","x10","a<b","a<b","transitivity",NA,1,FALSE,3,FALSE,FALSE,2,4,0.0820655307106967,TRUE,TRUE,TRUE
1024,0.5,108,"x2","x11","a<b","a<b","transitivity",NA,2,TRUE,1,TRUE,FALSE,4,10,0.13447531857889,TRUE,TRUE,TRUE
1024,0.5,108,"x2","x12","a<b","a<b","transitivity",NA,1,FALSE,2,FALSE,FALSE,4,4,0.0367898359044373,TRUE,TRUE,TRUE
1024,0.5,108,"x2","x13","a<b","a<b","transitivity",NA,1,FALSE,8,TRUE,FALSE,6,5,0.0421020045966281,TRUE,TRUE,TRUE
1024,0.5,108,"x2","x14","a<b","b<a","R2",1,1,TRUE,5,TRUE,FALSE,6,4,0.149175191082687,TRUE,TRUE,FALSE
1024,0.5,108,"x2","x15","a<b","none","R3",NA,1,FALSE,14,TRUE,FALSE,6,12,0.00654975538360408,TRUE,FALSE,FALSE
1024,0.5,108,"x2","x3","none","a<b","transitivity",NA,1,FALSE,0,TRUE,FALSE,NA,NA,0.0260684521332902,FALSE,TRUE,FALSE
1024,0.5,108,"x2","x4","none","a<b","transitivity",NA,1,FALSE,0,TRUE,FALSE,NA,NA,0.0228007772852512,FALSE,TRUE,FALSE
1024,0.5,108,"x2","x5","a<b","a<b","transitivity",NA,1,TRUE,1,FALSE,FALSE,1,8,0.215695548867762,TRUE,TRUE,TRUE
1024,0.5,108,"x2","x6","none","none","R3",NA,1,FALSE,0,FALSE,FALSE,NA,NA,0.0226714230798301,FALSE,FALSE,TRUE
1024,0.5,108,"x2","x7","a<b","a<b","transitivity",NA,1,FALSE,1,TRUE,FALSE,3,10,0.0255129480390434,TRUE,TRUE,TRUE
1024,0.5,108,"x2","x8","a<b","a<b","R1",1,1,TRUE,3,FALSE,FALSE,4,3,0.252536949327577,TRUE,TRUE,TRUE
1024,0.5,108,"x2","x9","a<b","none","R3",NA,1,FALSE,1,FALSE,FALSE,1,6,0.0314040836950533,TRUE,FALSE,FALSE
1024,0.5,108,"x3","x10","none","b<a","transitivity",NA,1,FALSE,0,FALSE,FALSE,NA,NA,0.0112020877189189,FALSE,TRUE,FALSE
1024,0.5,108,"x3","x11","a<b","a<b","R1",1,2,TRUE,1,TRUE,FALSE,4,10,0.150143620241992,TRUE,TRUE,TRUE
1024,0.5,108,"x3","x12","a<b","b<a","R1",1,1,TRUE,2,FALSE,FALSE,4,4,0.200645726250859,TRUE,TRUE,FALSE
1024,0.5,108,"x3","x13","a<b","a<b","R1",1,1,TRUE,1,FALSE,FALSE,6,5,0.184944131433025,TRUE,TRUE,TRUE
1024,0.5,108,"x3","x14","none","b<a","transitivity",NA,2,FALSE,0,TRUE,FALSE,NA,NA,0.0302240497600981,FALSE,TRUE,FALSE
1024,0.5,108,"x3","x15","a<b","b<a","R1",1,2,TRUE,2,TRUE,FALSE,6,12,0.0871681389757155,TRUE,TRUE,FALSE
1024,0.5,108,"x3","x4","none","b<a","transitivity",NA,1,FALSE,0,TRUE,FALSE,NA,NA,0.0218006816992845,FALSE,TRUE,FALSE
1024,0.5,108,"x3","x5","none","none","R3",NA,1,FALSE,0,TRUE,FALSE,NA,NA,0.0256202864128591,FALSE,FALSE,TRUE
1024,0.5,108,"x3","x6","none","b<a","transitivity",NA,1,FALSE,0,FALSE,FALSE,NA,NA,0.0327588479654683,FALSE,TRUE,FALSE
1024,0.5,108,"x3","x7","none","b<a","transitivity",NA,1,FALSE,0,TRUE,FALSE,NA,NA,0.00439105990580383,FALSE,TRUE,FALSE
1024,0.5,108,"x3","x8","none","b<a","transitivity",NA,1,FALSE,0,FALSE,FALSE,NA,NA,0.00387868128964352,FALSE,TRUE,FALSE
1024,0.5,108,"x3","x9","none","b<a","transitivity",NA,2,FALSE,0,TRUE,FALSE,NA,NA,0.0216328373629308,FALSE,TRUE,FALSE
1024,0.5,108,"x4","x10","a<b","b<a","transitivity",NA,1,FALSE,1,TRUE,FALSE,2,4,0.0189762169752973,TRUE,TRUE,FALSE
1024,0.5,108,"x4","x11","none","a<b","transitivity",NA,2,FALSE,0,TRUE,FALSE,NA,NA,0.0157705404831531,FALSE,TRUE,FALSE
1024,0.5,108,"x4","x12","a<b","a<b","R1",2,1,TRUE,2,FALSE,FALSE,4,4,0.299640548910712,TRUE,TRUE,TRUE
1024,0.5,108,"x4","x13","a<b","a<b","transitivity",NA,1,FALSE,3,TRUE,FALSE,6,5,0.0604552055131842,TRUE,TRUE,TRUE
1024,0.5,108,"x4","x14","a<b","b<a","R1",1,2,TRUE,2,FALSE,FALSE,6,4,0.221405558552365,TRUE,TRUE,FALSE
1024,0.5,108,"x4","x15","a<b","b<a","transitivity",NA,2,FALSE,5,TRUE,FALSE,6,12,0.0142859791435401,TRUE,TRUE,FALSE
1024,0.5,108,"x4","x5","none","none","R3",NA,1,FALSE,0,TRUE,FALSE,NA,NA,0.0058658172629614,FALSE,FALSE,TRUE
1024,0.5,108,"x4","x6","none","b<a","transitivity",NA,1,FALSE,0,TRUE,FALSE,NA,NA,0.0475034887442948,FALSE,TRUE,FALSE
1024,0.5,108,"x4","x7","a<b","b<a","R1",2,1,TRUE,1,TRUE,FALSE,3,10,0.210475237072959,TRUE,TRUE,FALSE
1024,0.5,108,"x4","x8","a<b","b<a","transitivity",NA,1,FALSE,1,TRUE,FALSE,4,3,0.0015714919697674,TRUE,TRUE,FALSE
1024,0.5,108,"x4","x9","none","b<a","transitivity",NA,2,FALSE,0,FALSE,FALSE,NA,NA,0.0193684809529481,FALSE,TRUE,FALSE
1024,0.5,108,"x5","x10","a<b","none","R3",NA,1,FALSE,2,FALSE,TRUE,2,4,0.0881047093964041,TRUE,FALSE,FALSE
1024,0.5,108,"x5","x11","none","none","R3",NA,1,FALSE,0,TRUE,TRUE,NA,NA,0.0374036588558339,FALSE,FALSE,TRUE
1024,0.5,108,"x5","x12","a<b","none","R3",NA,1,FALSE,1,FALSE,TRUE,4,4,0.0100353831160645,TRUE,FALSE,FALSE
1024,0.5,108,"x5","x13","a<b","none","R3",NA,2,FALSE,6,TRUE,TRUE,6,5,0.0775836412704695,TRUE,FALSE,FALSE
1024,0.5,108,"x5","x14","a<b","none","R3",NA,1,FALSE,3,TRUE,TRUE,6,4,0.0668958520954575,TRUE,FALSE,FALSE
1024,0.5,108,"x5","x15","a<b","b<a","R1",1,1,TRUE,10,TRUE,TRUE,6,12,0.16693489388411,TRUE,TRUE,FALSE
1024,0.5,108,"x5","x6","none","b<a","transitivity",NA,1,FALSE,0,FALSE,FALSE,NA,NA,0.00530521355128718,FALSE,TRUE,FALSE
1024,0.5,108,"x5","x7","a<b","a<b","R2",3,1,TRUE,1,TRUE,FALSE,3,10,0.193716916894105,TRUE,TRUE,TRUE
1024,0.5,108,"x5","x8","a<b","b<a","R1",1,1,TRUE,2,TRUE,TRUE,4,3,0.224854430052463,TRUE,TRUE,FALSE
1024,0.5,108,"x5","x9","a<b","b<a","R1",1,1,TRUE,1,TRUE,FALSE,1,6,0.302599227754074,TRUE,TRUE,FALSE
1024,0.5,108,"x6","x10","a<b","a<b","transitivity",NA,1,FALSE,1,FALSE,FALSE,2,4,0.0343520227431531,TRUE,TRUE,TRUE
1024,0.5,108,"x6","x11","a<b","a<b","transitivity",NA,2,TRUE,1,TRUE,FALSE,4,10,0.141095358503238,TRUE,TRUE,TRUE
1024,0.5,108,"x6","x12","a<b","a<b","transitivity",NA,1,FALSE,1,TRUE,FALSE,4,4,0.072441916038218,TRUE,TRUE,TRUE
1024,0.5,108,"x6","x13","a<b","a<b","R1",1,1,TRUE,3,TRUE,FALSE,6,5,0.169581645304154,TRUE,TRUE,TRUE
1024,0.5,108,"x6","x14","a<b","a<b","R1",2,1,TRUE,2,FALSE,FALSE,6,4,0.202246611989747,TRUE,TRUE,TRUE
1024,0.5,108,"x6","x15","a<b","a<b","R1",2,1,TRUE,6,TRUE,FALSE,6,12,0.175813712462367,TRUE,TRUE,TRUE
1024,0.5,108,"x6","x7","none","a<b","transitivity",NA,1,FALSE,0,TRUE,FALSE,NA,NA,0.0634683391869475,FALSE,TRUE,FALSE
1024,0.5,108,"x6","x8","a<b","a<b","R1",1,1,TRUE,1,TRUE,FALSE,4,3,0.23423692386655,TRUE,TRUE,TRUE
1024,0.5,108,"x6","x9","none","none","R3",NA,1,FALSE,0,TRUE,FALSE,NA,NA,0.0517721802168895,FALSE,FALSE,TRUE
1024,0.5,108,"x7","x10","a<b","b<a","R1",1,1,FALSE,1,TRUE,TRUE,2,4,0.143656816610897,TRUE,TRUE,FALSE
1024,0.5,108,"x7","x11","none","a<b","transitivity",NA,2,FALSE,0,TRUE,TRUE,NA,NA,0.0502526717842421,FALSE,TRUE,FALSE
1024,0.5,108,"x7","x12","a<b","a<b","R1",2,1,TRUE,1,TRUE,TRUE,4,4,0.295560509692203,TRUE,TRUE,TRUE
1024,0.5,108,"x7","x13","a<b","a<b","transitivity",NA,1,TRUE,3,FALSE,TRUE,6,5,0.234227559299601,TRUE,TRUE,TRUE
1024,0.5,108,"x7","x14","a<b","none","R3",NA,1,FALSE,1,TRUE,TRUE,6,4,0.031763849553513,TRUE,FALSE,FALSE
1024,0.5,108,"x7","x15","a<b","none","R3",NA,1,FALSE,4,TRUE,TRUE,6,12,0.00788183436071969,TRUE,FALSE,FALSE
1024,0.5,108,"x7","x8","a<b","b<a","transitivity",NA,1,TRUE,1,TRUE,TRUE,4,3,0.143243630961847,TRUE,TRUE,FALSE
1024,0.5,108,"x7","x9","none","b<a","R1",1,2,FALSE,0,TRUE,TRUE,NA,NA,0.073572815606204,FALSE,TRUE,FALSE
1024,0.5,108,"x8","x10","a<b","a<b","R1",2,1,TRUE,1,FALSE,TRUE,2,4,0.336714923760242,TRUE,TRUE,TRUE
1024,0.5,108,"x8","x11","none","a<b","transitivity",NA,2,FALSE,0,TRUE,TRUE,NA,NA,0.017716330956237,FALSE,TRUE,FALSE
1024,0.5,108,"x8","x12","none","a<b","transitivity",NA,1,FALSE,0,TRUE,TRUE,NA,NA,0.0643570664010328,FALSE,TRUE,FALSE
1024,0.5,108,"x8","x13","a<b","a<b","R1",1,1,TRUE,2,TRUE,TRUE,6,5,0.146609868429945,TRUE,TRUE,TRUE
1024,0.5,108,"x8","x14","a<b","b<a","R2",1,1,TRUE,1,TRUE,TRUE,6,4,0.159402981202311,TRUE,TRUE,FALSE
1024,0.5,108,"x8","x15","a<b","none","R3",NA,1,FALSE,3,TRUE,TRUE,6,12,0.0501045754156701,TRUE,FALSE,FALSE
1024,0.5,108,"x8","x9","none","none","R3",NA,1,FALSE,0,TRUE,TRUE,NA,NA,0.0612750312440873,FALSE,FALSE,TRUE
1024,0.5,108,"x9","x10","none","none","R3",NA,1,FALSE,0,TRUE,TRUE,NA,NA,0.0131136106060754,FALSE,FALSE,TRUE
1024,0.5,108,"x9","x11","none","a<b","transitivity",NA,2,FALSE,0,FALSE,TRUE,NA,NA,0.0304833683637323,FALSE,TRUE,FALSE
1024,0.5,108,"x9","x12","none","a<b","transitivity",NA,2,FALSE,0,TRUE,TRUE,NA,NA,0.0267253992092486,FALSE,TRUE,FALSE
1024,0.5,108,"x9","x13","a<b","a<b","R1",2,1,TRUE,1,TRUE,TRUE,6,5,0.194687373587748,TRUE,TRUE,TRUE
1024,0.5,108,"x9","x14","a<b","a<b","R1",1,1,TRUE,1,TRUE,TRUE,6,4,0.233039184163925,TRUE,TRUE,TRUE
1024,0.5,108,"x9","x15","a<b","none","R3",NA,1,FALSE,2,TRUE,TRUE,6,12,0.00486172436554598,TRUE,FALSE,FALSE
1024,0.5,109,"x1","x10","a<b","b<a","R2",1,1,FALSE,2,FALSE,FALSE,3,3,0.11758030933421,TRUE,TRUE,FALSE
1024,0.5,109,"x1","x11","a<b","a<b","transitivity",NA,1,FALSE,5,TRUE,FALSE,5,6,0.00399221598180087,TRUE,TRUE,TRUE
1024,0.5,109,"x1","x12","a<b","a<b","transitivity",NA,1,TRUE,3,FALSE,FALSE,3,6,0.216343815432699,TRUE,TRUE,TRUE
1024,0.5,109,"x1","x13","a<b","a<b","transitivity",NA,1,FALSE,4,FALSE,FALSE,4,2,0.00643199991292016,TRUE,TRUE,TRUE
1024,0.5,109,"x1","x14","a<b","a<b","transitivity",NA,1,FALSE,9,FALSE,FALSE,4,5,0.00585984491123319,TRUE,TRUE,TRUE
1024,0.5,109,"x1","x15","a<b","NA","unresolved",NA,NA,FALSE,21,TRUE,FALSE,5,5,0.0644925130111522,TRUE,FALSE,FALSE
1024,0.5,109,"x1","x2","none","none","R3",NA,1,FALSE,0,TRUE,FALSE,NA,NA,0.0201259383618313,FALSE,FALSE,TRUE
1024,0.5,109,"x1","x3","a<b","a<b","R1",4,1,TRUE,1,FALSE,FALSE,1,4,0.366673696352362,TRUE,TRUE,TRUE
1024,0.5,109,"x1","x4","a<b","a<b","R1",1,1,TRUE,1,FALSE,FALSE,2,5,0.220522993902601,TRUE,TRUE,TRUE
1024,0.5,109,"x1","x5","a<b","a<b","R1",1,1,TRUE,1,FALSE,FALSE,2,4,0.27608562397717,TRUE,TRUE,TRUE
1024,0.5,109,"x1","x6","a<b","a<b","transitivity",NA,1,FALSE,1,FALSE,FALSE,2,5,0.104154624584839,TRUE,TRUE,TRUE
1024,0.5,109,"x1","x7","a<b","a<b","transitivity",NA,1,FALSE,1,FALSE,FALSE,2,7,0.0339046594864253,TRUE,TRUE,TRUE
1024,0.5,109,"x1","x8","a<b","a<b","R1",1,1,FALSE,2,TRUE,FALSE,2,5,0.149657650837857,TRUE,TRUE,TRUE
1024,0.5,109,"x1","x9","a<b","a<b","R1",1,1,TRUE,5,FALSE,FALSE,4,0,0.20692390943323,TRUE,TRUE,TRUE
1024,0.5,109,"x10","x11","a<b","a<b","transitivity",NA,1,TRUE,1,TRUE,TRUE,5,6,0.0008994943723142,TRUE,TRUE,TRUE
1024,0.5,109,"x10","x12","none","a<b","R1",1,1,FALSE,0,TRUE,TRUE,NA,NA,0.147037150219625,FALSE,TRUE,FALSE
1024,0.5,109,"x10","x13","a<b","a<b","transitivity",NA,1,TRUE,1,TRUE,TRUE,4,2,0.402235927934273,TRUE,TRUE,TRUE
1024,0.5,109,"x10","x14","a<b","a<b","transitivity",NA,1,FALSE,1,TRUE,TRUE,4,5,0.0372261737027613,TRUE,TRUE,TRUE
1024,0.5,109,"x10","x15","a<b","none","R3",NA,1,FALSE,2,TRUE,TRUE,5,5,0.0878217245196643,TRUE,FALSE,FALSE
1024,0.5,109,"x11","x12","none","a<b","transitivity",NA,1,FALSE,0,TRUE,TRUE,NA,NA,0.00573845567104132,FALSE,TRUE,FALSE
1024,0.5,109,"x11","x13","none","a<b","transitivity",NA,1,FALSE,0,TRUE,TRUE,NA,NA,0.154114089244576,FALSE,TRUE,FALSE
1024,0.5,109,"x11","x14","a<b","a<b","R1",2,1,TRUE,1,TRUE,TRUE,4,5,0.247350896021188,TRUE,TRUE,TRUE
1024,0.5,109,"x11","x15","a<b","none","R3",NA,1,FALSE,1,TRUE,TRUE,5,5,0.0317861836707493,TRUE,FALSE,FALSE
1024,0.5,109,"x12","x13","none","b<a","R1",1,1,FALSE,0,TRUE,TRUE,NA,NA,0.122298927837308,FALSE,TRUE,FALSE
1024,0.5,109,"x12","x14","none","b<a","transitivity",NA,1,FALSE,0,TRUE,TRUE,NA,NA,0.0741308239527997,FALSE,TRUE,FALSE
1024,0.5,109,"x12","x15","none","b<a","transitivity",NA,1,FALSE,0,FALSE,TRUE,NA,NA,0.0138383102232499,FALSE,TRUE,FALSE
1024,0.5,109,"x13","x14","none","b<a","transitivity",NA,1,FALSE,0,TRUE,TRUE,NA,NA,0.0517546777744564,FALSE,TRUE,FALSE
1024,0.5,109,"x13","x15","a<b","b<a","transitivity",NA,1,TRUE,1,FALSE,TRUE,5,5,0.214858875777754,TRUE,TRUE,FALSE
1024,0.5,109,"x14","x15","a<b","b<a","R1",1,2,TRUE,1,TRUE,TRUE,5,5,0.165895282690653,TRUE,TRUE,FALSE
1024,0.5,109,"x2","x10","a<b","b<a","R1",1,1,TRUE,3,FALSE,FALSE,3,3,0.368267644614548,TRUE,TRUE,FALSE
1024,0.5,109,"x2","x11","a<b","a<b","R1",1,1,TRUE,7,FALSE,FALSE,5,6,0.137339699612321,TRUE,TRUE,TRUE
1024,0.5,109,"x2","x12","a<b","a<b","R1",1,1,FALSE,4,TRUE,FALSE,3,6,0.13932325636081,TRUE,TRUE,TRUE
1024,0.5,109,"x2","x13","a<b","a<b","R1",3,1,TRUE,7,FALSE,FALSE,4,2,0.328054024382961,TRUE,TRUE,TRUE
1024,0.5,109,"x2","x14","a<b","a<b","transitivity",NA,1,FALSE,11,TRUE,FALSE,4,5,0.0585176716763273,TRUE,TRUE,TRUE
1024,0.5,109,"x2","x15","a<b","none","R3",NA,1,FALSE,22,FALSE,FALSE,5,5,0.0536079899853656,TRUE,FALSE,FALSE
1024,0.5,109,"x2","x3","none","none","R3",NA,1,FALSE,0,TRUE,FALSE,NA,NA,0.0326582092885519,FALSE,FALSE,TRUE
1024,0.5,109,"x2","x4","a<b","a<b","R1",1,1,TRUE,1,FALSE,FALSE,2,5,0.198961947307802,TRUE,TRUE,TRUE
1024,0.5,109,"x2","x5","a<b","a<b","R1",2,1,TRUE,1,TRUE,FALSE,2,4,0.263981067973278,TRUE,TRUE,TRUE
1024,0.5,109,"x2","x6","a<b","a<b","R1",1,1,TRUE,2,TRUE,FALSE,2,5,0.310076836658946,TRUE,TRUE,TRUE
1024,0.5,109,"x2","x7","a<b","a<b","transitivity",NA,1,TRUE,2,TRUE,FALSE,2,7,0.271578814344873,TRUE,TRUE,TRUE
1024,0.5,109,"x2","x8","a<b","a<b","R1",1,1,FALSE,1,TRUE,FALSE,2,5,0.135072892228204,TRUE,TRUE,TRUE
1024,0.5,109,"x2","x9","a<b","a<b","transitivity",NA,1,FALSE,3,FALSE,FALSE,4,0,0.0530396891366687,TRUE,TRUE,TRUE
1024,0.5,109,"x3","x10","a<b","b<a","R1",1,2,TRUE,1,FALSE,TRUE,3,3,0.268931098437229,TRUE,TRUE,FALSE
1024,0.5,109,"x3","x11","a<b","a<b","R1",1,1,TRUE,2,FALSE,TRUE,5,6,0.115089528772203,TRUE,TRUE,TRUE
1024,0.5,109,"x3","x12","none","a<b","transitivity",NA,1,FALSE,0,TRUE,TRUE,NA,NA,0.0692305486558132,FALSE,TRUE,FALSE
1024,0.5,109,"x3","x13","a<b","a<b","transitivity",NA,1,FALSE,1,FALSE,TRUE,4,2,0.0941870745317584,TRUE,TRUE,TRUE
1024,0.5,109,"x3","x14","a<b","a<b","transitivity",NA,1,FALSE,3,TRUE,TRUE,4,5,0.0440185794960663,TRUE,TRUE,TRUE
1024,0.5,109,"x3","x15","a<b","none","R3",NA,1,TRUE,8,FALSE,TRUE,5,5,0.07332047873194,TRUE,FALSE,FALSE
1024,0.5,109,"x3","x4","none","a<b","transitivity",NA,1,FALSE,0,TRUE,TRUE,NA,NA,0.0520469530059813,FALSE,TRUE,FALSE
1024,0.5,109,"x3","x5","none","a<b","R2",1,1,FALSE,0,TRUE,TRUE,NA,NA,0.15969608508049,FALSE,TRUE,FALSE
1024,0.5,109,"x3","x6","none","a<b","transitivity",NA,1,FALSE,0,TRUE,TRUE,NA,NA,0.0339409174141722,FALSE,TRUE,FALSE
1024,0.5,109,"x3","x7","none","a<b","transitivity",NA,1,FALSE,0,TRUE,TRUE,NA,NA,0.0491968770576025,FALSE,TRUE,FALSE
1024,0.5,109,"x3","x8","a<b","a<b","R1",1,1,TRUE,1,FALSE,TRUE,2,5,0.386090143230825,TRUE,TRUE,TRUE
1024,0.5,109,"x3","x9","a<b","a<b","transitivity",NA,2,TRUE,2,TRUE,TRUE,4,0,0.0227343576599843,TRUE,TRUE,TRUE
1024,0.5,109,"x4","x10","none","b<a","transitivity",NA,1,FALSE,0,TRUE,TRUE,NA,NA,0.0755972574523171,FALSE,TRUE,FALSE
1024,0.5,109,"x4","x11","none","b<a","transitivity",NA,1,FALSE,0,TRUE,TRUE,NA,NA,0.0470816901315345,FALSE,TRUE,FALSE
1024,0.5,109,"x4","x12","a<b","none","R3",NA,2,FALSE,1,TRUE,TRUE,3,6,0.107020907533569,TRUE,FALSE,FALSE
1024,0.5,109,"x4","x13","a<b","b<a","R2",1,1,TRUE,1,TRUE,TRUE,4,2,0.243503103316172,TRUE,TRUE,FALSE
1024,0.5,109,"x4","x14","a<b","b<a","R1",2,1,TRUE,1,TRUE,TRUE,4,5,0.182106526253706,TRUE,TRUE,FALSE
1024,0.5,109,"x4","x15","a<b","b<a","transitivity",NA,2,FALSE,2,FALSE,TRUE,5,5,0.0461298918765159,TRUE,TRUE,FALSE
1024,0.5,109,"x4","x5","none","b<a","transitivity",NA,1,FALSE,0,TRUE,TRUE,NA,NA,0.0419324452198325,FALSE,TRUE,FALSE
1024,0.5,109,"x4","x6","a<b","a<b","R1",1,1,TRUE,1,TRUE,TRUE,2,5,0.298711745340772,TRUE,TRUE,TRUE
1024,0.5,109,"x4","x7","none","none","R3",NA,1,FALSE,0,TRUE,TRUE,NA,NA,0.0532444950366851,FALSE,FALSE,TRUE
1024,0.5,109,"x4","x8","none","none","R3",NA,1,FALSE,0,FALSE,TRUE,NA,NA,0.010455086094927,FALSE,FALSE,TRUE
1024,0.5,109,"x4","x9","none","b<a","R1",1,1,FALSE,0,TRUE,TRUE,NA,NA,0.118318850359459,FALSE,TRUE,FALSE
1024,0.5,109,"x5","x10","a<b","b<a","transitivity",NA,1,FALSE,1,TRUE,TRUE,3,3,0.1978388514949,TRUE,TRUE,FALSE
1024,0.5,109,"x5","x11","a<b","b<a","R2",1,1,TRUE,3,TRUE,TRUE,5,6,0.136730393597203,TRUE,TRUE,FALSE
1024,0.5,109,"x5","x12","a<b","a<b","transitivity",NA,1,FALSE,1,TRUE,TRUE,3,6,0.00553788214519502,TRUE,TRUE,TRUE
1024,0.5,109,"x5","x13","a<b","a<b","R1",1,1,FALSE,2,TRUE,TRUE,4,2,0.159738611375706,TRUE,TRUE,TRUE
1024,0.5,109,"x5","x14","a<b","none","R3",NA,1,FALSE,5,FALSE,TRUE,4,5,0.0613658168942011,TRUE,FALSE,FALSE
1024,0.5,109,"x5","x15","a<b","none","R3",NA,1,FALSE,10,TRUE,TRUE,5,5,0.0198104838244117,TRUE,FALSE,FALSE
1024,0.5,109,"x5","x6","none","a<b","transitivity",NA,1,FALSE,0,TRUE,TRUE,NA,NA,0.0380592926536315,FALSE,TRUE,FALSE
1024,0.5,109,"x5","x7","a<b","a<b","R1",4,1,TRUE,1,TRUE,TRUE,2,7,0.292503347865588,TRUE,TRUE,TRUE
1024,0.5,109,"x5","x8","a<b","a<b","R1",2,1,TRUE,1,TRUE,TRUE,2,5,0.338971522218124,TRUE,TRUE,TRUE
1024,0.5,109,"x5","x9","a<b","a<b","R1",1,1,FALSE,2,TRUE,TRUE,4,0,0.140175866907093,TRUE,TRUE,TRUE
1024,0.5,109,"x6","x10","none","b<a","R1",1,1,FALSE,0,TRUE,TRUE,NA,NA,0.181642105911287,FALSE,TRUE,FALSE
1024,0.5,109,"x6","x11","none","b<a","transitivity",NA,1,FALSE,0,TRUE,TRUE,NA,NA,0.0360546451711348,FALSE,TRUE,FALSE
1024,0.5,109,"x6","x12","a<b","b<a","R1",1,1,TRUE,1,TRUE,TRUE,3,6,0.321296346768085,TRUE,TRUE,FALSE
1024,0.5,109,"x6","x13","none","b<a","transitivity",NA,1,FALSE,0,TRUE,TRUE,NA,NA,0.261624341401831,FALSE,TRUE,FALSE
1024,0.5,109,"x6","x14","none","b<a","transitivity",NA,1,FALSE,0,TRUE,TRUE,NA,NA,0.0323649514119874,FALSE,TRUE,FALSE
1024,0.5,109,"x6","x15","none","b<a","transitivity",NA,1,FALSE,0,FALSE,TRUE,NA,NA,0.00909340857690404,FALSE,TRUE,FALSE
1024,0.5,109,"x6","x7","none","a<b","R2",1,1,FALSE,0,TRUE,TRUE,NA,NA,0.104890558029147,FALSE,TRUE,FALSE
1024,0.5,109,"x6","x8","none","b<a","transitivity",NA,1,FALSE,0,FALSE,TRUE,NA,NA,0.00911095350998129,FALSE,TRUE,FALSE
1024,0.5,109,"x6","x9","none","b<a","transitivity",NA,1,FALSE,0,FALSE,TRUE,NA,NA,0.110994835684775,FALSE,TRUE,FALSE
1024,0.5,109,"x7","x10","a<b","b<a","transitivity",NA,1,TRUE,1,TRUE,TRUE,3,3,0.35336853858442,TRUE,TRUE,FALSE
1024,0.5,109,"x7","x11","a<b","b<a","transitivity",NA,1,TRUE,2,TRUE,TRUE,5,6,0.134512830551848,TRUE,TRUE,FALSE
1024,0.5,109,"x7","x12","a<b","NA","unresolved",NA,NA,TRUE,1,FALSE,TRUE,3,6,0.278363527165283,TRUE,FALSE,FALSE
1024,0.5,109,"x7","x13","a<b","b<a","R1",3,1,TRUE,2,TRUE,TRUE,4,2,0.332075642232844,TRUE,TRUE,FALSE
1024,0.5,109,"x7","x14","a<b","b<a","transitivity",NA,1,TRUE,3,TRUE,TRUE,4,5,0.211053873723151,TRUE,TRUE,FALSE
1024,0.5,109,"x7","x15","a<b","b<a","transitivity",NA,1,FALSE,6,TRUE,TRUE,5,5,0.00764575266248982,TRUE,TRUE,FALSE
1024,0.5,109,"x7","x8","none","b<a","transitivity",NA,1,FALSE,0,TRUE,TRUE,NA,NA,0.103518280160656,FALSE,TRUE,FALSE
1024,0.5,109,"x7","x9","a<b","b<a","transitivity",NA,1,TRUE,1,FALSE,TRUE,4,0,0.211572068454689,TRUE,TRUE,FALSE
1024,0.5,109,"x8","x10","none","b<a","transitivity",NA,1,FALSE,0,TRUE,TRUE,NA,NA,0.141328995079739,FALSE,TRUE,FALSE
1024,0.5,109,"x8","x11","none","b<a","transitivity",NA,1,FALSE,0,TRUE,TRUE,NA,NA,0.0527845570126839,FALSE,TRUE,FALSE
1024,0.5,109,"x8","x12","none","a<b","transitivity",NA,1,FALSE,0,FALSE,TRUE,NA,NA,0.0287368215724127,FALSE,TRUE,FALSE
1024,0.5,109,"x8","x13","none","a<b","R1",1,1,FALSE,0,TRUE,TRUE,NA,NA,0.0848432013164859,FALSE,TRUE,FALSE
1024,0.5,109,"x8","x14","a<b","b<a","R1",1,1,TRUE,1,FALSE,TRUE,4,5,0.180660048857181,TRUE,TRUE,FALSE
1024,0.5,109,"x8","x15","a<b","b<a","R1",1,1,TRUE,3,TRUE,TRUE,5,5,0.118328601222223,TRUE,TRUE,FALSE
1024,0.5,109,"x8","x9","a<b","b<a","R1",2,1,TRUE,1,TRUE,TRUE,4,0,0.235553913663238,TRUE,TRUE,FALSE
1024,0.5,109,"x9","x10","none","b<a","transitivity",NA,1,FALSE,0,TRUE,TRUE,NA,NA,0.182897352883709,FALSE,TRUE,FALSE
1024,0.5,109,"x9","x11","none","b<a","R1",1,2,FALSE,0,TRUE,TRUE,NA,NA,0.162731265171741,FALSE,TRUE,FALSE
1024,0.5,109,"x9","x12","none","a<b","transitivity",NA,1,FALSE,0,TRUE,TRUE,NA,NA,0.18405601035026,FALSE,TRUE,FALSE
1024,0.5,109,"x9","x13","none","a<b","transitivity",NA,1,FALSE,0,TRUE,TRUE,NA,NA,0.218944973381672,FALSE,TRUE,FALSE
1024,0.5,109,"x9","x14","none","b<a","R1",1,2,FALSE,0,TRUE,TRUE,NA,NA,0.163628979160173,FALSE,TRUE,FALSE
1024,0.5,109,"x9","x15","a<b","b<a","transitivity",NA,2,TRUE,1,TRUE,TRUE,5,5,0.0507388344454411,TRUE,TRUE,FALSE
1024,0.5,110,"x1","x10","a<b","a<b","R2",1,1,FALSE,14,FALSE,FALSE,5,5,0.0690040907903213,TRUE,TRUE,TRUE
1024,0.5,110,"x1","x11","a<b","b<a","R2",1,1,FALSE,14,TRUE,FALSE,5,5,0.105419038846629,TRUE,TRUE,FALSE
1024,0.5,110,"x1","x12","a<b","a<b","R1",1,1,FALSE,7,FALSE,FALSE,3,1,0.20513730453767,TRUE,TRUE,TRUE
1024,0.5,110,"x1","x13","a<b","a<b","R1",1,1,TRUE,20,FALSE,FALSE,5,7,0.211295718398783,TRUE,TRUE,TRUE
1024,0.5,110,"x1","x14","a<b","a<b","transitivity",NA,1,FALSE,22,TRUE,FALSE,4,12,0.115420990503854,TRUE,TRUE,TRUE
1024,0.5,110,"x1","x15","a<b","a<b","R1",6,1,TRUE,6,TRUE,FALSE,4,2,0.242023102195483,TRUE,TRUE,TRUE
1024,0.5,110,"x1","x2","none","none","R3",NA,1,FALSE,0,TRUE,FALSE,NA,NA,0.0405507616449437,FALSE,FALSE,TRUE
1024,0.5,110,"x1","x3","none","none","R3",NA,1,FALSE,0,FALSE,FALSE,NA,NA,0.0053367425267044,FALSE,FALSE,TRUE
1024,0.5,110,"x1","x4","a<b","a<b","R1",2,1,TRUE,1,FALSE,FALSE,1,5,0.211777453085687,TRUE,TRUE,TRUE
1024,0.5,110,"x1","x5","a<b","NA","unresolved",NA,NA,TRUE,2,FALSE,FALSE,3,8,0.183763946380409,TRUE,FALSE,FALSE
1024,0.5,110,"x1","x6","a<b","a<b","R1",5,1,TRUE,4,FALSE,FALSE,3,5,0.258795077293949,TRUE,TRUE,TRUE
1024,0.5,110,"x1","x7","a<b","a<b","R1",1,2,TRUE,1,TRUE,FALSE,2,4,0.23383756669692,TRUE,TRUE,TRUE
1024,0.5,110,"x1","x8","a<b","b<a","R1",2,1,TRUE,7,TRUE,FALSE,5,7,0.27186991522248,TRUE,TRUE,FALSE
1024,0.5,110,"x1","x9","a<b","a<b","R1",5,1,TRUE,8,FALSE,FALSE,3,2,0.39902900527337,TRUE,TRUE,TRUE
1024,0.5,110,"x10","x11","none","NA","unresolved",NA,NA,FALSE,0,TRUE,TRUE,NA,NA,0.18407529349506,FALSE,FALSE,FALSE
1024,0.5,110,"x10","x12","none","a<b","transitivity",NA,1,FALSE,0,TRUE,TRUE,NA,NA,0.096330858742727,FALSE,TRUE,FALSE
1024,0.5,110,"x10","x13","none","a<b","R1",1,1,FALSE,0,TRUE,TRUE,NA,NA,0.104990936251414,FALSE,TRUE,FALSE
1024,0.5,110,"x10","x14","none","a<b","R2",2,1,FALSE,0,TRUE,TRUE,NA,NA,0.081243146255882,FALSE,TRUE,FALSE
1024,0.5,110,"x10","x15","none","a<b","R1",1,1,FALSE,0,TRUE,TRUE,NA,NA,0.142804484392923,FALSE,TRUE,FALSE
1024,0.5,110,"x11","x12","none","a<b","transitivity",NA,2,FALSE,0,TRUE,TRUE,NA,NA,0.0822371251278461,FALSE,TRUE,FALSE
1024,0.5,110,"x11","x13","a<b","a<b","transitivity",NA,2,TRUE,1,TRUE,TRUE,5,7,0.212915439777023,TRUE,TRUE,TRUE
1024,0.5,110,"x11","x14","a<b","none","R3",NA,1,FALSE,1,TRUE,TRUE,4,12,0.0658600830437666,TRUE,FALSE,FALSE
1024,0.5,110,"x11","x15","none","a<b","R1",2,2,FALSE,0,TRUE,TRUE,NA,NA,0.152864640456295,FALSE,TRUE,FALSE
1024,0.5,110,"x12","x13","none","b<a","R2",1,1,FALSE,0,TRUE,TRUE,NA,NA,0.126331028424982,FALSE,TRUE,FALSE
1024,0.5,110,"x12","x14","none","b<a","R1",2,1,FALSE,0,TRUE,TRUE,NA,NA,0.144906684776736,FALSE,TRUE,FALSE
1024,0.5,110,"x12","x15","none","none","R3",NA,2,FALSE,0,TRUE,TRUE,NA,NA,0.106440040396546,FALSE,FALSE,TRUE
1024,0.5,110,"x13","x14","a<b","b<a","R1",2,1,TRUE,1,TRUE,TRUE,4,12,0.239489610866057,TRUE,TRUE,FALSE
1024,0.5,110,"x13","x15","none","none","R3",NA,2,FALSE,0,TRUE,TRUE,NA,NA,0.10772476889668,FALSE,FALSE,TRUE
1024,0.5,110,"x14","x15","none","a<b","R1",1,1,FALSE,0,TRUE,TRUE,NA,NA,0.0905295222048271,FALSE,TRUE,FALSE
1024,0.5,110,"x2","x10","a<b","b<a","R2",1,1,FALSE,7,FALSE,FALSE,5,5,0.108512641883134,TRUE,TRUE,FALSE
1024,0.5,110,"x2","x11","a<b","b<a","R2",1,2,TRUE,7,TRUE,FALSE,5,5,0.209512579799893,TRUE,TRUE,FALSE
1024,0.5,110,"x2","x12","a<b","a<b","R1",2,1,FALSE,2,FALSE,FALSE,3,1,0.0559966726554282,TRUE,TRUE,TRUE
1024,0.5,110,"x2","x13","a<b","a<b","R1",1,1,TRUE,10,TRUE,FALSE,5,7,0.192017532115063,TRUE,TRUE,TRUE
1024,0.5,110,"x2","x14","a<b","a<b","R1",1,1,TRUE,12,TRUE,FALSE,4,12,0.147384631769104,TRUE,TRUE,TRUE
1024,0.5,110,"x2","x15","a<b","a<b","transitivity",NA,1,FALSE,2,FALSE,FALSE,4,2,0.111284868383589,TRUE,TRUE,TRUE
1024,0.5,110,"x2","x3","a<b","a<b","R1",3,1,TRUE,1,TRUE,FALSE,1,3,0.250825038151031,TRUE,TRUE,TRUE
1024,0.5,110,"x2","x4","none","none","R3",NA,1,FALSE,0,FALSE,FALSE,NA,NA,0.0445369700953326,FALSE,FALSE,TRUE
1024,0.5,110,"x2","x5","a<b","b<a","R2",1,1,TRUE,1,FALSE,FALSE,3,8,0.159903371092549,TRUE,TRUE,FALSE
1024,0.5,110,"x2","x6","a<b","a<b","transitivity",NA,1,FALSE,1,TRUE,FALSE,3,5,0.00369454485788991,TRUE,TRUE,TRUE
1024,0.5,110,"x2","x7","a<b","none","R3",NA,1,FALSE,1,FALSE,FALSE,2,4,0.0571480440802762,TRUE,FALSE,FALSE
1024,0.5,110,"x2","x8","a<b","NA","unresolved",NA,NA,TRUE,3,FALSE,FALSE,5,7,0.187911444125434,TRUE,FALSE,FALSE
1024,0.5,110,"x2","x9","a<b","a<b","R1",3,1,TRUE,4,FALSE,FALSE,3,2,0.189267760287419,TRUE,TRUE,TRUE
1024,0.5,110,"x3","x10","a<b","b<a","R1",3,2,TRUE,3,TRUE,TRUE,5,5,0.241372396618668,TRUE,TRUE,FALSE
1024,0.5,110,"x3","x11","a<b","NA","unresolved",NA,NA,FALSE,2,TRUE,TRUE,5,5,0.0709004869481722,TRUE,FALSE,FALSE
1024,0.5,110,"x3","x12","none","none","R3",NA,1,FALSE,0,FALSE,TRUE,NA,NA,0.00751045651646761,FALSE,FALSE,TRUE
1024,0.5,110,"x3","x13","a<b","none","R3",NA,1,FALSE,3,TRUE,TRUE,5,7,0.0595821591095465,TRUE,FALSE,FALSE
1024,0.5,110,"x3","x14","a<b","none","R3",NA,1,FALSE,4,TRUE,TRUE,4,12,0.00400615595534484,TRUE,FALSE,FALSE
1024,0.5,110,"x3","x15","a<b","a<b","R1",1,1,TRUE,1,FALSE,TRUE,4,2,0.29243126012143,TRUE,TRUE,TRUE
1024,0.5,110,"x3","x4","none","none","R3",NA,1,FALSE,0,TRUE,FALSE,NA,NA,0.0325700527828307,FALSE,FALSE,TRUE
1024,0.5,110,"x3","x5","none","b<a","R1",1,1,FALSE,0,TRUE,TRUE,NA,NA,0.100143172986467,FALSE,TRUE,FALSE
1024,0.5,110,"x3","x6","none","none","R3",NA,1,FALSE,0,FALSE,TRUE,NA,NA,0.0221675915378889,FALSE,FALSE,TRUE
1024,0.5,110,"x3","x7","a<b","a<b","R2",2,1,TRUE,1,FALSE,FALSE,2,4,0.211629109152491,TRUE,TRUE,TRUE
1024,0.5,110,"x3","x8","a<b","b<a","transitivity",NA,2,FALSE,1,TRUE,TRUE,5,7,0.0660928544949266,TRUE,TRUE,FALSE
1024,0.5,110,"x3","x9","a<b","none","R3",NA,1,FALSE,1,TRUE,TRUE,3,2,0.0812668428318076,TRUE,FALSE,FALSE
1024,0.5,110,"x4","x10","a<b","none","R3",NA,1,FALSE,6,TRUE,TRUE,5,5,0.0471796864597546,TRUE,FALSE,FALSE
1024,0.5,110,"x4","x11","a<b","b<a","R2",1,1,TRUE,6,TRUE,TRUE,5,5,0.194977304251968,TRUE,TRUE,FALSE
1024,0.5,110,"x4","x12","a<b","a<b","transitivity",NA,1,TRUE,4,FALSE,TRUE,3,1,0.323697111704187,TRUE,TRUE,TRUE
1024,0.5,110,"x4","x13","a<b","a<b","transitivity",NA,1,FALSE,8,TRUE,TRUE,5,7,0.164248089226855,TRUE,TRUE,TRUE
1024,0.5,110,"x4","x14","a<b","a<b","R1",3,1,TRUE,9,TRUE,TRUE,4,12,0.248246912923506,TRUE,TRUE,TRUE
1024,0.5,110,"x4","x15","a<b","a<b","transitivity",NA,1,TRUE,3,TRUE,TRUE,4,2,0.273264714204569,TRUE,TRUE,TRUE
1024,0.5,110,"x4","x5","a<b","a<b","R2",1,1,TRUE,1,TRUE,TRUE,3,8,0.117162643066132,TRUE,TRUE,TRUE
1024,0.5,110,"x4","x6","a<b","a<b","R1",1,1,TRUE,2,TRUE,TRUE,3,5,0.277396985849821,TRUE,TRUE,TRUE
1024,0.5,110,"x4","x7","none","none","R3",NA,1,FALSE,0,TRUE,TRUE,NA,NA,0.0638472167202733,FALSE,FALSE,TRUE
1024,0.5,110,"x4","x8","a<b","b<a","R1",2,1,TRUE,3,TRUE,TRUE,5,7,0.243938798240735,TRUE,TRUE,FALSE
1024,0.5,110,"x4","x9","a<b","a<b","transitivity",NA,1,FALSE,3,TRUE,TRUE,3,2,0.132706504878879,TRUE,TRUE,TRUE
1024,0.5,110,"x5","x10","a<b","a<b","R2",2,1,TRUE,3,TRUE,TRUE,5,5,0.260679073482694,TRUE,TRUE,TRUE
1024,0.5,110,"x5","x11","a<b","none","R3",NA,1,FALSE,2,TRUE,TRUE,5,5,0.0691370710047981,TRUE,FALSE,FALSE
1024,0.5,110,"x5","x12","a<b","a<b","transitivity",NA,1,TRUE,2,TRUE,TRUE,3,1,0.14202195627748,TRUE,TRUE,TRUE
1024,0.5,110,"x5","x13","a<b","a<b","transitivity",NA,1,FALSE,3,TRUE,TRUE,5,7,0.00318646972038752,TRUE,TRUE,TRUE
1024,0.5,110,"x5","x14","a<b","a<b","R2",1,1,FALSE,3,TRUE,TRUE,4,12,0.0641284525882111,TRUE,TRUE,TRUE
1024,0.5,110,"x5","x15","a<b","a<b","transitivity",NA,1,FALSE,1,TRUE,TRUE,4,2,0.0957048956351131,TRUE,TRUE,TRUE
1024,0.5,110,"x5","x6","a<b","a<b","R1",1,1,TRUE,1,TRUE,TRUE,3,5,0.192080488921894,TRUE,TRUE,TRUE
1024,0.5,110,"x5","x7","none","a<b","R1",1,1,FALSE,0,TRUE,TRUE,NA,NA,0.0743033634248165,FALSE,TRUE,FALSE
1024,0.5,110,"x5","x8","a<b","none","R3",NA,1,FALSE,1,TRUE,TRUE,5,7,0.0341230387300776,TRUE,FALSE,FALSE
1024,0.5,110,"x5","x9","a<b","a<b","transitivity",NA,1,FALSE,1,TRUE,TRUE,3,2,0.0215236164421792,TRUE,TRUE,TRUE
1024,0.5,110,"x6","x10","a<b","b<a","R1",1,1,TRUE,2,TRUE,TRUE,5,5,0.108968688564747,TRUE,TRUE,FALSE
1024,0.5,110,"x6","x11","a<b","b<a","transitivity",NA,2,TRUE,2,TRUE,TRUE,5,5,0.110611755019548,TRUE,TRUE,FALSE
1024,0.5,110,"x6","x12","a<b","a<b","R1",1,1,TRUE,1,TRUE,TRUE,3,1,0.323433063537188,TRUE,TRUE,TRUE
1024,0.5,110,"x6","x13","a<b","a<b","R2",1,1,TRUE,3,TRUE,TRUE,5,7,0.20227556661274,TRUE,TRUE,TRUE
1024,0.5,110,"x6","x14","a<b","b<a","transitivity",NA,1,FALSE,3,TRUE,TRUE,4,12,0.134959884129174,TRUE,TRUE,FALSE
1024,0.5,110,"x6","x15","a<b","a<b","R1",1,1,TRUE,1,TRUE,TRUE,4,2,0.0892164418157812,TRUE,TRUE,TRUE
1024,0.5,110,"x6","x7","none","b<a","transitivity",NA,1,FALSE,0,TRUE,TRUE,NA,NA,0.0452185924286633,FALSE,TRUE,FALSE
1024,0.5,110,"x6","x8","a<b","b<a","R1",3,1,TRUE,1,TRUE,TRUE,5,7,0.233576029676276,TRUE,TRUE,FALSE
1024,0.5,110,"x6","x9","a<b","b<a","R1",2,1,FALSE,1,TRUE,TRUE,3,2,0.264458314012671,TRUE,TRUE,FALSE
1024,0.5,110,"x7","x10","a<b","b<a","R1",1,1,TRUE,2,TRUE,TRUE,5,5,0.312487119282331,TRUE,TRUE,FALSE
1024,0.5,110,"x7","x11","a<b","b<a","R2",1,1,TRUE,2,FALSE,TRUE,5,5,0.251111306853349,TRUE,TRUE,FALSE
1024,0.5,110,"x7","x12","none","a<b","transitivity",NA,1,FALSE,0,FALSE,TRUE,NA,NA,0.0905425453218495,FALSE,TRUE,FALSE
1024,0.5,110,"x7","x13","a<b","a<b","R1",2,1,TRUE,3,TRUE,TRUE,5,7,0.203285262167203,TRUE,TRUE,TRUE
1024,0.5,110,"x7","x14","a<b","a<b","R2",1,1,TRUE,4,TRUE,TRUE,4,12,0.261133320402766,TRUE,TRUE,TRUE
1024,0.5,110,"x7","x15","none","a<b","R1",1,1,FALSE,0,TRUE,TRUE,NA,NA,0.179739247812656,FALSE,TRUE,FALSE
1024,0.5,110,"x7","x8","a<b","b<a","transitivity",NA,1,TRUE,1,TRUE,TRUE,5,7,0.19416118707723,TRUE,TRUE,FALSE
1024,0.5,110,"x7","x9","a<b","a<b","R1",2,1,FALSE,1,TRUE,TRUE,3,2,0.115369399735612,TRUE,TRUE,TRUE
1024,0.5,110,"x8","x10","a<b","a<b","R1",3,1,TRUE,1,TRUE,TRUE,5,5,0.221898323998545,TRUE,TRUE,TRUE
1024,0.5,110,"x8","x11","a<b","a<b","R1",1,1,FALSE,1,TRUE,TRUE,5,5,0.210863835376974,TRUE,TRUE,TRUE
1024,0.5,110,"x8","x12","none","a<b","R1",1,1,FALSE,0,TRUE,TRUE,NA,NA,0.182427897167143,FALSE,TRUE,FALSE
1024,0.5,110,"x8","x13","a<b","a<b","transitivity",NA,1,FALSE,1,TRUE,TRUE,5,7,0.214929513255436,TRUE,TRUE,TRUE
1024,0.5,110,"x8","x14","a<b","a<b","transitivity",NA,1,FALSE,1,TRUE,TRUE,4,12,0.122291893559104,TRUE,TRUE,TRUE
1024,0.5,110,"x8","x15","none","a<b","transitivity",NA,1,FALSE,0,TRUE,TRUE,NA,NA,0.0955534936864672,FALSE,TRUE,FALSE
1024,0.5,110,"x8","x9","a<b","a<b","R1",2,1,TRUE,1,TRUE,TRUE,3,2,0.357957468164277,TRUE,TRUE,TRUE
1024,0.5,110,"x9","x10","none","b<a","transitivity",NA,1,FALSE,0,TRUE,TRUE,NA,NA,0.0795739298781552,FALSE,TRUE,FALSE
1024,0.5,110,"x9","x11","a<b","b<a","R1",2,2,TRUE,1,TRUE,TRUE,5,5,0.230369972248828,TRUE,TRUE,FALSE
1024,0.5,110,"x9","x12","none","a<b","transitivity",NA,1,FALSE,0,FALSE,TRUE,NA,NA,0.146400659143362,FALSE,TRUE,FALSE
1024,0.5,110,"x9","x13","a<b","a<b","R1",2,1,FALSE,1,TRUE,TRUE,5,7,0.171645322918953,TRUE,TRUE,TRUE
1024,0.5,110,"x9","x14","a<b","b<a","R1",1,1,FALSE,1,TRUE,TRUE,4,12,0.142155324549357,TRUE,TRUE,FALSE
1024,0.5,110,"x9","x15","none","a<b","transitivity",NA,1,FALSE,0,TRUE,TRUE,NA,NA,0.102773619360774,FALSE,TRUE,FALSE
4096,0.5,101,"x1","x10","a<b","a<b","R1",1,1,TRUE,19,FALSE,FALSE,5,9,0.205986833210705,TRUE,TRUE,TRUE
4096,0.5,101,"x1","x11","a<b","a<b","R1",1,1,TRUE,23,FALSE,FALSE,4,4,0.17637330624025,TRUE,TRUE,TRUE
4096,0.5,101,"x1","x12","a<b","a<b","R1",2,1,TRUE,39,TRUE,FALSE,5,6,0.198003013766461,TRUE,TRUE,TRUE
4096,0.5,101,"x1","x13","a<b","a<b","transitivity",NA,1,FALSE,44,TRUE,FALSE,3,6,0.0342219396656303,TRUE,TRUE,TRUE
4096,0.5,101,"x1","x14","a<b","a<b","R1",1,1,FALSE,61,FALSE,FALSE,4,3,0.132127008685696,TRUE,TRUE,TRUE
4096,0.5,101,"x1","x15","a<b","a<b","R1",2,1,TRUE,40,TRUE,FALSE,6,10,0.247810170025617,TRUE,TRUE,TRUE
4096,0.5,101,"x1","x2","a<b","a<b","R1",4,1,TRUE,1,TRUE,FALSE,1,4,0.44013080202281,TRUE,TRUE,TRUE
4096,0.5,101,"x1","x3","a<b","a<b","R1",5,1,TRUE,1,TRUE,FALSE,1,8,0.219638905325552,TRUE,TRUE,TRUE
4096,0.5,101,"x1","x4","a<b","a<b","R1",2,1,TRUE,2,TRUE,FALSE,2,5,0.19864434252877,TRUE,TRUE,TRUE
4096,0.5,101,"x1","x5","a<b","a<b","R1",5,1,TRUE,1,TRUE,FALSE,1,6,0.310545511948937,TRUE,TRUE,TRUE
4096,0.5,101,"x1","x6","a<b","a<b","R1",1,1,FALSE,1,FALSE,FALSE,1,5,0.0764756354811157,TRUE,TRUE,TRUE
4096,0.5,101,"x1","x7","a<b","a<b","R1",1,1,FALSE,3,FALSE,FALSE,2,2,0.215814572808166,TRUE,TRUE,TRUE
4096,0.5,101,"x1","x8","a<b","b<a","R1",1,1,TRUE,8,FALSE,FALSE,5,2,0.134020734345111,TRUE,TRUE,FALSE
4096,0.5,101,"x1","x9","a<b","b<a","transitivity",NA,1,TRUE,13,TRUE,FALSE,4,10,0.125394260195053,TRUE,TRUE,FALSE
4096,0.5,101,"x10","x11","none","b<a","transitivity",NA,1,FALSE,0,TRUE,TRUE,NA,NA,0.0146391880078077,FALSE,TRUE,FALSE
4096,0.5,101,"x10","x12","none","none","R3",NA,2,FALSE,0,TRUE,TRUE,NA,NA,0.0543653785033234,FALSE,FALSE,TRUE
4096,0.5,101,"x10","x13","a<b","b<a","transitivity",NA,1,TRUE,1,FALSE,TRUE,3,6,0.209060073434734,TRUE,TRUE,FALSE
4096,0.5,101,"x10","x14","a<b","none","R3",NA,1,FALSE,1,TRUE,TRUE,4,3,0.0631099141892354,TRUE,FALSE,FALSE
4096,0.5,101,"x10","x15","none","b<a","transitivity",NA,1,FALSE,0,TRUE,TRUE,NA,NA,0.0379627462396072,FALSE,TRUE,FALSE
4096,0.5,101,"x11","x12","a<b","a<b","transitivity",NA,1,TRUE,1,TRUE,TRUE,5,6,0.267408494928409,TRUE,TRUE,TRUE
4096,0.5,101,"x11","x13","a<b","a<b","R1",3,1,TRUE,1,FALSE,TRUE,3,6,0.27470427298997,TRUE,TRUE,TRUE
4096,0.5,101,"x11","x14","a<b","a<b","transitivity",NA,1,FALSE,1,TRUE,TRUE,4,3,0.160464638464541,TRUE,TRUE,TRUE
4096,0.5,101,"x11","x15","a<b","a<b","R1",3,1,TRUE,1,TRUE,TRUE,6,10,0.292437620847032,TRUE,TRUE,TRUE
4096,0.5,101,"x12","x13","none","none","R3",NA,2,FALSE,0,TRUE,TRUE,NA,NA,0.060487809808207,FALSE,FALSE,TRUE
4096,0.5,101,"x12","x14","none","none","R3",NA,1,FALSE,0,TRUE,TRUE,NA,NA,0.0277286774377637,FALSE,FALSE,TRUE
4096,0.5,101,"x12","x15","none","b<a","R1",2,1,FALSE,0,TRUE,TRUE,NA,NA,0.280582743862012,FALSE,TRUE,FALSE
4096,0.5,101,"x13","x14","a<b","a<b","R1",2,1,TRUE,1,FALSE,TRUE,4,3,0.261818728545772,TRUE,TRUE,TRUE
4096,0.5,101,"x13","x15","none","b<a","transitivity",NA,1,FALSE,0,TRUE,TRUE,NA,NA,0.062101014818182,FALSE,TRUE,FALSE
4096,0.5,101,"x14","x15","none","b<a","transitivity",NA,1,FALSE,0,TRUE,TRUE,NA,NA,0.0188944739132475,FALSE,TRUE,FALSE
4096,0.5,101,"x2","x10","a<b","a<b","R1",5,1,TRUE,4,TRUE,TRUE,5,9,0.25948606274595,TRUE,TRUE,TRUE
4096,0.5,101,"x2","x11","a<b","b<a","R1",2,1,FALSE,3,TRUE,TRUE,4,4,0.1074385191163,TRUE,TRUE,FALSE
4096,0.5,101,"x2","x12","a<b","a<b","transitivity",NA,1,FALSE,5,TRUE,TRUE,5,6,0.117412426695554,TRUE,TRUE,TRUE
4096,0.5,101,"x2","x13","a<b","a<b","transitivity",NA,1,FALSE,7,FALSE,TRUE,3,6,0.0193867896422758,TRUE,TRUE,TRUE
4096,0.5,101,"x2","x14","a<b","a<b","R1",4,1,TRUE,11,FALSE,TRUE,4,3,0.355729159749306,TRUE,TRUE,TRUE
4096,0.5,101,"x2","x15","a<b","b<a","R1",2,1,FALSE,5,TRUE,TRUE,6,10,0.0983654207110631,TRUE,TRUE,FALSE
4096,0.5,101,"x2","x3","none","b<a","R1",1,1,FALSE,0,TRUE,TRUE,NA,NA,0.127957309915306,FALSE,TRUE,FALSE
4096,0.5,101,"x2","x4","none","a<b","R1",2,1,FALSE,0,TRUE,TRUE,NA,NA,0.106587893429473,FALSE,TRUE,FALSE
4096,0.5,101,"x2","x5","none","a<b","R1",1,1,FALSE,0,TRUE,TRUE,NA,NA,0.166182408964933,FALSE,TRUE,FALSE
4096,0.5,101,"x2","x6","none","b<a","R1",1,1,FALSE,0,FALSE,TRUE,NA,NA,0.0635789819454163,FALSE,TRUE,FALSE
4096,0.5,101,"x2","x7","a<b","a<b","R1",4,1,TRUE,1,FALSE,TRUE,2,2,0.382717350147672,TRUE,TRUE,TRUE
4096,0.5,101,"x2","x8","a<b","b<a","transitivity",NA,1,FALSE,1,TRUE,TRUE,5,2,0.0180041349520418,TRUE,TRUE,FALSE
4096,0.5,101,"x2","x9","a<b","b<a","transitivity",NA,1,FALSE,2,TRUE,TRUE,4,10,0.0160925803728647,TRUE,TRUE,FALSE
4096,0.5,101,"x3","x10","a<b","a<b","transitivity",NA,1,TRUE,7,TRUE,TRUE,5,9,0.0763335201251191,TRUE,TRUE,TRUE
4096,0.5,101,"x3","x11","a<b","a<b","R1",2,1,FALSE,9,TRUE,TRUE,4,4,0.0858744928540527,TRUE,TRUE,TRUE
4096,0.5,101,"x3","x12","a<b","a<b","R1",2,1,FALSE,15,TRUE,TRUE,5,6,0.137779593899729,TRUE,TRUE,TRUE
4096,0.5,101,"x3","x13","a<b","a<b","transitivity",NA,1,FALSE,17,FALSE,TRUE,3,6,0.00108528395531716,TRUE,TRUE,TRUE
4096,0.5,101,"x3","x14","a<b","a<b","transitivity",NA,1,FALSE,23,FALSE,TRUE,4,3,0.00527736741955156,TRUE,TRUE,TRUE
4096,0.5,101,"x3","x15","a<b","a<b","R1",2,1,TRUE,16,TRUE,TRUE,6,10,0.368885037295843,TRUE,TRUE,TRUE
4096,0.5,101,"x3","x4","a<b","a<b","R1",3,1,TRUE,1,TRUE,TRUE,2,5,0.201962475707504,TRUE,TRUE,TRUE
4096,0.5,101,"x3","x5","none","a<b","transitivity",NA,1,FALSE,0,TRUE,TRUE,NA,NA,0.0891264707568927,FALSE,TRUE,FALSE
4096,0.5,101,"x3","x6","a<b","a<b","R1",3,1,TRUE,1,FALSE,FALSE,1,5,0.28515017855894,TRUE,TRUE,TRUE
4096,0.5,101,"x3","x7","a<b","a<b","transitivity",NA,1,FALSE,1,FALSE,TRUE,2,2,0.0400043881462804,TRUE,TRUE,TRUE
4096,0.5,101,"x3","x8","a<b","b<a","transitivity",NA,1,TRUE,3,TRUE,TRUE,5,2,0.0736938131313023,TRUE,TRUE,FALSE
4096,0.5,101,"x3","x9","a<b","b<a","transitivity",NA,1,TRUE,5,TRUE,TRUE,4,10,0.213062182398764,TRUE,TRUE,FALSE
4096,0.5,101,"x4","x10","a<b","a<b","R1",1,1,FALSE,4,TRUE,TRUE,5,9,0.139240226219699,TRUE,TRUE,TRUE
4096,0.5,101,"x4","x11","a<b","b<a","transitivity",NA,1,FALSE,5,TRUE,TRUE,4,4,0.119676832121546,TRUE,TRUE,FALSE
4096,0.5,101,"x4","x12","a<b","a<b","R2",1,1,FALSE,8,TRUE,TRUE,5,6,0.0950343700483386,TRUE,TRUE,TRUE
4096,0.5,101,"x4","x13","a<b","a<b","R1",4,1,TRUE,10,TRUE,TRUE,3,6,0.256766599856932,TRUE,TRUE,TRUE
4096,0.5,101,"x4","x14","a<b","a<b","R1",2,1,FALSE,14,FALSE,TRUE,4,3,0.184124054495336,TRUE,TRUE,TRUE
4096,0.5,101,"x4","x15","a<b","b<a","R1",1,1,FALSE,8,TRUE,TRUE,6,10,0.0313576162245425,TRUE,TRUE,FALSE
4096,0.5,101,"x4","x5","none","a<b","R2",1,1,FALSE,0,TRUE,TRUE,NA,NA,0.0880922204528566,FALSE,TRUE,FALSE
4096,0.5,101,"x4","x6","none","b<a","transitivity",NA,1,FALSE,0,TRUE,TRUE,NA,NA,0.0938964354730761,FALSE,TRUE,FALSE
4096,0.5,101,"x4","x7","a<b","a<b","R1",5,1,TRUE,1,FALSE,TRUE,2,2,0.394670816902303,TRUE,TRUE,TRUE
4096,0.5,101,"x4","x8","a<b","b<a","transitivity",NA,1,TRUE,2,TRUE,TRUE,5,2,0.209635873052231,TRUE,TRUE,FALSE
4096,0.5,101,"x4","x9","a<b","b<a","transitivity",NA,1,FALSE,3,TRUE,TRUE,4,10,0.0442032503565844,TRUE,TRUE,FALSE
4096,0.5,101,"x5","x10","a<b","b<a","R2",1,1,FALSE,1,TRUE,TRUE,5,9,0.0704726648659028,TRUE,TRUE,FALSE
4096,0.5,101,"x5","x11","a<b","b<a","transitivity",NA,1,FALSE,2,TRUE,TRUE,4,4,0.0235847765231187,TRUE,TRUE,FALSE
4096,0.5,101,"x5","x12","a<b","a<b","R1",2,1,TRUE,4,TRUE,TRUE,5,6,0.107807121851596,TRUE,TRUE,TRUE
4096,0.5,101,"x5","x13","a<b","none","R3",NA,1,FALSE,3,TRUE,TRUE,3,6,0.00795876135192936,TRUE,FALSE,FALSE
4096,0.5,101,"x5","x14","a<b","b<a","R2",1,1,FALSE,4,FALSE,TRUE,4,3,0.0605423505485664,TRUE,TRUE,FALSE
4096,0.5,101,"x5","x15","a<b","b<a","transitivity",NA,1,TRUE,4,TRUE,TRUE,6,10,0.10161001696006,TRUE,TRUE,FALSE
4096,0.5,101,"x5","x6","none","b<a","transitivity",NA,1,FALSE,0,TRUE,TRUE,NA,NA,0.0183036521812226,FALSE,TRUE,FALSE
4096,0.5,101,"x5","x7","none","b<a","R2",1,1,FALSE,0,FALSE,TRUE,NA,NA,0.0830029256404316,FALSE,TRUE,FALSE
4096,0.5,101,"x5","x8","a<b","b<a","transitivity",NA,1,TRUE,1,TRUE,TRUE,5,2,0.267150894077096,TRUE,TRUE,FALSE
4096,0.5,101,"x5","x9","a<b","b<a","transitivity",NA,1,FALSE,1,TRUE,TRUE,4,10,0.00498787839865075,TRUE,TRUE,FALSE
4096,0.5,101,"x6","x10","none","a<b","transitivity",NA,1,FALSE,0,TRUE,TRUE,NA,NA,0.00803539420920305,FALSE,TRUE,FALSE
4096,0.5,101,"x6","x11","a<b","a<b","R1",2,1,TRUE,1,TRUE,TRUE,4,4,0.228356902527395,TRUE,TRUE,TRUE
4096,0.5,101,"x6","x12","a<b","a<b","R1",3,1,TRUE,2,TRUE,TRUE,5,6,0.29486806843914,TRUE,TRUE,TRUE
4096,0.5,101,"x6","x13","a<b","a<b","transitivity",NA,1,FALSE,1,TRUE,TRUE,3,6,0.0281539368702257,TRUE,TRUE,TRUE
4096,0.5,101,"x6","x14","a<b","a<b","transitivity",NA,1,FALSE,1,TRUE,TRUE,4,3,0.000302167343038239,TRUE,TRUE,TRUE
4096,0.5,101,"x6","x15","a<b","a<b","R1",5,1,TRUE,2,TRUE,TRUE,6,10,0.351312343204219,TRUE,TRUE,TRUE
4096,0.5,101,"x6","x7","none","a<b","transitivity",NA,1,FALSE,0,TRUE,TRUE,NA,NA,0.0391315662607567,FALSE,TRUE,FALSE
4096,0.5,101,"x6","x8","none","b<a","transitivity",NA,1,FALSE,0,TRUE,TRUE,NA,NA,0.0106285300870183,FALSE,TRUE,FALSE
4096,0.5,101,"x6","x9","none","b<a","transitivity",NA,1,FALSE,0,TRUE,TRUE,NA,NA,0.0682359056471782,FALSE,TRUE,FALSE
4096,0.5,101,"x7","x10","a<b","a<b","R1",2,1,TRUE,3,TRUE,TRUE,5,9,0.260628837825835,TRUE,TRUE,TRUE
4096,0.5,101,"x7","x11","a<b","b<a","R1",1,1,FALSE,3,TRUE,TRUE,4,4,0.149298215174428,TRUE,TRUE,FALSE
4096,0.5,101,"x7","x12","a<b","none","R3",NA,2,FALSE,5,FALSE,TRUE,5,6,0.0144184088257958,TRUE,FALSE,FALSE
4096,0.5,101,"x7","x13","a<b","b<a","R1",2,1,FALSE,6,TRUE,TRUE,3,6,0.0651197706452105,TRUE,TRUE,FALSE
4096,0.5,101,"x7","x14","a<b","a<b","R1",3,1,TRUE,9,TRUE,TRUE,4,3,0.420126425188203,TRUE,TRUE,TRUE
4096,0.5,101,"x7","x15","a<b","b<a","transitivity",NA,1,FALSE,5,FALSE,TRUE,6,10,0.0059309880512443,TRUE,TRUE,FALSE
4096,0.5,101,"x7","x8","a<b","b<a","transitivity",NA,1,TRUE,1,TRUE,TRUE,5,2,0.312858228279391,TRUE,TRUE,FALSE
4096,0.5,101,"x7","x9","a<b","b<a","transitivity",NA,1,TRUE,2,FALSE,TRUE,4,10,0.131102510608283,TRUE,TRUE,FALSE
4096,0.5,101,"x8","x10","a<b","a<b","transitivity",NA,1,FALSE,1,TRUE,TRUE,5,9,0.0413199841739549,TRUE,TRUE,TRUE
4096,0.5,101,"x8","x11","a<b","a<b","R1",2,1,TRUE,2,TRUE,TRUE,4,4,0.169380640689099,TRUE,TRUE,TRUE
4096,0.5,101,"x8","x12","a<b","a<b","R1",1,1,FALSE,3,TRUE,TRUE,5,6,0.0939411902245698,TRUE,TRUE,TRUE
4096,0.5,101,"x8","x13","a<b","a<b","transitivity",NA,1,FALSE,3,TRUE,TRUE,3,6,0.110635901516994,TRUE,TRUE,TRUE
4096,0.5,101,"x8","x14","a<b","a<b","transitivity",NA,1,FALSE,4,TRUE,TRUE,4,3,0.0394688718486301,TRUE,TRUE,TRUE
4096,0.5,101,"x8","x15","a<b","a<b","transitivity",NA,1,FALSE,3,TRUE,TRUE,6,10,0.122219469605373,TRUE,TRUE,TRUE
4096,0.5,101,"x8","x9","a<b","b<a","R1",1,1,TRUE,1,TRUE,TRUE,4,10,0.0883400312811257,TRUE,TRUE,FALSE
4096,0.5,101,"x9","x10","a<b","a<b","transitivity",NA,1,TRUE,1,TRUE,TRUE,5,9,0.0933950019574974,TRUE,TRUE,TRUE
4096,0.5,101,"x9","x11","a<b","a<b","R1",2,1,TRUE,1,TRUE,TRUE,4,4,0.152915830625974,TRUE,TRUE,TRUE
4096,0.5,101,"x9","x12","a<b","a<b","transitivity",NA,1,TRUE,2,TRUE,TRUE,5,6,0.202160182554033,TRUE,TRUE,TRUE
4096,0.5,101,"x9","x13","a<b","a<b","transitivity",NA,1,FALSE,2,TRUE,TRUE,3,6,0.0486516192739048,TRUE,TRUE,TRUE
4096,0.5,101,"x9","x14","a<b","a<b","transitivity",NA,1,TRUE,3,TRUE,TRUE,4,3,0.291008189091338,TRUE,TRUE,TRUE
4096,0.5,101,"x9","x15","a<b","a<b","transitivity",NA,1,TRUE,2,TRUE,TRUE,6,10,0.266183303460473,TRUE,TRUE,TRUE
4096,0.5,102,"x1","x10","a<b","a<b","R1",1,1,FALSE,3,FALSE,FALSE,1,4,0.109034029258494,TRUE,TRUE,TRUE
4096,0.5,102,"x1","x11","a<b","a<b","R1",1,1,TRUE,22,TRUE,FALSE,7,2,0.293561388493359,TRUE,TRUE,TRUE
4096,0.5,102,"x1","x12","a<b","b<a","R1",2,1,FALSE,6,FALSE,FALSE,2,2,0.166870542390564,TRUE,TRUE,FALSE
4096,0.5,102,"x1","x13","a<b","a<b","transitivity",NA,1,FALSE,37,FALSE,FALSE,5,3,0.0658255090969359,TRUE,TRUE,TRUE
4096,0.5,102,"x1","x14","a<b","a<b","transitivity",NA,1,FALSE,54,FALSE,FALSE,5,7,0.0953454202136187,TRUE,TRUE,TRUE
4096,0.5,102,"x1","x15","a<b","a<b","transitivity",NA,1,FALSE,119,TRUE,FALSE,7,9,0.0773845614249973,TRUE,TRUE,TRUE
4096,0.5,102,"x1","x2","a<b","a<b","R1",4,1,TRUE,1,FALSE,FALSE,1,3,0.251916368514347,TRUE,TRUE,TRUE
4096,0.5,102,"x1","x3","none","b<a","R1",1,1,FALSE,0,FALSE,FALSE,NA,NA,0.0359299166884109,FALSE,TRUE,FALSE
4096,0.5,102,"x1","x4","a<b","b<a","R1",3,1,TRUE,2,FALSE,FALSE,3,8,0.177180730944575,TRUE,TRUE,FALSE
4096,0.5,102,"x1","x5","a<b","b<a","transitivity",NA,1,FALSE,2,FALSE,FALSE,1,4,0.110961443498909,TRUE,TRUE,FALSE
4096,0.5,102,"x1","x6","a<b","b<a","R1",2,1,TRUE,3,TRUE,FALSE,2,8,0.181660886872875,TRUE,TRUE,FALSE
4096,0.5,102,"x1","x7","a<b","a<b","R1",3,1,TRUE,1,FALSE,FALSE,1,5,0.249095655730992,TRUE,TRUE,TRUE
4096,0.5,102,"x1","x8","a<b","a<b","R1",2,1,TRUE,3,FALSE,FALSE,2,2,0.36326300991953,TRUE,TRUE,TRUE
4096,0.5,102,"x1","x9","a<b","a<b","R2",1,1,FALSE,10,FALSE,FALSE,4,6,0.138065919360166,TRUE,TRUE,TRUE
4096,0.5,102,"x10","x11","a<b","a<b","R1",2,1,TRUE,1,TRUE,TRUE,7,2,0.0830662756241781,TRUE,TRUE,TRUE
4096,0.5,102,"x10","x12","none","b<a","transitivity",NA,1,FALSE,0,TRUE,TRUE,NA,NA,0.125142960702451,FALSE,TRUE,FALSE
4096,0.5,102,"x10","x13","a<b","a<b","R1",2,1,FALSE,1,TRUE,TRUE,5,3,0.109892957489242,TRUE,TRUE,TRUE
4096,0.5,102,"x10","x14","a<b","b<a","R1",2,1,FALSE,1,TRUE,TRUE,5,7,0.0611646260785217,TRUE,TRUE,FALSE
4096,0.5,102,"x10","x15","a<b","a<b","R1",1,1,FALSE,3,FALSE,TRUE,7,9,0.0350044421769792,TRUE,TRUE,TRUE
4096,0.5,102,"x11","x12","none","b<a","R1",2,1,FALSE,0,TRUE,TRUE,NA,NA,0.0415349972695147,FALSE,TRUE,FALSE
4096,0.5,102,"x11","x13","a<b","a<b","R1",1,1,TRUE,1,TRUE,TRUE,5,3,0.248592743949829,TRUE,TRUE,TRUE
4096,0.5,102,"x11","x14","a<b","b<a","transitivity",NA,1,FALSE,1,TRUE,TRUE,5,7,0.074010005385539,TRUE,TRUE,FALSE
4096,0.5,102,"x11","x15","a<b","a<b","R1",2,1,TRUE,3,TRUE,TRUE,7,9,0.167774540811892,TRUE,TRUE,TRUE
4096,0.5,102,"x12","x13","none","a<b","R1",2,1,FALSE,0,TRUE,TRUE,NA,NA,0.107468589343371,FALSE,TRUE,FALSE
4096,0.5,102,"x12","x14","a<b","a<b","R1",3,1,TRUE,1,FALSE,TRUE,5,7,0.238654929799038,TRUE,TRUE,TRUE
4096,0.5,102,"x12","x15","a<b","a<b","transitivity",NA,1,FALSE,1,TRUE,TRUE,7,9,0.0808556718631714,TRUE,TRUE,TRUE
4096,0.5,102,"x13","x14","a<b","b<a","R1",1,1,TRUE,1,TRUE,TRUE,5,7,0.196107923771154,TRUE,TRUE,FALSE
4096,0.5,102,"x13","x15","a<b","a<b","R1",1,1,TRUE,2,TRUE,TRUE,7,9,0.166480337549965,TRUE,TRUE,TRUE
4096,0.5,102,"x14","x15","a<b","a<b","transitivity",NA,1,TRUE,1,TRUE,TRUE,7,9,0.0100492572474588,TRUE,TRUE,TRUE
4096,0.5,102,"x2","x10","a<b","a<b","transitivity",NA,1,FALSE,1,FALSE,TRUE,1,4,0.0256580087754499,TRUE,TRUE,TRUE
4096,0.5,102,"x2","x11","a<b","a<b","R1",2,1,TRUE,8,TRUE,TRUE,7,2,0.24594952019578,TRUE,TRUE,TRUE
4096,0.5,102,"x2","x12","a<b","b<a","transitivity",NA,1,FALSE,2,FALSE,TRUE,2,2,0.0460605765392199,TRUE,TRUE,FALSE
4096,0.5,102,"x2","x13","a<b","a<b","R1",1,1,FALSE,14,FALSE,TRUE,5,3,0.0839735985114405,TRUE,TRUE,TRUE
4096,0.5,102,"x2","x14","a<b","a<b","transitivity",NA,1,FALSE,20,FALSE,TRUE,5,7,0.00627602760041114,TRUE,TRUE,TRUE
4096,0.5,102,"x2","x15","a<b","a<b","transitivity",NA,1,FALSE,44,FALSE,TRUE,7,9,0.0318523454723328,TRUE,TRUE,TRUE
4096,0.5,102,"x2","x3","none","b<a","transitivity",NA,1,FALSE,0,FALSE,FALSE,NA,NA,0.00935387801241649,FALSE,TRUE,FALSE
4096,0.5,102,"x2","x4","a<b","b<a","R1",1,1,TRUE,1,TRUE,TRUE,3,8,0.192246661923096,TRUE,TRUE,FALSE
4096,0.5,102,"x2","x5","a<b","b<a","transitivity",NA,1,FALSE,1,FALSE,TRUE,1,4,0.0729995412902774,TRUE,TRUE,FALSE
4096,0.5,102,"x2","x6","a<b","b<a","transitivity",NA,1,FALSE,1,TRUE,TRUE,2,8,0.0204402097691838,TRUE,TRUE,FALSE
4096,0.5,102,"x2","x7","none","a<b","R1",1,1,FALSE,0,TRUE,TRUE,NA,NA,0.0710020708693708,FALSE,TRUE,FALSE
4096,0.5,102,"x2","x8","a<b","a<b","transitivity",NA,1,FALSE,1,TRUE,TRUE,2,2,0.0903671653674457,TRUE,TRUE,TRUE
4096,0.5,102,"x2","x9","a<b","none","R3",NA,1,FALSE,4,TRUE,TRUE,4,6,0.00776867878426509,TRUE,FALSE,FALSE
4096,0.5,102,"x3","x10","a<b","a<b","transitivity",NA,1,FALSE,1,FALSE,FALSE,1,4,0.0398382514176706,TRUE,TRUE,TRUE
4096,0.5,102,"x3","x11","a<b","a<b","transitivity",NA,1,FALSE,7,FALSE,FALSE,7,2,0.0274047989601852,TRUE,TRUE,TRUE
4096,0.5,102,"x3","x12","a<b","a<b","transitivity",NA,1,FALSE,2,FALSE,FALSE,2,2,0.0324139042871425,TRUE,TRUE,TRUE
4096,0.5,102,"x3","x13","a<b","a<b","R1",2,1,TRUE,14,TRUE,FALSE,5,3,0.165498359737928,TRUE,TRUE,TRUE
4096,0.5,102,"x3","x14","a<b","a<b","R1",3,1,TRUE,21,FALSE,FALSE,5,7,0.180924689209232,TRUE,TRUE,TRUE
4096,0.5,102,"x3","x15","a<b","a<b","transitivity",NA,1,TRUE,45,TRUE,FALSE,7,9,0.148286879507834,TRUE,TRUE,TRUE
4096,0.5,102,"x3","x4","a<b","a<b","R1",1,1,TRUE,1,FALSE,FALSE,3,8,0.160459237316495,TRUE,TRUE,TRUE
4096,0.5,102,"x3","x5","a<b","a<b","transitivity",NA,1,FALSE,1,FALSE,FALSE,1,4,0.0404114423343963,TRUE,TRUE,TRUE
4096,0.5,102,"x3","x6","a<b","b<a","R2",1,1,FALSE,1,TRUE,FALSE,2,8,0.0435756259427067,TRUE,TRUE,FALSE
4096,0.5,102,"x3","x7","none","a<b","transitivity",NA,1,FALSE,0,TRUE,FALSE,NA,NA,0.0217161324343796,FALSE,TRUE,FALSE
4096,0.5,102,"x3","x8","a<b","a<b","transitivity",NA,1,FALSE,1,TRUE,FALSE,2,2,0.0562208048370888,TRUE,TRUE,TRUE
4096,0.5,102,"x3","x9","a<b","a<b","R1",1,1,FALSE,4,FALSE,FALSE,4,6,0.0533584429705172,TRUE,TRUE,TRUE
4096,0.5,102,"x4","x10","a<b","a<b","transitivity",NA,1,FALSE,1,FALSE,TRUE,1,4,0.00423782377118813,TRUE,TRUE,TRUE
4096,0.5,102,"x4","x11","a<b","a<b","transitivity",NA,1,FALSE,7,TRUE,TRUE,7,2,0.086352261068214,TRUE,TRUE,TRUE
4096,0.5,102,"x4","x12","a<b","a<b","transitivity",NA,1,FALSE,2,TRUE,TRUE,2,2,0.0703894280628694,TRUE,TRUE,TRUE
4096,0.5,102,"x4","x13","a<b","a<b","R1",2,1,TRUE,13,TRUE,TRUE,5,3,0.19245768978696,TRUE,TRUE,TRUE
4096,0.5,102,"x4","x14","a<b","a<b","R1",1,1,FALSE,19,TRUE,TRUE,5,7,0.043779356074056,TRUE,TRUE,TRUE
4096,0.5,102,"x4","x15","a<b","a<b","transitivity",NA,1,FALSE,41,TRUE,TRUE,7,9,0.0655564229306606,TRUE,TRUE,TRUE
4096,0.5,102,"x4","x5","a<b","a<b","R1",8,1,TRUE,1,TRUE,FALSE,1,4,0.344059486926462,TRUE,TRUE,TRUE
4096,0.5,102,"x4","x6","a<b","b<a","R1",4,2,TRUE,1,TRUE,TRUE,2,8,0.187155797197062,TRUE,TRUE,FALSE
4096,0.5,102,"x4","x7","none","a<b","transitivity",NA,1,FALSE,0,TRUE,TRUE,NA,NA,0.0491993884180463,FALSE,TRUE,FALSE
4096,0.5,102,"x4","x8","a<b","a<b","R1",1,1,FALSE,1,TRUE,TRUE,2,2,0.0404540177158038,TRUE,TRUE,TRUE
4096,0.5,102,"x4","x9","a<b","a<b","R1",2,1,TRUE,4,FALSE,TRUE,4,6,0.173541951748556,TRUE,TRUE,TRUE
4096,0.5,102,"x5","x10","a<b","a<b","transitivity",NA,1,FALSE,1,FALSE,TRUE,1,4,0.120074540939224,TRUE,TRUE,TRUE
4096,0.5,102,"x5","x11","a<b","a<b","transitivity",NA,1,FALSE,4,FALSE,TRUE,7,2,0.00990100760459222,TRUE,TRUE,TRUE
4096,0.5,102,"x5","x12","a<b","a<b","R1",2,1,FALSE,1,FALSE,TRUE,2,2,0.187236389223444,TRUE,TRUE,TRUE
4096,0.5,102,"x5","x13","a<b","a<b","R1",1,1,FALSE,7,TRUE,TRUE,5,3,0.208342639029744,TRUE,TRUE,TRUE
4096,0.5,102,"x5","x14","a<b","a<b","R1",1,1,FALSE,10,TRUE,TRUE,5,7,0.0759448597594312,TRUE,TRUE,TRUE
4096,0.5,102,"x5","x15","a<b","a<b","R1",1,1,TRUE,22,TRUE,TRUE,7,9,0.219841268492845,TRUE,TRUE,TRUE
4096,0.5,102,"x5","x6","none","b<a","transitivity",NA,2,FALSE,0,TRUE,TRUE,NA,NA,0.0659201136306427,FALSE,TRUE,FALSE
4096,0.5,102,"x5","x7","none","a<b","transitivity",NA,1,FALSE,0,TRUE,TRUE,NA,NA,0.0136943557922826,FALSE,TRUE,FALSE
4096,0.5,102,"x5","x8","a<b","a<b","R1",7,1,TRUE,1,FALSE,TRUE,2,2,0.392534338632816,TRUE,TRUE,TRUE
4096,0.5,102,"x5","x9","a<b","a<b","transitivity",NA,1,TRUE,2,TRUE,TRUE,4,6,0.0544945806589498,TRUE,TRUE,TRUE
4096,0.5,102,"x6","x10","none","a<b","R1",1,1,FALSE,0,TRUE,TRUE,NA,NA,0.0377523439215393,FALSE,TRUE,FALSE
4096,0.5,102,"x6","x11","a<b","a<b","transitivity",NA,1,TRUE,2,TRUE,TRUE,7,2,0.051375954659959,TRUE,TRUE,TRUE
4096,0.5,102,"x6","x12","a<b","a<b","R1",6,1,TRUE,1,FALSE,TRUE,2,2,0.353248053327169,TRUE,TRUE,TRUE
4096,0.5,102,"x6","x13","a<b","a<b","transitivity",NA,1,FALSE,3,TRUE,TRUE,5,3,0.00778479956335853,TRUE,TRUE,TRUE
4096,0.5,102,"x6","x14","a<b","a<b","R1",3,1,FALSE,5,TRUE,TRUE,5,7,0.139006363329948,TRUE,TRUE,TRUE
4096,0.5,102,"x6","x15","a<b","a<b","transitivity",NA,1,TRUE,11,TRUE,TRUE,7,9,0.134419217044273,TRUE,TRUE,TRUE
4096,0.5,102,"x6","x7","none","a<b","transitivity",NA,1,FALSE,0,TRUE,TRUE,NA,NA,0.0534556012893384,FALSE,TRUE,FALSE
4096,0.5,102,"x6","x8","none","a<b","R1",2,1,FALSE,0,TRUE,TRUE,NA,NA,0.12858552654124,FALSE,TRUE,FALSE
4096,0.5,102,"x6","x9","a<b","a<b","R1",6,1,TRUE,1,TRUE,TRUE,4,6,0.258415419499478,TRUE,TRUE,TRUE
4096,0.5,102,"x7","x10","none","a<b","transitivity",NA,1,FALSE,0,TRUE,TRUE,NA,NA,0.0265215787033883,FALSE,TRUE,FALSE
4096,0.5,102,"x7","x11","a<b","a<b","R1",2,1,TRUE,1,TRUE,TRUE,7,2,0.257725594071401,TRUE,TRUE,TRUE
4096,0.5,102,"x7","x12","none","b<a","transitivity",NA,1,FALSE,0,FALSE,TRUE,NA,NA,0.0591633110522289,FALSE,TRUE,FALSE
4096,0.5,102,"x7","x13","a<b","a<b","transitivity",NA,1,FALSE,1,FALSE,TRUE,5,3,0.0585335090446409,TRUE,TRUE,TRUE
4096,0.5,102,"x7","x14","a<b","a<b","R1",1,1,TRUE,2,TRUE,TRUE,5,7,0.191296592364204,TRUE,TRUE,TRUE
4096,0.5,102,"x7","x15","a<b","a<b","R1",2,1,TRUE,5,FALSE,TRUE,7,9,0.178151248285637,TRUE,TRUE,TRUE
4096,0.5,102,"x7","x8","none","a<b","R1",1,1,FALSE,0,TRUE,TRUE,NA,NA,0.140721375444009,FALSE,TRUE,FALSE
4096,0.5,102,"x7","x9","none","b<a","R2",1,1,FALSE,0,TRUE,TRUE,NA,NA,0.0424756478014053,FALSE,TRUE,FALSE
4096,0.5,102,"x8","x10","a<b","a<b","R1",4,1,TRUE,1,FALSE,FALSE,1,4,0.309710716222867,TRUE,TRUE,TRUE
4096,0.5,102,"x8","x11","a<b","a<b","R1",2,1,TRUE,3,TRUE,TRUE,7,2,0.271376509494572,TRUE,TRUE,TRUE
4096,0.5,102,"x8","x12","a<b","b<a","transitivity",NA,1,TRUE,1,FALSE,TRUE,2,2,0.424454075547004,TRUE,TRUE,FALSE
4096,0.5,102,"x8","x13","a<b","a<b","R1",1,1,TRUE,5,FALSE,TRUE,5,3,0.198037063063175,TRUE,TRUE,TRUE
4096,0.5,102,"x8","x14","a<b","a<b","R1",1,1,FALSE,7,FALSE,TRUE,5,7,0.164864208047178,TRUE,TRUE,TRUE
4096,0.5,102,"x8","x15","a<b","a<b","R1",1,1,FALSE,15,TRUE,TRUE,7,9,0.155970847514508,TRUE,TRUE,TRUE
4096,0.5,102,"x8","x9","a<b","NA","unresolved",NA,NA,TRUE,1,TRUE,TRUE,4,6,0.181935739476448,TRUE,FALSE,FALSE
4096,0.5,102,"x9","x10","none","NA","unresolved",NA,NA,FALSE,0,TRUE,TRUE,NA,NA,0.0562676072758828,FALSE,FALSE,FALSE
4096,0.5,102,"x9","x11","a<b","a<b","R1",4,1,TRUE,1,TRUE,TRUE,7,2,0.190449949579472,TRUE,TRUE,TRUE
4096,0.5,102,"x9","x12","none","b<a","R1",1,1,FALSE,0,TRUE,TRUE,NA,NA,0.145943708713116,FALSE,TRUE,FALSE
4096,0.5,102,"x9","x13","a<b","a<b","R1",3,1,TRUE,2,TRUE,TRUE,5,3,0.201144326371961,TRUE,TRUE,TRUE
4096,0.5,102,"x9","x14","a<b","a<b","R2",3,1,TRUE,3,FALSE,TRUE,5,7,0.196908657732854,TRUE,TRUE,TRUE
4096,0.5,102,"x9","x15","a<b","a<b","transitivity",NA,1,FALSE,6,TRUE,TRUE,7,9,0.00491353500693521,TRUE,TRUE,TRUE
4096,0.5,103,"x1","x10","a<b","b<a","R1",1,1,FALSE,6,FALSE,FALSE,3,1,0.108790900871848,TRUE,TRUE,FALSE
4096,0.5,103,"x1","x11","a<b","b<a","transitivity",NA,2,FALSE,4,FALSE,FALSE,2,5,0.0240588677125701,TRUE,TRUE,FALSE
4096,0.5,103,"x1","x12","a<b","b<a","transitivity",NA,1,FALSE,13,FALSE,FALSE,6,3,0.0172203069947669,TRUE,TRUE,FALSE
4096,0.5,103,"x1","x13","a<b","b<a","R1",1,1,TRUE,24,TRUE,FALSE,7,5,0.209929404171882,TRUE,TRUE,FALSE
4096,0.5,103,"x1","x14","a<b","a<b","R1",1,1,TRUE,9,FALSE,FALSE,5,2,0.0897649940692143,TRUE,TRUE,TRUE
4096,0.5,103,"x1","x15","a<b","b<a","transitivity",NA,1,FALSE,48,TRUE,FALSE,5,6,0.0378398002562367,TRUE,TRUE,FALSE
4096,0.5,103,"x1","x2","none","b<a","transitivity",NA,1,FALSE,0,FALSE,FALSE,NA,NA,0.000791943576453513,FALSE,TRUE,FALSE
4096,0.5,103,"x1","x3","a<b","a<b","R1",3,1,TRUE,1,FALSE,FALSE,1,5,0.381144372574854,TRUE,TRUE,TRUE
4096,0.5,103,"x1","x4","a<b","a<b","R1",2,1,TRUE,2,FALSE,FALSE,2,3,0.153527909429576,TRUE,TRUE,TRUE
4096,0.5,103,"x1","x5","a<b","a<b","R1",4,1,TRUE,3,FALSE,FALSE,2,4,0.277775861261134,TRUE,TRUE,TRUE
4096,0.5,103,"x1","x6","none","b<a","transitivity",NA,1,FALSE,0,FALSE,FALSE,NA,NA,0.0101327713282619,FALSE,TRUE,FALSE
4096,0.5,103,"x1","x7","a<b","a<b","R1",1,1,TRUE,1,FALSE,FALSE,1,6,0.22960712024389,TRUE,TRUE,TRUE
4096,0.5,103,"x1","x8","a<b","a<b","transitivity",NA,1,FALSE,1,TRUE,FALSE,1,5,0.0603638318908584,TRUE,TRUE,TRUE
4096,0.5,103,"x1","x9","a<b","b<a","transitivity",NA,1,FALSE,4,TRUE,FALSE,3,5,0.047811035843416,TRUE,TRUE,FALSE
4096,0.5,103,"x10","x11","none","b<a","transitivity",NA,2,FALSE,0,FALSE,TRUE,NA,NA,0.00508823530222726,FALSE,TRUE,FALSE
4096,0.5,103,"x10","x12","a<b","b<a","R1",2,1,TRUE,1,TRUE,TRUE,6,3,0.250017189560046,TRUE,TRUE,FALSE
4096,0.5,103,"x10","x13","a<b","a<b","R1",1,1,TRUE,2,TRUE,TRUE,7,5,0.123559242218675,TRUE,TRUE,TRUE
4096,0.5,103,"x10","x14","none","a<b","transitivity",NA,1,FALSE,0,TRUE,TRUE,NA,NA,0.014568382474507,FALSE,TRUE,FALSE
4096,0.5,103,"x10","x15","a<b","b<a","R1",2,1,TRUE,4,TRUE,TRUE,5,6,0.199123658271634,TRUE,TRUE,FALSE
4096,0.5,103,"x11","x12","none","a<b","transitivity",NA,2,FALSE,0,TRUE,TRUE,NA,NA,0.0527677182666904,FALSE,TRUE,FALSE
4096,0.5,103,"x11","x13","none","a<b","transitivity",NA,2,FALSE,0,TRUE,TRUE,NA,NA,0.0291954654760003,FALSE,TRUE,FALSE
4096,0.5,103,"x11","x14","a<b","a<b","R1",1,1,TRUE,1,TRUE,TRUE,5,2,0.288203927120852,TRUE,TRUE,TRUE
4096,0.5,103,"x11","x15","none","none","R3",NA,1,FALSE,0,TRUE,TRUE,NA,NA,0.00951303716255559,FALSE,FALSE,TRUE
4096,0.5,103,"x12","x13","a<b","a<b","transitivity",NA,1,TRUE,1,TRUE,TRUE,7,5,0.229218557224186,TRUE,TRUE,TRUE
4096,0.5,103,"x12","x14","none","a<b","R1",1,1,FALSE,0,TRUE,TRUE,NA,NA,0.0933680995968119,FALSE,TRUE,FALSE
4096,0.5,103,"x12","x15","a<b","b<a","R1",1,1,TRUE,2,TRUE,TRUE,5,6,0.168196866815098,TRUE,TRUE,FALSE
4096,0.5,103,"x13","x14","none","a<b","transitivity",NA,1,FALSE,0,TRUE,TRUE,NA,NA,0.0621055633596933,FALSE,TRUE,FALSE
4096,0.5,103,"x13","x15","a<b","b<a","transitivity",NA,1,TRUE,1,TRUE,TRUE,5,6,0.280934290597582,TRUE,TRUE,FALSE
4096,0.5,103,"x14","x15","none","b<a","R1",1,1,FALSE,0,FALSE,TRUE,NA,NA,0.0517446529204583,FALSE,TRUE,FALSE
4096,0.5,103,"x2","x10","none","a<b","transitivity",NA,1,FALSE,0,FALSE,FALSE,NA,NA,0.0256286880770037,FALSE,TRUE,FALSE
4096,0.5,103,"x2","x11","a<b","a<b","R1",1,1,TRUE,1,FALSE,FALSE,2,5,0.160453546518008,TRUE,TRUE,TRUE
4096,0.5,103,"x2","x12","a<b","a<b","R1",1,1,TRUE,1,FALSE,FALSE,6,3,0.211963523379639,TRUE,TRUE,TRUE
4096,0.5,103,"x2","x13","a<b","a<b","R1",1,1,TRUE,2,FALSE,FALSE,7,5,0.201474907906765,TRUE,TRUE,TRUE
4096,0.5,103,"x2","x14","a<b","a<b","R1",1,1,TRUE,2,FALSE,FALSE,5,2,0.241675192659531,TRUE,TRUE,TRUE
4096,0.5,103,"x2","x15","a<b","a<b","R1",1,1,FALSE,3,FALSE,FALSE,5,6,0.112817656651046,TRUE,TRUE,TRUE
4096,0.5,103,"x2","x3","none","a<b","transitivity",NA,1,FALSE,0,FALSE,FALSE,NA,NA,0.00765303192641847,FALSE,TRUE,FALSE
4096,0.5,103,"x2","x4","none","a<b","transitivity",NA,1,FALSE,0,FALSE,FALSE,NA,NA,0.0119783435481481,FALSE,TRUE,FALSE
4096,0.5,103,"x2","x5","none","a<b","transitivity",NA,1,FALSE,0,FALSE,FALSE,NA,NA,0.00135051614953857,FALSE,TRUE,FALSE
4096,0.5,103,"x2","x6","none","none","R3",NA,1,FALSE,0,FALSE,FALSE,NA,NA,0.0162728724771844,FALSE,FALSE,TRUE
4096,0.5,103,"x2","x7","none","a<b","transitivity",NA,1,FALSE,0,FALSE,FALSE,NA,NA,0.0160240205989371,FALSE,TRUE,FALSE
4096,0.5,103,"x2","x8","none","a<b","transitivity",NA,1,FALSE,0,FALSE,FALSE,NA,NA,0.00295024553343959,FALSE,TRUE,FALSE
4096,0.5,103,"x2","x9","none","a<b","transitivity",NA,1,FALSE,0,FALSE,FALSE,NA,NA,0.0127056710548287,FALSE,TRUE,FALSE
4096,0.5,103,"x3","x10","a<b","b<a","transitivity",NA,1,FALSE,2,FALSE,TRUE,3,1,0.0770900326744531,TRUE,TRUE,FALSE
4096,0.5,103,"x3","x11","a<b","b<a","transitivity",NA,2,FALSE,1,FALSE,TRUE,2,5,0.0119427776946709,TRUE,TRUE,FALSE
4096,0.5,103,"x3","x12","a<b","b<a","transitivity",NA,1,FALSE,4,FALSE,TRUE,6,3,0.0146436186732019,TRUE,TRUE,FALSE
4096,0.5,103,"x3","x13","a<b","b<a","transitivity",NA,1,FALSE,7,TRUE,TRUE,7,5,0.115681309578411,TRUE,TRUE,FALSE
4096,0.5,103,"x3","x14","a<b","b<a","R2",2,1,FALSE,2,TRUE,TRUE,5,2,0.0772748587058406,TRUE,TRUE,FALSE
4096,0.5,103,"x3","x15","a<b","b<a","transitivity",NA,1,FALSE,14,FALSE,TRUE,5,6,0.0380984153830893,TRUE,TRUE,FALSE
4096,0.5,103,"x3","x4","a<b","a<b","R1",2,1,TRUE,1,TRUE,TRUE,2,3,0.167269390269607,TRUE,TRUE,TRUE
4096,0.5,103,"x3","x5","a<b","a<b","transitivity",NA,1,FALSE,1,TRUE,TRUE,2,4,0.0623927606900941,TRUE,TRUE,TRUE
4096,0.5,103,"x3","x6","none","b<a","transitivity",NA,1,FALSE,0,TRUE,FALSE,NA,NA,0.0305890070656226,FALSE,TRUE,FALSE
4096,0.5,103,"x3","x7","none","b<a","R2",1,1,FALSE,0,TRUE,TRUE,NA,NA,0.0948219674401848,FALSE,TRUE,FALSE
4096,0.5,103,"x3","x8","none","none","R3",NA,1,FALSE,0,FALSE,TRUE,NA,NA,0.0311791811685689,FALSE,FALSE,TRUE
4096,0.5,103,"x3","x9","a<b","b<a","transitivity",NA,1,FALSE,1,TRUE,TRUE,3,5,0.00589637324587564,TRUE,TRUE,FALSE
4096,0.5,103,"x4","x10","a<b","b<a","transitivity",NA,1,TRUE,2,FALSE,TRUE,3,1,0.370723215502688,TRUE,TRUE,FALSE
4096,0.5,103,"x4","x11","a<b","b<a","transitivity",NA,2,FALSE,1,FALSE,TRUE,2,5,0.0259982172452246,TRUE,TRUE,FALSE
4096,0.5,103,"x4","x12","a<b","b<a","R1",2,1,TRUE,4,TRUE,TRUE,6,3,0.146409228524953,TRUE,TRUE,FALSE
4096,0.5,103,"x4","x13","a<b","b<a","transitivity",NA,1,TRUE,7,TRUE,TRUE,7,5,0.0829660246212166,TRUE,TRUE,FALSE
4096,0.5,103,"x4","x14","a<b","b<a","R2",1,1,FALSE,2,TRUE,TRUE,5,2,0.00235328443610013,TRUE,TRUE,FALSE
4096,0.5,103,"x4","x15","a<b","b<a","transitivity",NA,1,FALSE,14,FALSE,TRUE,5,6,0.130489849917832,TRUE,TRUE,FALSE
4096,0.5,103,"x4","x5","a<b","a<b","R1",5,1,TRUE,1,TRUE,TRUE,2,4,0.335485784856945,TRUE,TRUE,TRUE
4096,0.5,103,"x4","x6","none","b<a","transitivity",NA,1,FALSE,0,FALSE,FALSE,NA,NA,0.00469019625693219,FALSE,TRUE,FALSE
4096,0.5,103,"x4","x7","none","none","R3",NA,1,FALSE,0,TRUE,TRUE,NA,NA,0.0301873743699891,FALSE,FALSE,TRUE
4096,0.5,103,"x4","x8","none","none","R3",NA,1,FALSE,0,FALSE,TRUE,NA,NA,0.0189985860778642,FALSE,FALSE,TRUE
4096,0.5,103,"x4","x9","a<b","b<a","R1",1,1,FALSE,1,FALSE,TRUE,3,5,0.0566751416878517,TRUE,TRUE,FALSE
4096,0.5,103,"x5","x10","a<b","b<a","transitivity",NA,1,TRUE,1,TRUE,TRUE,3,1,0.407685647690157,TRUE,TRUE,FALSE
4096,0.5,103,"x5","x11","a<b","b<a","transitivity",NA,2,FALSE,1,FALSE,TRUE,2,5,0.0496867639880164,TRUE,TRUE,FALSE
4096,0.5,103,"x5","x12","a<b","b<a","transitivity",NA,1,FALSE,2,TRUE,TRUE,6,3,0.0504687660065525,TRUE,TRUE,FALSE
4096,0.5,103,"x5","x13","a<b","b<a","transitivity",NA,1,FALSE,3,TRUE,TRUE,7,5,0.0864212965517451,TRUE,TRUE,FALSE
4096,0.5,103,"x5","x14","a<b","NA","unresolved",NA,NA,TRUE,2,TRUE,TRUE,5,2,0.162482620293105,TRUE,FALSE,FALSE
4096,0.5,103,"x5","x15","a<b","b<a","transitivity",NA,1,FALSE,7,FALSE,TRUE,5,6,0.0483947978446709,TRUE,TRUE,FALSE
4096,0.5,103,"x5","x6","none","b<a","transitivity",NA,1,FALSE,0,FALSE,FALSE,NA,NA,0.0146649327549027,FALSE,TRUE,FALSE
4096,0.5,103,"x5","x7","none","b<a","R1",1,1,FALSE,0,TRUE,TRUE,NA,NA,0.0716266213144467,FALSE,TRUE,FALSE
4096,0.5,103,"x5","x8","none","none","R3",NA,1,FALSE,0,FALSE,TRUE,NA,NA,0.0283007184572921,FALSE,FALSE,TRUE
4096,0.5,103,"x5","x9","a<b","b<a","transitivity",NA,1,TRUE,1,TRUE,TRUE,3,5,0.169371351843485,TRUE,TRUE,FALSE
4096,0.5,103,"x6","x10","none","a<b","transitivity",NA,1,FALSE,0,FALSE,FALSE,NA,NA,0.0239098739288144,FALSE,TRUE,FALSE
4096,0.5,103,"x6","x11","a<b","b<a","R2",1,1,FALSE,1,FALSE,FALSE,2,5,0.0633054280639526,TRUE,TRUE,FALSE
4096,0.5,103,"x6","x12","a<b","a<b","R1",2,1,TRUE,2,FALSE,FALSE,6,3,0.158491199911141,TRUE,TRUE,TRUE
4096,0.5,103,"x6","x13","a<b","a<b","transitivity",NA,1,FALSE,2,FALSE,FALSE,7,5,0.0336728524164171,TRUE,TRUE,TRUE
4096,0.5,103,"x6","x14","a<b","a<b","transitivity",NA,1,FALSE,1,FALSE,FALSE,5,2,0.0291180860547223,TRUE,TRUE,TRUE
4096,0.5,103,"x6","x15","a<b","a<b","R1",1,1,FALSE,5,FALSE,FALSE,5,6,0.0879190083221811,TRUE,TRUE,TRUE
4096,0.5,103,"x6","x7","none","a<b","transitivity",NA,1,FALSE,0,FALSE,FALSE,NA,NA,0.0147235322664998,FALSE,TRUE,FALSE
4096,0.5,103,"x6","x8","none","a<b","transitivity",NA,1,FALSE,0,FALSE,FALSE,NA,NA,0.00363999496257121,FALSE,TRUE,FALSE
4096,0.5,103,"x6","x9","a<b","a<b","R1",3,1,TRUE,1,FALSE,FALSE,3,5,0.213014900870298,TRUE,TRUE,TRUE
4096,0.5,103,"x7","x10","a<b","b<a","transitivity",NA,1,FALSE,1,FALSE,TRUE,3,1,0.0382352456017185,TRUE,TRUE,FALSE
4096,0.5,103,"x7","x11","a<b","b<a","transitivity",NA,2,FALSE,1,TRUE,TRUE,2,5,0.02577549825714,TRUE,TRUE,FALSE
4096,0.5,103,"x7","x12","a<b","b<a","transitivity",NA,1,FALSE,3,TRUE,TRUE,6,3,0.0523704735516502,TRUE,TRUE,FALSE
4096,0.5,103,"x7","x13","a<b","b<a","R1",2,1,TRUE,6,TRUE,TRUE,7,5,0.23045921385013,TRUE,TRUE,FALSE
4096,0.5,103,"x7","x14","a<b","a<b","R1",2,1,TRUE,2,TRUE,TRUE,5,2,0.154453139042504,TRUE,TRUE,TRUE
4096,0.5,103,"x7","x15","a<b","b<a","transitivity",NA,1,FALSE,12,TRUE,TRUE,5,6,0.0857781282974782,TRUE,TRUE,FALSE
4096,0.5,103,"x7","x8","a<b","a<b","R1",2,1,TRUE,1,FALSE,FALSE,1,5,0.242185566648588,TRUE,TRUE,TRUE
4096,0.5,103,"x7","x9","a<b","b<a","transitivity",NA,1,FALSE,1,FALSE,TRUE,3,5,0.0222032769173166,TRUE,TRUE,FALSE
4096,0.5,103,"x8","x10","a<b","b<a","R1",2,1,TRUE,1,FALSE,TRUE,3,1,0.2825269886439,TRUE,TRUE,FALSE
4096,0.5,103,"x8","x11","a<b","b<a","transitivity",NA,2,FALSE,1,TRUE,TRUE,2,5,0.058308555744945,TRUE,TRUE,FALSE
4096,0.5,103,"x8","x12","a<b","b<a","transitivity",NA,1,TRUE,3,FALSE,TRUE,6,3,0.27627590705558,TRUE,TRUE,FALSE
4096,0.5,103,"x8","x13","a<b","b<a","transitivity",NA,1,TRUE,5,TRUE,TRUE,7,5,0.0930376820834826,TRUE,TRUE,FALSE
4096,0.5,103,"x8","x14","a<b","a<b","R1",1,2,FALSE,1,TRUE,TRUE,5,2,0.0566778832217322,TRUE,TRUE,TRUE
4096,0.5,103,"x8","x15","a<b","b<a","transitivity",NA,1,TRUE,11,FALSE,TRUE,5,6,0.205644643545444,TRUE,TRUE,FALSE
4096,0.5,103,"x8","x9","a<b","b<a","R1",2,1,TRUE,1,FALSE,TRUE,3,5,0.196722063547712,TRUE,TRUE,FALSE
4096,0.5,103,"x9","x10","none","a<b","R1",2,1,FALSE,0,TRUE,TRUE,NA,NA,0.162622871630302,FALSE,TRUE,FALSE
4096,0.5,103,"x9","x11","a<b","b<a","R1",2,2,TRUE,1,TRUE,FALSE,2,5,0.187896497929529,TRUE,TRUE,FALSE
4096,0.5,103,"x9","x12","a<b","a<b","R1",1,1,TRUE,1,TRUE,TRUE,6,3,0.0690830777433232,TRUE,TRUE,TRUE
4096,0.5,103,"x9","x13","a<b","a<b","R1",1,1,FALSE,1,TRUE,TRUE,7,5,0.0391568675035571,TRUE,TRUE,TRUE
4096,0.5,103,"x9","x14","a<b","a<b","R1",2,1,FALSE,1,TRUE,TRUE,5,2,0.0232961485334487,TRUE,TRUE,TRUE
4096,0.5,103,"x9","x15","a<b","b<a","R1",1,1,TRUE,3,TRUE,TRUE,5,6,0.0850764054178838,TRUE,TRUE,FALSE
4096,0.5,104,"x1","x10","a<b","a<b","R1",4,1,TRUE,2,TRUE,FALSE,5,5,0.255772536166566,TRUE,TRUE,TRUE
4096,0.5,104,"x1","x11","none","a<b","transitivity",NA,1,FALSE,0,FALSE,FALSE,NA,NA,0.0259992119958474,FALSE,TRUE,FALSE
4096,0.5,104,"x1","x12","a<b","a<b","R1",3,1,TRUE,1,FALSE,FALSE,2,5,0.291384331987639,TRUE,TRUE,TRUE
4096,0.5,104,"x1","x13","a<b","a<b","R1",2,1,TRUE,3,TRUE,FALSE,4,7,0.130846014391418,TRUE,TRUE,TRUE
4096,0.5,104,"x1","x14","a<b","a<b","R1",3,1,TRUE,7,FALSE,FALSE,8,5,0.228581205954212,TRUE,TRUE,TRUE
4096,0.5,104,"x1","x15","a<b","a<b","transitivity",NA,1,FALSE,11,TRUE,FALSE,7,6,0.0142219859847772,TRUE,TRUE,TRUE
4096,0.5,104,"x1","x2","none","a<b","transitivity",NA,1,FALSE,0,FALSE,FALSE,NA,NA,0.000274619493889454,FALSE,TRUE,FALSE
4096,0.5,104,"x1","x3","none","none","R3",NA,1,FALSE,0,FALSE,FALSE,NA,NA,0.0177813349966819,FALSE,FALSE,TRUE
4096,0.5,104,"x1","x4","a<b","a<b","R1",4,1,TRUE,1,FALSE,FALSE,3,3,0.271160737750054,TRUE,TRUE,TRUE
4096,0.5,104,"x1","x5","a<b","a<b","transitivity",NA,1,FALSE,1,TRUE,FALSE,1,4,0.108479485327249,TRUE,TRUE,TRUE
4096,0.5,104,"x1","x6","none","a<b","transitivity",NA,1,FALSE,0,TRUE,FALSE,NA,NA,0.0173671936996626,FALSE,TRUE,FALSE
4096,0.5,104,"x1","x7","none","a<b","transitivity",NA,1,FALSE,0,FALSE,FALSE,NA,NA,0.00791391269226985,FALSE,TRUE,FALSE
4096,0.5,104,"x1","x8","a<b","a<b","R1",1,1,FALSE,1,FALSE,FALSE,2,2,0.0829895644322797,TRUE,TRUE,TRUE
4096,0.5,104,"x1","x9","a<b","a<b","transitivity",NA,1,FALSE,1,TRUE,FALSE,2,4,0.0248140854181505,TRUE,TRUE,TRUE
4096,0.5,104,"x10","x11","none","NA","unresolved",NA,NA,FALSE,0,TRUE,TRUE,NA,NA,0.0438852759056707,FALSE,FALSE,FALSE
4096,0.5,104,"x10","x12","none","a<b","R1",4,1,FALSE,0,TRUE,TRUE,NA,NA,0.0778167925795553,FALSE,TRUE,FALSE
4096,0.5,104,"x10","x13","none","none","R3",NA,1,FALSE,0,TRUE,TRUE,NA,NA,0.0435731931317736,FALSE,FALSE,TRUE
4096,0.5,104,"x10","x14","a<b","a<b","R1",3,1,TRUE,1,TRUE,TRUE,8,5,0.314655199940575,TRUE,TRUE,TRUE
4096,0.5,104,"x10","x15","a<b","none","R3",NA,1,FALSE,1,TRUE,TRUE,7,6,0.0638401036575249,TRUE,FALSE,FALSE
4096,0.5,104,"x11","x12","none","none","R3",NA,1,FALSE,0,TRUE,TRUE,NA,NA,0.0248731164754002,FALSE,FALSE,TRUE
4096,0.5,104,"x11","x13","none","b<a","transitivity",NA,1,FALSE,0,TRUE,TRUE,NA,NA,0.0132997445007462,FALSE,TRUE,FALSE
4096,0.5,104,"x11","x14","none","a<b","R2",1,2,FALSE,0,TRUE,TRUE,NA,NA,0.0688866423509511,FALSE,TRUE,FALSE
4096,0.5,104,"x11","x15","a<b","a<b","R2",3,1,TRUE,1,TRUE,TRUE,7,6,0.204396043111303,TRUE,TRUE,TRUE
4096,0.5,104,"x12","x13","none","b<a","transitivity",NA,1,FALSE,0,TRUE,TRUE,NA,NA,0.119528703938972,FALSE,TRUE,FALSE
4096,0.5,104,"x12","x14","a<b","a<b","R1",2,1,TRUE,1,TRUE,TRUE,8,5,0.154309510475237,TRUE,TRUE,TRUE
4096,0.5,104,"x12","x15","a<b","b<a","transitivity",NA,1,FALSE,1,TRUE,TRUE,7,6,0.0675977546794594,TRUE,TRUE,FALSE
4096,0.5,104,"x13","x14","none","a<b","transitivity",NA,1,FALSE,0,TRUE,TRUE,NA,NA,0.0181332268968699,FALSE,TRUE,FALSE
4096,0.5,104,"x13","x15","a<b","a<b","R1",3,1,TRUE,1,TRUE,TRUE,7,6,0.206656989320464,TRUE,TRUE,TRUE
4096,0.5,104,"x14","x15","a<b","b<a","transitivity",NA,1,TRUE,1,TRUE,TRUE,7,6,0.221351878468683,TRUE,TRUE,FALSE
4096,0.5,104,"x2","x10","a<b","none","R3",NA,1,TRUE,4,TRUE,FALSE,5,5,0.0217604750440645,TRUE,FALSE,FALSE
4096,0.5,104,"x2","x11","a<b","a<b","R1",1,1,TRUE,2,FALSE,FALSE,2,4,0.0983257334367709,TRUE,TRUE,TRUE
4096,0.5,104,"x2","x12","a<b","a<b","transitivity",NA,1,TRUE,1,TRUE,FALSE,2,5,0.263415904314558,TRUE,TRUE,TRUE
4096,0.5,104,"x2","x13","a<b","b<a","R1",1,1,TRUE,3,FALSE,FALSE,4,7,0.150450085890421,TRUE,TRUE,FALSE
4096,0.5,104,"x2","x14","a<b","a<b","transitivity",NA,1,FALSE,11,FALSE,FALSE,8,5,0.022309776128496,TRUE,TRUE,TRUE
4096,0.5,104,"x2","x15","a<b","a<b","R1",1,1,TRUE,19,FALSE,FALSE,7,6,0.0916728512654321,TRUE,TRUE,TRUE
4096,0.5,104,"x2","x3","none","b<a","transitivity",NA,1,FALSE,0,TRUE,FALSE,NA,NA,0.0147299097400329,FALSE,TRUE,FALSE
4096,0.5,104,"x2","x4","a<b","a<b","R1",1,1,TRUE,1,FALSE,FALSE,3,3,0.236150839377958,TRUE,TRUE,TRUE
4096,0.5,104,"x2","x5","a<b","b<a","R1",2,1,FALSE,1,FALSE,FALSE,1,4,0.109962715830453,TRUE,TRUE,FALSE
4096,0.5,104,"x2","x6","a<b","a<b","R1",1,1,TRUE,1,TRUE,FALSE,1,5,0.244567756935887,TRUE,TRUE,TRUE
4096,0.5,104,"x2","x7","a<b","a<b","R1",2,1,TRUE,1,FALSE,FALSE,1,2,0.343296782038163,TRUE,TRUE,TRUE
4096,0.5,104,"x2","x8","a<b","a<b","R1",2,1,TRUE,2,FALSE,FALSE,2,2,0.207438426036694,TRUE,TRUE,TRUE
4096,0.5,104,"x2","x9","a<b","a<b","transitivity",NA,1,FALSE,2,FALSE,FALSE,2,4,0.00960470980500869,TRUE,TRUE,TRUE
4096,0.5,104,"x3","x10","a<b","b<a","R2",2,1,FALSE,1,TRUE,FALSE,5,5,0.0512124780105843,TRUE,TRUE,FALSE
4096,0.5,104,"x3","x11","none","a<b","transitivity",NA,1,FALSE,0,TRUE,FALSE,NA,NA,0.0197733817717436,FALSE,TRUE,FALSE
4096,0.5,104,"x3","x12","none","a<b","transitivity",NA,1,FALSE,0,FALSE,FALSE,NA,NA,0.000333787921659262,FALSE,TRUE,FALSE
4096,0.5,104,"x3","x13","a<b","none","R3",NA,1,FALSE,2,TRUE,FALSE,4,7,0.0286350866456596,TRUE,FALSE,FALSE
4096,0.5,104,"x3","x14","a<b","a<b","R1",1,1,FALSE,4,FALSE,FALSE,8,5,0.0574780954424814,TRUE,TRUE,TRUE
4096,0.5,104,"x3","x15","a<b","a<b","R1",3,1,TRUE,8,TRUE,FALSE,7,6,0.177851115825256,TRUE,TRUE,TRUE
4096,0.5,104,"x3","x4","a<b","a<b","R1",2,1,TRUE,1,FALSE,FALSE,3,3,0.234995690898081,TRUE,TRUE,TRUE
4096,0.5,104,"x3","x5","a<b","a<b","R1",1,1,FALSE,1,FALSE,FALSE,1,4,0.106122242361353,TRUE,TRUE,TRUE
4096,0.5,104,"x3","x6","none","a<b","transitivity",NA,1,FALSE,0,FALSE,FALSE,NA,NA,0.00163290408671464,FALSE,TRUE,FALSE
4096,0.5,104,"x3","x7","none","a<b","transitivity",NA,1,FALSE,0,TRUE,FALSE,NA,NA,0.0118127571413109,FALSE,TRUE,FALSE
4096,0.5,104,"x3","x8","a<b","a<b","transitivity",NA,1,FALSE,1,FALSE,FALSE,2,2,0.0840392564885325,TRUE,TRUE,TRUE
4096,0.5,104,"x3","x9","a<b","a<b","transitivity",NA,1,FALSE,1,TRUE,FALSE,2,4,0.0229464023060484,TRUE,TRUE,TRUE
4096,0.5,104,"x4","x10","a<b","b<a","R1",4,1,TRUE,1,TRUE,TRUE,5,5,0.275038508867714,TRUE,TRUE,FALSE
4096,0.5,104,"x4","x11","none","none","R3",NA,1,FALSE,0,TRUE,TRUE,NA,NA,0.018033870914132,FALSE,FALSE,TRUE
4096,0.5,104,"x4","x12","none","a<b","R1",5,1,FALSE,0,TRUE,TRUE,NA,NA,0.157216853881535,FALSE,TRUE,FALSE
4096,0.5,104,"x4","x13","a<b","b<a","transitivity",NA,1,TRUE,2,TRUE,TRUE,4,7,0.0301236694410768,TRUE,TRUE,FALSE
4096,0.5,104,"x4","x14","a<b","a<b","R1",3,1,TRUE,4,TRUE,TRUE,8,5,0.224229288827279,TRUE,TRUE,TRUE
4096,0.5,104,"x4","x15","a<b","b<a","R1",1,1,TRUE,7,TRUE,TRUE,7,6,0.0289406828453816,TRUE,TRUE,FALSE
4096,0.5,104,"x4","x5","a<b","b<a","transitivity",NA,1,TRUE,1,FALSE,FALSE,1,4,0.4327164621412,TRUE,TRUE,FALSE
4096,0.5,104,"x4","x6","none","none","R3",NA,2,FALSE,0,TRUE,TRUE,NA,NA,0.055508235142014,FALSE,FALSE,TRUE
4096,0.5,104,"x4","x7","none","none","R3",NA,2,FALSE,0,TRUE,TRUE,NA,NA,0.122236000169276,FALSE,FALSE,TRUE
4096,0.5,104,"x4","x8","a<b","a<b","R1",4,1,TRUE,1,TRUE,TRUE,2,2,0.250897496272609,TRUE,TRUE,TRUE
4096,0.5,104,"x4","x9","a<b","a<b","R1",1,1,FALSE,1,FALSE,TRUE,2,4,0.0829379342989011,TRUE,TRUE,TRUE
4096,0.5,104,"x5","x10","none","b<a","R2",3,1,FALSE,0,TRUE,TRUE,NA,NA,0.145856239895961,FALSE,TRUE,FALSE
4096,0.5,104,"x5","x11","none","a<b","transitivity",NA,1,FALSE,0,TRUE,TRUE,NA,NA,0.0122848445732516,FALSE,TRUE,FALSE
4096,0.5,104,"x5","x12","none","a<b","R1",2,1,FALSE,0,FALSE,TRUE,NA,NA,0.0787718868873636,FALSE,TRUE,FALSE
4096,0.5,104,"x5","x13","a<b","b<a","R1",3,1,TRUE,1,TRUE,TRUE,4,7,0.167008215543284,TRUE,TRUE,FALSE
4096,0.5,104,"x5","x14","a<b","a<b","transitivity",NA,1,TRUE,2,TRUE,TRUE,8,5,0.0351656640514606,TRUE,TRUE,TRUE
4096,0.5,104,"x5","x15","a<b","a<b","R1",1,1,FALSE,3,TRUE,TRUE,7,6,0.0744615127955101,TRUE,TRUE,TRUE
4096,0.5,104,"x5","x6","none","a<b","transitivity",NA,1,FALSE,0,FALSE,TRUE,NA,NA,0.0481988531650564,FALSE,TRUE,FALSE
4096,0.5,104,"x5","x7","none","a<b","transitivity",NA,1,FALSE,0,FALSE,TRUE,NA,NA,0.101002860233275,FALSE,TRUE,FALSE
4096,0.5,104,"x5","x8","none","a<b","R1",1,1,FALSE,0,TRUE,TRUE,NA,NA,0.108831043560001,FALSE,TRUE,FALSE
4096,0.5,104,"x5","x9","a<b","a<b","R1",4,1,TRUE,1,FALSE,TRUE,2,4,0.215663919108301,TRUE,TRUE,TRUE
4096,0.5,104,"x6","x10","a<b","NA","unresolved",NA,NA,TRUE,1,TRUE,TRUE,5,5,0.197335684457557,TRUE,FALSE,FALSE
4096,0.5,104,"x6","x11","none","none","R3",NA,2,FALSE,0,TRUE,TRUE,NA,NA,0.0388120896105751,FALSE,FALSE,TRUE
4096,0.5,104,"x6","x12","none","a<b","R1",1,1,FALSE,0,TRUE,TRUE,NA,NA,0.0817118208604226,FALSE,TRUE,FALSE
4096,0.5,104,"x6","x13","none","b<a","transitivity",NA,1,FALSE,0,TRUE,TRUE,NA,NA,0.0475305885644716,FALSE,TRUE,FALSE
4096,0.5,104,"x6","x14","a<b","a<b","transitivity",NA,1,TRUE,3,FALSE,TRUE,8,5,0.194766689140563,TRUE,TRUE,TRUE
4096,0.5,104,"x6","x15","a<b","NA","unresolved",NA,NA,TRUE,4,TRUE,TRUE,7,6,0.199299916464403,TRUE,FALSE,FALSE
4096,0.5,104,"x6","x7","none","a<b","R2",2,1,FALSE,0,TRUE,TRUE,NA,NA,0.1239827286991,FALSE,TRUE,FALSE
4096,0.5,104,"x6","x8","none","b<a","R2",1,1,FALSE,0,TRUE,TRUE,NA,NA,0.0676842184690707,FALSE,TRUE,FALSE
4096,0.5,104,"x6","x9","a<b","a<b","R1",2,1,TRUE,1,FALSE,TRUE,2,4,0.236443164823337,TRUE,TRUE,TRUE
4096,0.5,104,"x7","x10","a<b","NA","unresolved",NA,NA,TRUE,1,TRUE,TRUE,5,5,0.20265441241432,TRUE,FALSE,FALSE
4096,0.5,104,"x7","x11","a<b","b<a","R2",2,1,TRUE,1,TRUE,TRUE,2,4,0.117193600580383,TRUE,TRUE,FALSE
4096,0.5,104,"x7","x12","none","none","R3",NA,2,FALSE,0,TRUE,TRUE,NA,NA,0.0876711832536574,FALSE,FALSE,TRUE
4096,0.5,104,"x7","x13","none","b<a","transitivity",NA,1,FALSE,0,TRUE,TRUE,NA,NA,0.0650061449096414,FALSE,TRUE,FALSE
4096,0.5,104,"x7","x14","a<b","a<b","R1",3,1,TRUE,2,FALSE,TRUE,8,5,0.200287679362445,TRUE,TRUE,TRUE
4096,0.5,104,"x7","x15","a<b","none","R3",NA,1,FALSE,3,TRUE,TRUE,7,6,0.0309664101126855,TRUE,FALSE,FALSE
4096,0.5,104,"x7","x8","none","b<a","R2",2,1,FALSE,0,TRUE,TRUE,NA,NA,0.132206509239422,FALSE,TRUE,FALSE
4096,0.5,104,"x7","x9","none","none","R3",NA,1,FALSE,0,TRUE,TRUE,NA,NA,0.0388527076871965,FALSE,FALSE,TRUE
4096,0.5,104,"x8","x10","none","b<a","R1",1,1,FALSE,0,TRUE,TRUE,NA,NA,0.100401468018399,FALSE,TRUE,FALSE
4096,0.5,104,"x8","x11","none","none","R3",NA,1,FALSE,0,TRUE,TRUE,NA,NA,0.0401378130255967,FALSE,FALSE,TRUE
4096,0.5,104,"x8","x12","none","none","R3",NA,2,FALSE,0,TRUE,TRUE,NA,NA,0.0518455697913878,FALSE,FALSE,TRUE
4096,0.5,104,"x8","x13","none","b<a","transitivity",NA,1,FALSE,0,TRUE,TRUE,NA,NA,0.0574069708897064,FALSE,TRUE,FALSE
4096,0.5,104,"x8","x14","none","a<b","transitivity",NA,1,FALSE,0,TRUE,TRUE,NA,NA,0.0934852108079466,FALSE,TRUE,FALSE
4096,0.5,104,"x8","x15","none","b<a","transitivity",NA,1,FALSE,0,TRUE,TRUE,NA,NA,0.0441321695493372,FALSE,TRUE,FALSE
4096,0.5,104,"x8","x9","none","a<b","R1",1,1,FALSE,0,FALSE,TRUE,NA,NA,0.0638372841439841,FALSE,TRUE,FALSE
4096,0.5,104,"x9","x10","none","b<a","transitivity",NA,1,FALSE,0,TRUE,TRUE,NA,NA,0.0454307621076405,FALSE,TRUE,FALSE
4096,0.5,104,"x9","x11","none","none","R3",NA,1,FALSE,0,FALSE,TRUE,NA,NA,0.00264447125056326,FALSE,FALSE,TRUE
4096,0.5,104,"x9","x12","none","none","R3",NA,1,FALSE,0,FALSE,TRUE,NA,NA,0.0171084348408078,FALSE,FALSE,TRUE
4096,0.5,104,"x9","x13","none","b<a","transitivity",NA,1,FALSE,0,TRUE,TRUE,NA,NA,0.075169481287949,FALSE,TRUE,FALSE
4096,0.5,104,"x9","x14","a<b","a<b","R1",4,1,TRUE,1,TRUE,TRUE,8,5,0.245939105669506,TRUE,TRUE,TRUE
4096,0.5,104,"x9","x15","a<b","b<a","transitivity",NA,1,FALSE,1,TRUE,TRUE,7,6,0.0543957986057668,TRUE,TRUE,FALSE
4096,0.5,105,"x1","x10","none","none","R3",NA,1,FALSE,0,FALSE,FALSE,NA,NA,0.0145924821758774,FALSE,FALSE,TRUE
4096,0.5,105,"x1","x11","a<b","a<b","R2",1,1,FALSE,2,FALSE,FALSE,7,4,0.0781197160242047,TRUE,TRUE,TRUE
4096,0.5,105,"x1","x12","a<b","a<b","transitivity",NA,1,TRUE,3,FALSE,FALSE,4,7,0.237467201389122,TRUE,TRUE,TRUE
4096,0.5,105,"x1","x13","a<b","a<b","R1",1,1,TRUE,4,FALSE,FALSE,4,2,0.198804827912803,TRUE,TRUE,TRUE
4096,0.5,105,"x1","x14","a<b","a<b","R1",1,1,TRUE,6,FALSE,FALSE,6,5,0.184901643039947,TRUE,TRUE,TRUE
4096,0.5,105,"x1","x15","a<b","none","R3",NA,1,FALSE,6,TRUE,FALSE,8,6,0.0171788735386971,TRUE,FALSE,FALSE
4096,0.5,105,"x1","x2","none","none","R3",NA,1,FALSE,0,FALSE,FALSE,NA,NA,0.0217394728487603,FALSE,FALSE,TRUE
4096,0.5,105,"x1","x3","none","none","R3",NA,1,FALSE,0,FALSE,FALSE,NA,NA,0.0151728180409607,FALSE,FALSE,TRUE
4096,0.5,105,"x1","x4","none","none","R3",NA,1,FALSE,0,FALSE,FALSE,NA,NA,6.75599967960621e-05,FALSE,FALSE,TRUE
4096,0.5,105,"x1","x5","none","none","R3",NA,1,FALSE,0,FALSE,FALSE,NA,NA,0.00343131723830904,FALSE,FALSE,TRUE
4096,0.5,105,"x1","x6","none","none","R3",NA,1,FALSE,0,TRUE,FALSE,NA,NA,0.019204517161976,FALSE,FALSE,TRUE
4096,0.5,105,"x1","x7","a<b","a<b","R1",2,1,TRUE,1,FALSE,FALSE,3,2,0.230660906692865,TRUE,TRUE,TRUE
4096,0.5,105,"x1","x8","none","a<b","transitivity",NA,1,FALSE,0,FALSE,FALSE,NA,NA,0.0126073178983845,FALSE,TRUE,FALSE
4096,0.5,105,"x1","x9","a<b","a<b","R1",1,1,FALSE,1,FALSE,FALSE,3,3,0.0647492250277912,TRUE,TRUE,TRUE
4096,0.5,105,"x10","x11","a<b","b<a","R2",1,1,TRUE,1,TRUE,TRUE,7,4,0.235452393677649,TRUE,TRUE,FALSE
4096,0.5,105,"x10","x12","none","none","R3",NA,1,FALSE,0,TRUE,TRUE,NA,NA,0.00333746847715296,FALSE,FALSE,TRUE
4096,0.5,105,"x10","x13","none","a<b","R1",1,1,FALSE,0,TRUE,TRUE,NA,NA,0.0760619758175098,FALSE,TRUE,FALSE
4096,0.5,105,"x10","x14","a<b","a<b","R2",1,1,TRUE,1,FALSE,TRUE,6,5,0.185824245358239,TRUE,TRUE,TRUE
4096,0.5,105,"x10","x15","a<b","b<a","transitivity",NA,1,TRUE,1,TRUE,TRUE,8,6,0.244655115010985,TRUE,TRUE,FALSE
4096,0.5,105,"x11","x12","none","NA","unresolved",NA,NA,FALSE,0,TRUE,TRUE,NA,NA,0.0585814351488329,FALSE,FALSE,FALSE
4096,0.5,105,"x11","x13","none","NA","unresolved",NA,NA,FALSE,0,TRUE,TRUE,NA,NA,0.0988211066853501,FALSE,FALSE,FALSE
4096,0.5,105,"x11","x14","none","a<b","R2",1,1,FALSE,0,TRUE,TRUE,NA,NA,0.0053907572888477,FALSE,TRUE,FALSE
4096,0.5,105,"x11","x15","none","a<b","R2",1,1,FALSE,0,TRUE,TRUE,NA,NA,0.118559336102678,FALSE,TRUE,FALSE
4096,0.5,105,"x12","x13","a<b","a<b","R1",4,1,TRUE,1,TRUE,TRUE,4,2,0.179411927689838,TRUE,TRUE,TRUE
4096,0.5,105,"x12","x14","a<b","b<a","transitivity",NA,1,TRUE,1,TRUE,TRUE,6,5,0.0236231563416089,TRUE,TRUE,FALSE
4096,0.5,105,"x12","x15","a<b","b<a","transitivity",NA,1,FALSE,1,TRUE,TRUE,8,6,0.084764384126904,TRUE,TRUE,FALSE
4096,0.5,105,"x13","x14","none","b<a","transitivity",NA,1,FALSE,0,TRUE,TRUE,NA,NA,0.175917946877338,FALSE,TRUE,FALSE
4096,0.5,105,"x13","x15","a<b","b<a","transitivity",NA,1,TRUE,1,TRUE,TRUE,8,6,0.0707299411405086,TRUE,TRUE,FALSE
4096,0.5,105,"x14","x15","none","b<a","R1",2,1,FALSE,0,TRUE,TRUE,NA,NA,0.0826211085791526,FALSE,TRUE,FALSE
4096,0.5,105,"x2","x10","a<b","a<b","transitivity",NA,1,FALSE,2,FALSE,FALSE,2,7,0.0238573569526104,TRUE,TRUE,TRUE
4096,0.5,105,"x2","x11","a<b","b<a","R2",2,1,TRUE,14,FALSE,FALSE,7,4,0.190365059150648,TRUE,TRUE,FALSE
4096,0.5,105,"x2","x12","a<b","a<b","transitivity",NA,1,FALSE,8,FALSE,FALSE,4,7,0.0441371946355465,TRUE,TRUE,TRUE
4096,0.5,105,"x2","x13","a<b","a<b","R1",2,1,FALSE,11,FALSE,FALSE,4,2,0.12820071063601,TRUE,TRUE,TRUE
4096,0.5,105,"x2","x14","a<b","a<b","R1",2,1,FALSE,18,FALSE,FALSE,6,5,0.0823781374687493,TRUE,TRUE,TRUE
4096,0.5,105,"x2","x15","a<b","b<a","R1",1,1,TRUE,24,FALSE,FALSE,8,6,0.193745298825705,TRUE,TRUE,FALSE
4096,0.5,105,"x2","x3","a<b","a<b","R1",2,1,TRUE,1,FALSE,FALSE,1,1,0.467128215141573,TRUE,TRUE,TRUE
4096,0.5,105,"x2","x4","a<b","a<b","R1",3,1,TRUE,1,FALSE,FALSE,1,5,0.341488597990419,TRUE,TRUE,TRUE
4096,0.5,105,"x2","x5","a<b","a<b","R1",1,1,FALSE,1,FALSE,FALSE,1,5,0.0905093983013003,TRUE,TRUE,TRUE
4096,0.5,105,"x2","x6","a<b","a<b","R1",1,1,TRUE,1,FALSE,FALSE,1,9,0.155882618101972,TRUE,TRUE,TRUE
4096,0.5,105,"x2","x7","a<b","a<b","R1",3,1,TRUE,2,FALSE,FALSE,3,2,0.22204658239897,TRUE,TRUE,TRUE
4096,0.5,105,"x2","x8","a<b","a<b","R1",2,1,TRUE,2,FALSE,FALSE,2,4,0.108512056686368,TRUE,TRUE,TRUE
4096,0.5,105,"x2","x9","a<b","a<b","R1",2,1,FALSE,5,FALSE,FALSE,3,3,0.10141539971668,TRUE,TRUE,TRUE
4096,0.5,105,"x3","x10","a<b","a<b","R2",5,1,TRUE,1,FALSE,TRUE,2,7,0.201438057098681,TRUE,TRUE,TRUE
4096,0.5,105,"x3","x11","a<b","b<a","R2",3,1,TRUE,4,TRUE,TRUE,7,4,0.311021484340378,TRUE,TRUE,FALSE
4096,0.5,105,"x3","x12","a<b","none","R3",NA,1,FALSE,1,FALSE,TRUE,4,7,0.0374519629833436,TRUE,FALSE,FALSE
4096,0.5,105,"x3","x13","a<b","a<b","R1",3,1,TRUE,3,FALSE,TRUE,4,2,0.293895036259975,TRUE,TRUE,TRUE
4096,0.5,105,"x3","x14","a<b","none","R3",NA,2,FALSE,3,FALSE,TRUE,6,5,0.1071514189458,TRUE,FALSE,FALSE
4096,0.5,105,"x3","x15","a<b","b<a","transitivity",NA,1,TRUE,6,TRUE,TRUE,8,6,0.313184644929528,TRUE,TRUE,FALSE
4096,0.5,105,"x3","x4","none","b<a","R2",2,1,FALSE,0,TRUE,TRUE,NA,NA,0.218847873596676,FALSE,TRUE,FALSE
4096,0.5,105,"x3","x5","none","none","R3",NA,2,FALSE,0,FALSE,TRUE,NA,NA,0.052351709185794,FALSE,FALSE,TRUE
4096,0.5,105,"x3","x6","none","none","R3",NA,2,FALSE,0,TRUE,TRUE,NA,NA,0.105192290319943,FALSE,FALSE,TRUE
4096,0.5,105,"x3","x7","none","b<a","R2",1,1,FALSE,0,TRUE,TRUE,NA,NA,0.158888981396763,FALSE,TRUE,FALSE
4096,0.5,105,"x3","x8","a<b","a<b","R2",3,1,TRUE,1,TRUE,TRUE,2,4,0.115139660319669,TRUE,TRUE,TRUE
4096,0.5,105,"x3","x9","a<b","none","R3",NA,1,FALSE,1,TRUE,TRUE,3,3,0.0722801242271926,TRUE,FALSE,FALSE
4096,0.5,105,"x4","x10","a<b","a<b","R1",3,1,TRUE,1,TRUE,TRUE,2,7,0.179634237869269,TRUE,TRUE,TRUE
4096,0.5,105,"x4","x11","a<b","none","R3",NA,1,FALSE,4,TRUE,TRUE,7,4,0.0476831014605856,TRUE,FALSE,FALSE
4096,0.5,105,"x4","x12","a<b","a<b","transitivity",NA,1,FALSE,3,TRUE,TRUE,4,7,0.00573642551235538,TRUE,TRUE,TRUE
4096,0.5,105,"x4","x13","a<b","a<b","R1",1,1,FALSE,3,FALSE,TRUE,4,2,0.0653551987403963,TRUE,TRUE,TRUE
4096,0.5,105,"x4","x14","a<b","a<b","transitivity",NA,1,FALSE,8,FALSE,TRUE,6,5,0.060325048813716,TRUE,TRUE,TRUE
4096,0.5,105,"x4","x15","a<b","b<a","transitivity",NA,1,TRUE,9,TRUE,TRUE,8,6,0.062951591785787,TRUE,TRUE,FALSE
4096,0.5,105,"x4","x5","a<b","a<b","R1",2,1,TRUE,1,TRUE,FALSE,1,5,0.275138026511232,TRUE,TRUE,TRUE
4096,0.5,105,"x4","x6","none","b<a","R1",1,1,FALSE,0,TRUE,TRUE,NA,NA,0.0427856174062095,FALSE,TRUE,FALSE
4096,0.5,105,"x4","x7","a<b","a<b","transitivity",NA,1,FALSE,1,TRUE,TRUE,3,2,0.0312287368632106,TRUE,TRUE,TRUE
4096,0.5,105,"x4","x8","none","a<b","R1",1,1,FALSE,0,TRUE,TRUE,NA,NA,0.0662694143283086,FALSE,TRUE,FALSE
4096,0.5,105,"x4","x9","a<b","a<b","transitivity",NA,1,FALSE,2,FALSE,TRUE,3,3,0.10355301049453,TRUE,TRUE,TRUE
4096,0.5,105,"x5","x10","none","a<b","R2",1,1,FALSE,0,TRUE,TRUE,NA,NA,0.0523369428010076,FALSE,TRUE,FALSE
4096,0.5,105,"x5","x11","a<b","none","R3",NA,1,FALSE,3,FALSE,TRUE,7,4,0.00413667540021123,TRUE,FALSE,FALSE
4096,0.5,105,"x5","x12","a<b","a<b","transitivity",NA,1,FALSE,3,FALSE,TRUE,4,7,0.00698877709677205,TRUE,TRUE,TRUE
4096,0.5,105,"x5","x13","a<b","a<b","transitivity",NA,1,FALSE,3,TRUE,TRUE,4,2,0.0357939709048157,TRUE,TRUE,TRUE
4096,0.5,105,"x5","x14","a<b","a<b","R1",1,1,TRUE,7,FALSE,TRUE,6,5,0.172407324505419,TRUE,TRUE,TRUE
4096,0.5,105,"x5","x15","a<b","b<a","transitivity",NA,1,TRUE,7,TRUE,TRUE,8,6,0.0250229597115978,TRUE,TRUE,FALSE
4096,0.5,105,"x5","x6","none","b<a","transitivity",NA,1,FALSE,0,FALSE,TRUE,NA,NA,0.0168255968711575,FALSE,TRUE,FALSE
4096,0.5,105,"x5","x7","a<b","a<b","R1",2,1,TRUE,1,TRUE,TRUE,3,2,0.200643603727729,TRUE,TRUE,TRUE
4096,0.5,105,"x5","x8","none","a<b","transitivity",NA,1,FALSE,0,FALSE,TRUE,NA,NA,0.0314713383796069,FALSE,TRUE,FALSE
4096,0.5,105,"x5","x9","a<b","a<b","R1",3,1,TRUE,2,FALSE,TRUE,3,3,0.247777735526127,TRUE,TRUE,TRUE
4096,0.5,105,"x6","x10","none","a<b","transitivity",NA,1,FALSE,0,FALSE,TRUE,NA,NA,0.0159476061708021,FALSE,TRUE,FALSE
4096,0.5,105,"x6","x11","a<b","NA","unresolved",NA,NA,TRUE,1,TRUE,TRUE,7,4,0.118009118451623,TRUE,FALSE,FALSE
4096,0.5,105,"x6","x12","a<b","a<b","R1",1,1,TRUE,1,TRUE,TRUE,4,7,0.178925434374162,TRUE,TRUE,TRUE
4096,0.5,105,"x6","x13","a<b","a<b","R1",3,1,FALSE,1,FALSE,TRUE,4,2,0.1091595585329,TRUE,TRUE,TRUE
4096,0.5,105,"x6","x14","a<b","a<b","R1",1,1,FALSE,1,TRUE,TRUE,6,5,0.0489584115067542,TRUE,TRUE,TRUE
4096,0.5,105,"x6","x15","a<b","b<a","R1",1,1,FALSE,1,TRUE,TRUE,8,6,0.045045132231697,TRUE,TRUE,FALSE
4096,0.5,105,"x6","x7","none","a<b","R1",1,1,FALSE,0,TRUE,TRUE,NA,NA,0.0518199688044443,FALSE,TRUE,FALSE
4096,0.5,105,"x6","x8","none","a<b","transitivity",NA,1,FALSE,0,TRUE,TRUE,NA,NA,0.0284571656045993,FALSE,TRUE,FALSE
4096,0.5,105,"x6","x9","none","a<b","transitivity",NA,1,FALSE,0,FALSE,TRUE,NA,NA,0.0444803923115328,FALSE,TRUE,FALSE
4096,0.5,105,"x7","x10","none","none","R3",NA,1,FALSE,0,FALSE,TRUE,NA,NA,0.00926516821525837,FALSE,FALSE,TRUE
4096,0.5,105,"x7","x11","a<b","b<a","R2",1,1,TRUE,2,TRUE,TRUE,7,4,0.118431082821503,TRUE,TRUE,FALSE
4096,0.5,105,"x7","x12","a<b","a<b","R1",1,1,TRUE,2,TRUE,TRUE,4,7,0.296085654419924,TRUE,TRUE,TRUE
4096,0.5,105,"x7","x13","a<b","a<b","transitivity",NA,1,FALSE,2,TRUE,TRUE,4,2,0.0380989207174163,TRUE,TRUE,TRUE
4096,0.5,105,"x7","x14","a<b","a<b","R1",3,1,TRUE,4,TRUE,TRUE,6,5,0.218306224929597,TRUE,TRUE,TRUE
4096,0.5,105,"x7","x15","a<b","b<a","transitivity",NA,1,TRUE,4,TRUE,TRUE,8,6,0.175847537901595,TRUE,TRUE,FALSE
4096,0.5,105,"x7","x8","none","a<b","R1",1,1,FALSE,0,TRUE,TRUE,NA,NA,0.0537667747760264,FALSE,TRUE,FALSE
4096,0.5,105,"x7","x9","a<b","a<b","R1",3,1,TRUE,1,TRUE,TRUE,3,3,0.250797846349498,TRUE,TRUE,TRUE
4096,0.5,105,"x8","x10","none","none","R3",NA,1,FALSE,0,TRUE,TRUE,NA,NA,0.0361603936043104,FALSE,FALSE,TRUE
4096,0.5,105,"x8","x11","a<b","b<a","R2",1,1,TRUE,2,TRUE,TRUE,7,4,0.107866882159914,TRUE,TRUE,FALSE
4096,0.5,105,"x8","x12","a<b","a<b","R1",1,1,FALSE,1,TRUE,TRUE,4,7,0.0639492673541363,TRUE,TRUE,TRUE
4096,0.5,105,"x8","x13","a<b","a<b","R1",3,1,TRUE,2,TRUE,TRUE,4,2,0.172603487604825,TRUE,TRUE,TRUE
4096,0.5,105,"x8","x14","a<b","b<a","R1",1,1,FALSE,2,FALSE,TRUE,6,5,0.0589038458722648,TRUE,TRUE,FALSE
4096,0.5,105,"x8","x15","a<b","b<a","transitivity",NA,1,FALSE,3,TRUE,TRUE,8,6,0.0740002541693917,TRUE,TRUE,FALSE
4096,0.5,105,"x8","x9","a<b","a<b","R1",1,1,TRUE,1,TRUE,TRUE,3,3,0.31521704589851,TRUE,TRUE,TRUE
4096,0.5,105,"x9","x10","none","none","R3",NA,1,FALSE,0,TRUE,TRUE,NA,NA,0.00581729916624058,FALSE,FALSE,TRUE
4096,0.5,105,"x9","x11","a<b","b<a","R2",1,2,TRUE,1,TRUE,TRUE,7,4,0.194430173177078,TRUE,TRUE,FALSE
4096,0.5,105,"x9","x12","a<b","b<a","R1",4,1,TRUE,1,TRUE,TRUE,4,7,0.271099391532096,TRUE,TRUE,FALSE
4096,0.5,105,"x9","x13","a<b","a<b","R1",1,1,FALSE,1,TRUE,TRUE,4,2,0.0767867739471902,TRUE,TRUE,TRUE
4096,0.5,105,"x9","x14","a<b","b<a","transitivity",NA,1,TRUE,2,TRUE,TRUE,6,5,0.252564937705307,TRUE,TRUE,FALSE
4096,0.5,105,"x9","x15","a<b","b<a","transitivity",NA,1,TRUE,2,TRUE,TRUE,8,6,0.0832118520662474,TRUE,TRUE,FALSE
4096,0.5,106,"x1","x10","a<b","a<b","R1",1,1,FALSE,11,TRUE,FALSE,2,7,0.0892321681824325,TRUE,TRUE,TRUE
4096,0.5,106,"x1","x11","a<b","a<b","R1",5,1,TRUE,12,FALSE,FALSE,4,3,0.278525186023614,TRUE,TRUE,TRUE
4096,0.5,106,"x1","x12","a<b","a<b","transitivity",NA,1,FALSE,18,FALSE,FALSE,4,5,0.0244711361041703,TRUE,TRUE,TRUE
4096,0.5,106,"x1","x13","a<b","a<b","R1",1,1,FALSE,58,FALSE,FALSE,7,10,0.077367004565597,TRUE,TRUE,TRUE
4096,0.5,106,"x1","x14","a<b","a<b","R1",5,1,TRUE,25,FALSE,FALSE,5,2,0.30056409642859,TRUE,TRUE,TRUE
4096,0.5,106,"x1","x15","a<b","a<b","R1",3,1,TRUE,24,FALSE,FALSE,3,6,0.173517542663655,TRUE,TRUE,TRUE
4096,0.5,106,"x1","x2","a<b","a<b","R1",8,1,TRUE,1,FALSE,FALSE,1,3,0.335615626313172,TRUE,TRUE,TRUE
4096,0.5,106,"x1","x3","none","b<a","transitivity",NA,1,FALSE,0,TRUE,FALSE,NA,NA,0.00263753925502927,FALSE,TRUE,FALSE
4096,0.5,106,"x1","x4","a<b","b<a","R1",1,1,TRUE,2,TRUE,FALSE,3,7,0.135565784571517,TRUE,TRUE,FALSE
4096,0.5,106,"x1","x5","a<b","a<b","R1",1,1,FALSE,3,TRUE,FALSE,2,3,0.0742887843427101,TRUE,TRUE,TRUE
4096,0.5,106,"x1","x6","a<b","a<b","R1",5,1,TRUE,5,TRUE,FALSE,3,6,0.150324138441741,TRUE,TRUE,TRUE
4096,0.5,106,"x1","x7","a<b","a<b","transitivity",NA,1,FALSE,5,TRUE,FALSE,2,2,0.0193114673862706,TRUE,TRUE,TRUE
4096,0.5,106,"x1","x8","a<b","a<b","transitivity",NA,1,FALSE,10,FALSE,FALSE,4,4,0.0231605719947524,TRUE,TRUE,TRUE
4096,0.5,106,"x1","x9","a<b","none","R3",NA,1,FALSE,13,FALSE,FALSE,3,5,0.0105433490805696,TRUE,FALSE,FALSE
4096,0.5,106,"x10","x11","none","a<b","transitivity",NA,1,FALSE,0,TRUE,TRUE,NA,NA,0.00285012664223726,FALSE,TRUE,FALSE
4096,0.5,106,"x10","x12","a<b","a<b","transitivity",NA,1,TRUE,1,TRUE,TRUE,4,5,0.202637868478458,TRUE,TRUE,TRUE
4096,0.5,106,"x10","x13","a<b","a<b","transitivity",NA,1,TRUE,2,TRUE,TRUE,7,10,0.097254971836348,TRUE,TRUE,TRUE
4096,0.5,106,"x10","x14","a<b","a<b","R1",4,1,TRUE,1,TRUE,TRUE,5,2,0.189316918295514,TRUE,TRUE,TRUE
4096,0.5,106,"x10","x15","a<b","none","R3",NA,1,FALSE,1,FALSE,TRUE,3,6,0.0226264313802755,TRUE,FALSE,FALSE
4096,0.5,106,"x11","x12","none","b<a","transitivity",NA,1,FALSE,0,TRUE,TRUE,NA,NA,0.133145404265871,FALSE,TRUE,FALSE
4096,0.5,106,"x11","x13","none","b<a","R1",1,1,FALSE,0,TRUE,TRUE,NA,NA,0.0542662989405393,FALSE,TRUE,FALSE
4096,0.5,106,"x11","x14","none","a<b","transitivity",NA,1,FALSE,0,TRUE,TRUE,NA,NA,0.0278240966962033,FALSE,TRUE,FALSE
4096,0.5,106,"x11","x15","none","b<a","R1",1,1,FALSE,0,TRUE,TRUE,NA,NA,0.116098490413423,FALSE,TRUE,FALSE
4096,0.5,106,"x12","x13","a<b","a<b","R1",1,1,TRUE,1,TRUE,TRUE,7,10,0.132787201353574,TRUE,TRUE,TRUE
4096,0.5,106,"x12","x14","none","a<b","R1",2,1,FALSE,0,TRUE,TRUE,NA,NA,0.173126168888033,FALSE,TRUE,FALSE
4096,0.5,106,"x12","x15","a<b","b<a","transitivity",NA,1,TRUE,1,FALSE,TRUE,3,6,0.186740816607449,TRUE,TRUE,FALSE
4096,0.5,106,"x13","x14","none","a<b","R1",3,1,FALSE,0,TRUE,TRUE,NA,NA,0.168619027527833,FALSE,TRUE,FALSE
4096,0.5,106,"x13","x15","none","b<a","transitivity",NA,1,FALSE,0,TRUE,TRUE,NA,NA,0.073390089298066,FALSE,TRUE,FALSE
4096,0.5,106,"x14","x15","none","b<a","transitivity",NA,1,FALSE,0,TRUE,TRUE,NA,NA,0.112094557190066,FALSE,TRUE,FALSE
4096,0.5,106,"x2","x10","a<b","b<a","R1",1,1,TRUE,7,TRUE,TRUE,2,7,0.214858189588226,TRUE,TRUE,FALSE
4096,0.5,106,"x2","x11","a<b","a<b","R1",4,1,TRUE,7,TRUE,TRUE,4,3,0.3799586466561,TRUE,TRUE,TRUE
4096,0.5,106,"x2","x12","a<b","a<b","R1",1,1,FALSE,11,FALSE,TRUE,4,5,0.0738243669199181,TRUE,TRUE,TRUE
4096,0.5,106,"x2","x13","a<b","a<b","R1",1,1,TRUE,36,FALSE,TRUE,7,10,0.149503929745022,TRUE,TRUE,TRUE
4096,0.5,106,"x2","x14","a<b","a<b","R1",1,1,FALSE,15,TRUE,TRUE,5,2,0.164000480662912,TRUE,TRUE,TRUE
4096,0.5,106,"x2","x15","a<b","b<a","transitivity",NA,1,FALSE,14,TRUE,TRUE,3,6,0.0898246612951878,TRUE,TRUE,FALSE
4096,0.5,106,"x2","x3","none","b<a","transitivity",NA,1,FALSE,0,TRUE,FALSE,NA,NA,0.0118672261427361,FALSE,TRUE,FALSE
4096,0.5,106,"x2","x4","a<b","b<a","transitivity",NA,1,TRUE,1,TRUE,TRUE,3,7,0.145733241137726,TRUE,TRUE,FALSE
4096,0.5,106,"x2","x5","a<b","a<b","R1",3,1,TRUE,2,FALSE,TRUE,2,3,0.386796722202903,TRUE,TRUE,TRUE
4096,0.5,106,"x2","x6","a<b","b<a","R1",1,1,TRUE,3,TRUE,TRUE,3,6,0.000799033654990238,TRUE,TRUE,FALSE
4096,0.5,106,"x2","x7","a<b","a<b","R1",3,1,FALSE,3,FALSE,TRUE,2,2,0.193887908861262,TRUE,TRUE,TRUE
4096,0.5,106,"x2","x8","a<b","a<b","R1",2,1,FALSE,6,FALSE,TRUE,4,4,0.136332964481721,TRUE,TRUE,TRUE
4096,0.5,106,"x2","x9","a<b","b<a","transitivity",NA,1,FALSE,8,FALSE,TRUE,3,5,0.139307947885535,TRUE,TRUE,FALSE
4096,0.5,106,"x3","x10","a<b","a<b","transitivity",NA,1,FALSE,5,FALSE,FALSE,2,7,0.0288483085606888,TRUE,TRUE,TRUE
4096,0.5,106,"x3","x11","a<b","a<b","R1",1,1,TRUE,6,FALSE,FALSE,4,3,0.209444504785529,TRUE,TRUE,TRUE
4096,0.5,106,"x3","x12","a<b","a<b","R1",2,1,TRUE,8,FALSE,FALSE,4,5,0.232287956133072,TRUE,TRUE,TRUE
4096,0.5,106,"x3","x13","a<b","a<b","R1",2,1,TRUE,28,FALSE,FALSE,7,10,0.224123675837097,TRUE,TRUE,TRUE
4096,0.5,106,"x3","x14","a<b","a<b","R1",2,1,TRUE,12,FALSE,FALSE,5,2,0.221024548436457,TRUE,TRUE,TRUE
4096,0.5,106,"x3","x15","a<b","a<b","transitivity",NA,1,FALSE,10,FALSE,FALSE,3,6,0.011422925637967,TRUE,TRUE,TRUE
4096,0.5,106,"x3","x4","a<b","a<b","R1",1,1,TRUE,1,FALSE,FALSE,3,7,0.227703090446914,TRUE,TRUE,TRUE
4096,0.5,106,"x3","x5","a<b","a<b","R1",1,1,FALSE,1,FALSE,FALSE,2,3,0.0718772522819264,TRUE,TRUE,TRUE
4096,0.5,106,"x3","x6","a<b","a<b","transitivity",NA,1,FALSE,1,FALSE,FALSE,3,6,0.0317241605949836,TRUE,TRUE,TRUE
4096,0.5,106,"x3","x7","a<b","a<b","transitivity",NA,1,FALSE,2,FALSE,FALSE,2,2,0.0881958850692272,TRUE,TRUE,TRUE
4096,0.5,106,"x3","x8","a<b","a<b","R1",1,1,TRUE,5,TRUE,FALSE,4,4,0.0823060295409925,TRUE,TRUE,TRUE
4096,0.5,106,"x3","x9","a<b","a<b","R1",1,1,TRUE,7,FALSE,FALSE,3,5,0.183461506562906,TRUE,TRUE,TRUE
4096,0.5,106,"x4","x10","a<b","a<b","transitivity",NA,1,FALSE,4,TRUE,TRUE,2,7,0.0585184806789249,TRUE,TRUE,TRUE
4096,0.5,106,"x4","x11","a<b","a<b","transitivity",NA,1,FALSE,4,TRUE,TRUE,4,3,0.152689776236289,TRUE,TRUE,TRUE
4096,0.5,106,"x4","x12","a<b","a<b","R1",2,1,TRUE,6,TRUE,TRUE,4,5,0.19380427134982,TRUE,TRUE,TRUE
4096,0.5,106,"x4","x13","a<b","a<b","transitivity",NA,1,FALSE,21,TRUE,TRUE,7,10,0.158527740897474,TRUE,TRUE,TRUE
4096,0.5,106,"x4","x14","a<b","a<b","transitivity",NA,1,FALSE,9,TRUE,TRUE,5,2,0.0924513254645292,TRUE,TRUE,TRUE
4096,0.5,106,"x4","x15","a<b","a<b","transitivity",NA,1,FALSE,8,TRUE,TRUE,3,6,0.0256801761515501,TRUE,TRUE,TRUE
4096,0.5,106,"x4","x5","a<b","a<b","R1",6,1,TRUE,1,TRUE,TRUE,2,3,0.424975466039705,TRUE,TRUE,TRUE
4096,0.5,106,"x4","x6","a<b","a<b","transitivity",NA,1,FALSE,1,TRUE,TRUE,3,6,0.00197561563578771,TRUE,TRUE,TRUE
4096,0.5,106,"x4","x7","a<b","a<b","R1",6,1,TRUE,2,FALSE,TRUE,2,2,0.437974834230037,TRUE,TRUE,TRUE
4096,0.5,106,"x4","x8","a<b","a<b","R1",5,1,TRUE,4,TRUE,TRUE,4,4,0.344992101273599,TRUE,TRUE,TRUE
4096,0.5,106,"x4","x9","a<b","a<b","R1",1,1,FALSE,5,TRUE,TRUE,3,5,0.103533596080387,TRUE,TRUE,TRUE
4096,0.5,106,"x5","x10","a<b","b<a","transitivity",NA,1,FALSE,2,TRUE,TRUE,2,7,0.00470896983013589,TRUE,TRUE,FALSE
4096,0.5,106,"x5","x11","a<b","a<b","R1",1,1,FALSE,2,TRUE,TRUE,4,3,0.305359020079068,TRUE,TRUE,TRUE
4096,0.5,106,"x5","x12","a<b","b<a","transitivity",NA,1,FALSE,3,TRUE,TRUE,4,5,0.120559013133034,TRUE,TRUE,FALSE
4096,0.5,106,"x5","x13","a<b","b<a","R1",1,1,FALSE,11,TRUE,TRUE,7,10,0.0659657242565651,TRUE,TRUE,FALSE
4096,0.5,106,"x5","x14","a<b","a<b","R1",1,1,TRUE,5,TRUE,TRUE,5,2,0.163379263742911,TRUE,TRUE,TRUE
4096,0.5,106,"x5","x15","a<b","b<a","transitivity",NA,1,FALSE,4,FALSE,TRUE,3,6,0.0837973244345989,TRUE,TRUE,FALSE
4096,0.5,106,"x5","x6","a<b","b<a","transitivity",NA,1,TRUE,1,TRUE,TRUE,3,6,0.183441490615786,TRUE,TRUE,FALSE
4096,0.5,106,"x5","x7","a<b","a<b","R1",4,1,TRUE,1,TRUE,TRUE,2,2,0.48942766072249,TRUE,TRUE,TRUE
4096,0.5,106,"x5","x8","a<b","a<b","R1",7,1,TRUE,2,TRUE,TRUE,4,4,0.366647385193225,TRUE,TRUE,TRUE
4096,0.5,106,"x5","x9","a<b","b<a","transitivity",NA,1,TRUE,3,FALSE,TRUE,3,5,0.303556441386477,TRUE,TRUE,FALSE
4096,0.5,106,"x6","x10","none","none","R3",NA,1,FALSE,0,TRUE,TRUE,NA,NA,0.0105238116349175,FALSE,FALSE,TRUE
4096,0.5,106,"x6","x11","none","a<b","R1",1,1,FALSE,0,TRUE,TRUE,NA,NA,0.0728073433413712,FALSE,TRUE,FALSE
4096,0.5,106,"x6","x12","a<b","a<b","R1",2,1,TRUE,1,FALSE,TRUE,4,5,0.19985120273962,TRUE,TRUE,TRUE
4096,0.5,106,"x6","x13","a<b","a<b","transitivity",NA,1,FALSE,1,TRUE,TRUE,7,10,0.0905814108614,TRUE,TRUE,TRUE
4096,0.5,106,"x6","x14","none","a<b","transitivity",NA,1,FALSE,0,TRUE,TRUE,NA,NA,0.155316717320365,FALSE,TRUE,FALSE
4096,0.5,106,"x6","x15","a<b","b<a","R1",2,1,FALSE,1,TRUE,TRUE,3,6,0.0905535536226032,TRUE,TRUE,FALSE
4096,0.5,106,"x6","x7","none","a<b","transitivity",NA,1,FALSE,0,TRUE,TRUE,NA,NA,0.0884678640980293,FALSE,TRUE,FALSE
4096,0.5,106,"x6","x8","none","a<b","transitivity",NA,1,FALSE,0,TRUE,TRUE,NA,NA,0.0742640474273437,FALSE,TRUE,FALSE
4096,0.5,106,"x6","x9","none","b<a","R1",1,1,FALSE,0,TRUE,TRUE,NA,NA,0.0885109057337416,FALSE,TRUE,FALSE
4096,0.5,106,"x7","x10","a<b","b<a","transitivity",NA,1,FALSE,1,TRUE,TRUE,2,7,0.0688982482082399,TRUE,TRUE,FALSE
4096,0.5,106,"x7","x11","a<b","a<b","R1",1,1,FALSE,1,FALSE,TRUE,4,3,0.206284257696186,TRUE,TRUE,TRUE
4096,0.5,106,"x7","x12","a<b","b<a","transitivity",NA,1,FALSE,1,TRUE,TRUE,4,5,0.0910231624448088,TRUE,TRUE,FALSE
4096,0.5,106,"x7","x13","a<b","b<a","transitivity",NA,1,TRUE,5,FALSE,TRUE,7,10,0.266599401875908,TRUE,TRUE,FALSE
4096,0.5,106,"x7","x14","a<b","a<b","transitivity",NA,1,FALSE,2,TRUE,TRUE,5,2,0.0158529492956865,TRUE,TRUE,TRUE
4096,0.5,106,"x7","x15","a<b","b<a","transitivity",NA,1,TRUE,2,FALSE,TRUE,3,6,0.209206375094424,TRUE,TRUE,FALSE
4096,0.5,106,"x7","x8","a<b","a<b","R1",8,1,TRUE,1,TRUE,TRUE,4,4,0.394600644018483,TRUE,TRUE,TRUE
4096,0.5,106,"x7","x9","a<b","b<a","R1",1,1,FALSE,1,TRUE,TRUE,3,5,0.199217572618616,TRUE,TRUE,FALSE
4096,0.5,106,"x8","x10","a<b","b<a","R1",2,1,TRUE,1,FALSE,TRUE,2,7,0.277208007240148,TRUE,TRUE,FALSE
4096,0.5,106,"x8","x11","a<b","b<a","R1",1,1,TRUE,1,TRUE,TRUE,4,3,0.254913770695126,TRUE,TRUE,FALSE
4096,0.5,106,"x8","x12","a<b","b<a","transitivity",NA,1,FALSE,1,TRUE,TRUE,4,5,0.0396919901426546,TRUE,TRUE,FALSE
4096,0.5,106,"x8","x13","a<b","b<a","R1",1,1,TRUE,4,TRUE,TRUE,7,10,0.185341086789789,TRUE,TRUE,FALSE
4096,0.5,106,"x8","x14","a<b","a<b","R1",2,1,TRUE,2,TRUE,TRUE,5,2,0.0766748819781449,TRUE,TRUE,TRUE
4096,0.5,106,"x8","x15","a<b","b<a","transitivity",NA,1,FALSE,1,TRUE,TRUE,3,6,0.0785729282290724,TRUE,TRUE,FALSE
4096,0.5,106,"x8","x9","a<b","b<a","transitivity",NA,1,TRUE,1,TRUE,TRUE,3,5,0.337821622246247,TRUE,TRUE,FALSE
4096,0.5,106,"x9","x10","none","a<b","R1",1,1,FALSE,0,TRUE,TRUE,NA,NA,0.0639626395597307,FALSE,TRUE,FALSE
4096,0.5,106,"x9","x11","none","a<b","transitivity",NA,1,FALSE,0,TRUE,TRUE,NA,NA,0.0875741676370706,FALSE,TRUE,FALSE
4096,0.5,106,"x9","x12","none","a<b","transitivity",NA,1,FALSE,0,TRUE,TRUE,NA,NA,0.0433931952624449,FALSE,TRUE,FALSE
4096,0.5,106,"x9","x13","a<b","a<b","R1",3,1,TRUE,1,TRUE,TRUE,7,10,0.190916783787057,TRUE,TRUE,TRUE
4096,0.5,106,"x9","x14","none","a<b","R1",1,1,FALSE,0,TRUE,TRUE,NA,NA,0.0974080478353916,FALSE,TRUE,FALSE
4096,0.5,106,"x9","x15","none","a<b","R1",1,1,FALSE,0,FALSE,TRUE,NA,NA,0.0649870842340849,FALSE,TRUE,FALSE
4096,0.5,107,"x1","x10","a<b","b<a","R1",1,1,FALSE,7,TRUE,FALSE,3,6,0.117988869475366,TRUE,TRUE,FALSE
4096,0.5,107,"x1","x11","a<b","a<b","R1",2,1,FALSE,5,TRUE,FALSE,4,4,0.196090608188323,TRUE,TRUE,TRUE
4096,0.5,107,"x1","x12","a<b","a<b","R1",2,1,FALSE,8,TRUE,FALSE,5,4,0.221148801192339,TRUE,TRUE,TRUE
4096,0.5,107,"x1","x13","a<b","a<b","transitivity",NA,1,TRUE,26,TRUE,FALSE,9,5,0.0511777433547321,TRUE,TRUE,TRUE
4096,0.5,107,"x1","x14","a<b","a<b","R1",1,1,FALSE,32,FALSE,FALSE,5,5,0.0759365587841554,TRUE,TRUE,TRUE
4096,0.5,107,"x1","x15","a<b","b<a","R1",2,1,TRUE,38,FALSE,FALSE,7,3,0.318328784840487,TRUE,TRUE,FALSE
4096,0.5,107,"x1","x2","none","b<a","transitivity",NA,1,FALSE,0,TRUE,FALSE,NA,NA,0.00724365104254769,FALSE,TRUE,FALSE
4096,0.5,107,"x1","x3","none","a<b","transitivity",NA,1,FALSE,0,FALSE,FALSE,NA,NA,0.0204103531699693,FALSE,TRUE,FALSE
4096,0.5,107,"x1","x4","a<b","a<b","R1",4,1,TRUE,1,TRUE,FALSE,1,3,0.396124128099437,TRUE,TRUE,TRUE
4096,0.5,107,"x1","x5","a<b","a<b","R1",2,1,TRUE,1,FALSE,FALSE,2,1,0.335002869506612,TRUE,TRUE,TRUE
4096,0.5,107,"x1","x6","a<b","a<b","transitivity",NA,1,FALSE,2,TRUE,FALSE,3,6,0.181580696337356,TRUE,TRUE,TRUE
4096,0.5,107,"x1","x7","a<b","b<a","R1",1,1,FALSE,1,TRUE,FALSE,2,3,0.104782800640633,TRUE,TRUE,FALSE
4096,0.5,107,"x1","x8","a<b","a<b","R1",3,1,TRUE,3,TRUE,FALSE,3,7,0.147108069592768,TRUE,TRUE,TRUE
4096,0.5,107,"x1","x9","a<b","a<b","R1",2,1,TRUE,4,FALSE,FALSE,4,3,0.299392475330899,TRUE,TRUE,TRUE
4096,0.5,107,"x10","x11","none","a<b","transitivity",NA,1,FALSE,0,TRUE,TRUE,NA,NA,0.165142710965604,FALSE,TRUE,FALSE
4096,0.5,107,"x10","x12","none","a<b","transitivity",NA,1,FALSE,0,TRUE,TRUE,NA,NA,0.211984640848635,FALSE,TRUE,FALSE
4096,0.5,107,"x10","x13","a<b","a<b","transitivity",NA,1,TRUE,1,TRUE,TRUE,9,5,0.020464637761612,TRUE,TRUE,TRUE
4096,0.5,107,"x10","x14","a<b","a<b","R1",1,1,FALSE,1,TRUE,TRUE,5,5,0.0977861124340237,TRUE,TRUE,TRUE
4096,0.5,107,"x10","x15","a<b","a<b","R1",2,1,TRUE,2,TRUE,TRUE,7,3,0.140346037671699,TRUE,TRUE,TRUE
4096,0.5,107,"x11","x12","a<b","b<a","R1",2,1,TRUE,1,TRUE,TRUE,5,4,0.360440402795496,TRUE,TRUE,FALSE
4096,0.5,107,"x11","x13","a<b","b<a","R1",1,1,TRUE,2,TRUE,TRUE,9,5,0.28295008356378,TRUE,TRUE,FALSE
4096,0.5,107,"x11","x14","a<b","none","R3",NA,1,FALSE,2,TRUE,TRUE,5,5,0.0407233354768651,TRUE,FALSE,FALSE
4096,0.5,107,"x11","x15","a<b","b<a","transitivity",NA,1,FALSE,2,TRUE,TRUE,7,3,0.0457559317030663,TRUE,TRUE,FALSE
4096,0.5,107,"x12","x13","a<b","b<a","transitivity",NA,1,TRUE,1,TRUE,TRUE,9,5,0.348498603629967,TRUE,TRUE,FALSE
4096,0.5,107,"x12","x14","a<b","none","R3",NA,1,FALSE,1,TRUE,TRUE,5,5,0.0311202316571285,TRUE,FALSE,FALSE
4096,0.5,107,"x12","x15","a<b","b<a","transitivity",NA,1,FALSE,1,TRUE,TRUE,7,3,0.020559428145082,TRUE,TRUE,FALSE
4096,0.5,107,"x13","x14","a<b","a<b","R2",3,1,TRUE,1,TRUE,TRUE,5,5,0.166495792125044,TRUE,TRUE,TRUE
4096,0.5,107,"x13","x15","a<b","b<a","transitivity",NA,1,TRUE,1,TRUE,TRUE,7,3,0.110777887550365,TRUE,TRUE,FALSE
4096,0.5,107,"x14","x15","none","b<a","transitivity",NA,1,FALSE,0,TRUE,TRUE,NA,NA,0.0180638497571784,FALSE,TRUE,FALSE
4096,0.5,107,"x2","x10","a<b","none","R3",NA,1,FALSE,7,TRUE,FALSE,3,6,0.00232317865203028,TRUE,FALSE,FALSE
4096,0.5,107,"x2","x11","a<b","a<b","R1",1,1,TRUE,6,FALSE,FALSE,4,4,0.172732810932313,TRUE,TRUE,TRUE
4096,0.5,107,"x2","x12","a<b","a<b","transitivity",NA,1,TRUE,9,TRUE,FALSE,5,4,0.0623666367151459,TRUE,TRUE,TRUE
4096,0.5,107,"x2","x13","a<b","a<b","transitivity",NA,1,FALSE,27,FALSE,FALSE,9,5,0.035840547611949,TRUE,TRUE,TRUE
4096,0.5,107,"x2","x14","a<b","a<b","transitivity",NA,1,FALSE,32,FALSE,FALSE,5,5,0.0903716545119114,TRUE,TRUE,TRUE
4096,0.5,107,"x2","x15","a<b","a<b","R1",2,1,TRUE,37,FALSE,FALSE,7,3,0.265893095382451,TRUE,TRUE,TRUE
4096,0.5,107,"x2","x3","a<b","a<b","R1",5,1,TRUE,1,TRUE,FALSE,1,2,0.37870829014423,TRUE,TRUE,TRUE
4096,0.5,107,"x2","x4","none","a<b","transitivity",NA,1,FALSE,0,TRUE,FALSE,NA,NA,0.000721862066983176,FALSE,TRUE,FALSE
4096,0.5,107,"x2","x5","a<b","a<b","R1",2,1,TRUE,1,FALSE,FALSE,2,1,0.310226167497068,TRUE,TRUE,TRUE
4096,0.5,107,"x2","x6","a<b","a<b","R1",1,1,TRUE,2,TRUE,FALSE,3,6,0.162730293851998,TRUE,TRUE,TRUE
4096,0.5,107,"x2","x7","a<b","a<b","R1",1,1,FALSE,1,TRUE,FALSE,2,3,0.111008301665442,TRUE,TRUE,TRUE
4096,0.5,107,"x2","x8","a<b","a<b","transitivity",NA,1,FALSE,1,FALSE,FALSE,3,7,0.0180133819695476,TRUE,TRUE,TRUE
4096,0.5,107,"x2","x9","a<b","a<b","R1",1,1,FALSE,4,FALSE,FALSE,4,3,0.0796434585769629,TRUE,TRUE,TRUE
4096,0.5,107,"x3","x10","a<b","b<a","transitivity",NA,1,FALSE,3,FALSE,TRUE,3,6,0.111379934655084,TRUE,TRUE,FALSE
4096,0.5,107,"x3","x11","a<b","a<b","R1",1,1,TRUE,3,TRUE,TRUE,4,4,0.0613980321257529,TRUE,TRUE,TRUE
4096,0.5,107,"x3","x12","a<b","none","R3",NA,1,FALSE,4,TRUE,TRUE,5,4,0.0171127006158433,TRUE,FALSE,FALSE
4096,0.5,107,"x3","x13","a<b","b<a","R2",2,1,TRUE,12,FALSE,TRUE,9,5,0.165940859480089,TRUE,TRUE,FALSE
4096,0.5,107,"x3","x14","a<b","b<a","R2",1,1,TRUE,14,FALSE,TRUE,5,5,0.16192565198247,TRUE,TRUE,FALSE
4096,0.5,107,"x3","x15","a<b","b<a","transitivity",NA,1,TRUE,17,TRUE,TRUE,7,3,0.25082619276923,TRUE,TRUE,FALSE
4096,0.5,107,"x3","x4","none","none","R3",NA,1,FALSE,0,FALSE,FALSE,NA,NA,0.00156318832311078,FALSE,FALSE,TRUE
4096,0.5,107,"x3","x5","none","b<a","R1",1,1,FALSE,0,TRUE,TRUE,NA,NA,0.152242429056306,FALSE,TRUE,FALSE
4096,0.5,107,"x3","x6","none","a<b","R2",1,1,FALSE,0,TRUE,TRUE,NA,NA,0.0735682055324608,FALSE,TRUE,FALSE
4096,0.5,107,"x3","x7","a<b","b<a","transitivity",NA,1,TRUE,1,FALSE,FALSE,2,3,0.263339177628546,TRUE,TRUE,FALSE
4096,0.5,107,"x3","x8","a<b","a<b","R1",1,1,FALSE,1,FALSE,FALSE,3,7,0.03124798385708,TRUE,TRUE,TRUE
4096,0.5,107,"x3","x9","a<b","b<a","R2",3,1,TRUE,2,FALSE,TRUE,4,3,0.258798722705153,TRUE,TRUE,FALSE
4096,0.5,107,"x4","x10","a<b","b<a","R1",2,1,FALSE,4,TRUE,TRUE,3,6,0.189654003725429,TRUE,TRUE,FALSE
4096,0.5,107,"x4","x11","a<b","a<b","R1",4,1,TRUE,3,FALSE,TRUE,4,4,0.367449083644682,TRUE,TRUE,TRUE
4096,0.5,107,"x4","x12","a<b","a<b","R1",5,1,TRUE,5,TRUE,TRUE,5,4,0.41710269424237,TRUE,TRUE,TRUE
4096,0.5,107,"x4","x13","a<b","a<b","R1",1,1,TRUE,15,TRUE,TRUE,9,5,0.258097251808545,TRUE,TRUE,TRUE
4096,0.5,107,"x4","x14","a<b","a<b","R2",1,1,FALSE,18,FALSE,TRUE,5,5,0.0456233352924465,TRUE,TRUE,TRUE
4096,0.5,107,"x4","x15","a<b","b<a","R1",2,1,TRUE,22,TRUE,TRUE,7,3,0.17881288118598,TRUE,TRUE,FALSE
4096,0.5,107,"x4","x5","none","b<a","R1",2,1,FALSE,0,TRUE,TRUE,NA,NA,0.166027189418088,FALSE,TRUE,FALSE
4096,0.5,107,"x4","x6","a<b","a<b","R1",1,1,TRUE,1,FALSE,TRUE,3,6,0.288335229241117,TRUE,TRUE,TRUE
4096,0.5,107,"x4","x7","a<b","b<a","transitivity",NA,1,TRUE,1,FALSE,FALSE,2,3,0.260268631722593,TRUE,TRUE,FALSE
4096,0.5,107,"x4","x8","a<b","a<b","R1",1,1,TRUE,2,TRUE,TRUE,3,7,0.0982607050074545,TRUE,TRUE,TRUE
4096,0.5,107,"x4","x9","a<b","a<b","R1",3,1,FALSE,2,TRUE,TRUE,4,3,0.259302857713196,TRUE,TRUE,TRUE
4096,0.5,107,"x5","x10","a<b","b<a","transitivity",NA,1,FALSE,2,FALSE,TRUE,3,6,0.125537808478127,TRUE,TRUE,FALSE
4096,0.5,107,"x5","x11","a<b","a<b","transitivity",NA,1,FALSE,1,TRUE,TRUE,4,4,0.157137891170453,TRUE,TRUE,TRUE
4096,0.5,107,"x5","x12","a<b","a<b","transitivity",NA,1,TRUE,2,TRUE,TRUE,5,4,0.213058189441109,TRUE,TRUE,TRUE
4096,0.5,107,"x5","x13","a<b","a<b","transitivity",NA,1,TRUE,7,TRUE,TRUE,9,5,0.0644874734346295,TRUE,TRUE,TRUE
4096,0.5,107,"x5","x14","a<b","a<b","R1",1,1,TRUE,9,FALSE,TRUE,5,5,0.263639846383887,TRUE,TRUE,TRUE
4096,0.5,107,"x5","x15","a<b","b<a","R1",2,1,FALSE,9,TRUE,TRUE,7,3,0.249777349730534,TRUE,TRUE,FALSE
4096,0.5,107,"x5","x6","a<b","a<b","transitivity",NA,1,TRUE,1,TRUE,TRUE,3,6,0.212981185919976,TRUE,TRUE,TRUE
4096,0.5,107,"x5","x7","none","b<a","transitivity",NA,1,FALSE,0,FALSE,TRUE,NA,NA,0.0289350013902594,FALSE,TRUE,FALSE
4096,0.5,107,"x5","x8","none","a<b","transitivity",NA,1,FALSE,0,TRUE,TRUE,NA,NA,0.0720296946930459,FALSE,TRUE,FALSE
4096,0.5,107,"x5","x9","a<b","a<b","R1",4,1,FALSE,1,TRUE,TRUE,4,3,0.217376550729464,TRUE,TRUE,TRUE
4096,0.5,107,"x6","x10","a<b","b<a","transitivity",NA,1,TRUE,2,TRUE,TRUE,3,6,0.315803639912137,TRUE,TRUE,FALSE
4096,0.5,107,"x6","x11","a<b","a<b","R1",2,1,FALSE,1,TRUE,TRUE,4,4,0.173029520812461,TRUE,TRUE,TRUE
4096,0.5,107,"x6","x12","a<b","b<a","R1",1,1,FALSE,1,TRUE,TRUE,5,4,0.228930403622547,TRUE,TRUE,FALSE
4096,0.5,107,"x6","x13","a<b","b<a","transitivity",NA,1,TRUE,5,TRUE,TRUE,9,5,0.177940547774925,TRUE,TRUE,FALSE
4096,0.5,107,"x6","x14","a<b","b<a","R2",2,1,TRUE,6,TRUE,TRUE,5,5,0.18519587509065,TRUE,TRUE,FALSE
4096,0.5,107,"x6","x15","a<b","b<a","transitivity",NA,1,FALSE,7,TRUE,TRUE,7,3,0.0542889899660843,TRUE,TRUE,FALSE
4096,0.5,107,"x6","x7","none","b<a","transitivity",NA,1,FALSE,0,TRUE,TRUE,NA,NA,0.0728528730706138,FALSE,TRUE,FALSE
4096,0.5,107,"x6","x8","none","none","R3",NA,1,FALSE,0,TRUE,TRUE,NA,NA,0.0177761148029929,FALSE,FALSE,TRUE
4096,0.5,107,"x6","x9","a<b","b<a","transitivity",NA,1,TRUE,1,TRUE,TRUE,4,3,0.301076850575532,TRUE,TRUE,FALSE
4096,0.5,107,"x7","x10","a<b","b<a","R1",1,1,TRUE,2,TRUE,TRUE,3,6,0.336765497805486,TRUE,TRUE,FALSE
4096,0.5,107,"x7","x11","a<b","a<b","transitivity",NA,1,FALSE,1,TRUE,TRUE,4,4,0.120189541506552,TRUE,TRUE,TRUE
4096,0.5,107,"x7","x12","a<b","a<b","R1",3,1,TRUE,2,TRUE,TRUE,5,4,0.341514474958216,TRUE,TRUE,TRUE
4096,0.5,107,"x7","x13","a<b","a<b","R1",4,1,TRUE,6,TRUE,TRUE,9,5,0.265602362763922,TRUE,TRUE,TRUE
4096,0.5,107,"x7","x14","a<b","a<b","transitivity",NA,1,FALSE,7,TRUE,TRUE,5,5,0.0222266328220691,TRUE,TRUE,TRUE
4096,0.5,107,"x7","x15","a<b","b<a","R2",1,1,FALSE,9,TRUE,TRUE,7,3,0.055372057062926,TRUE,TRUE,FALSE
4096,0.5,107,"x7","x8","a<b","a<b","transitivity",NA,1,TRUE,1,TRUE,TRUE,3,7,0.197660289601042,TRUE,TRUE,TRUE
4096,0.5,107,"x7","x9","a<b","a<b","R1",2,1,TRUE,1,TRUE,TRUE,4,3,0.326709555378064,TRUE,TRUE,TRUE
4096,0.5,107,"x8","x10","none","b<a","transitivity",NA,1,FALSE,0,TRUE,TRUE,NA,NA,0.0746449836982474,FALSE,TRUE,FALSE
4096,0.5,107,"x8","x11","none","none","R3",NA,1,FALSE,0,TRUE,TRUE,NA,NA,0.0376972783959448,FALSE,FALSE,TRUE
4096,0.5,107,"x8","x12","none","b<a","R2",1,1,FALSE,0,TRUE,TRUE,NA,NA,0.00944664286871318,FALSE,TRUE,FALSE
4096,0.5,107,"x8","x13","none","none","R3",NA,1,FALSE,0,TRUE,TRUE,NA,NA,0.0422264400245915,FALSE,FALSE,TRUE
4096,0.5,107,"x8","x14","a<b","b<a","R2",3,2,TRUE,1,TRUE,TRUE,5,5,0.168940682521177,TRUE,TRUE,FALSE
4096,0.5,107,"x8","x15","a<b","b<a","transitivity",NA,1,TRUE,1,TRUE,TRUE,7,3,0.225599420312619,TRUE,TRUE,FALSE
4096,0.5,107,"x8","x9","none","none","R3",NA,2,FALSE,0,TRUE,TRUE,NA,NA,0.0958397862107294,FALSE,FALSE,TRUE
4096,0.5,107,"x9","x10","a<b","b<a","R1",6,1,TRUE,1,TRUE,TRUE,3,6,0.407188219867181,TRUE,TRUE,FALSE
4096,0.5,107,"x9","x11","a<b","a<b","transitivity",NA,1,TRUE,1,TRUE,TRUE,4,4,0.331313301426167,TRUE,TRUE,TRUE
4096,0.5,107,"x9","x12","a<b","a<b","R1",2,1,FALSE,1,TRUE,TRUE,5,4,0.252588142061595,TRUE,TRUE,TRUE
4096,0.5,107,"x9","x13","a<b","b<a","R1",1,1,FALSE,3,TRUE,TRUE,9,5,0.152917586721974,TRUE,TRUE,FALSE
4096,0.5,107,"x9","x14","a<b","a<b","R2",1,2,FALSE,3,TRUE,TRUE,5,5,0.0900899285659116,TRUE,TRUE,TRUE
4096,0.5,107,"x9","x15","a<b","b<a","transitivity",NA,1,FALSE,4,TRUE,TRUE,7,3,0.0757115966331461,TRUE,TRUE,FALSE
4096,0.5,108,"x1","x10","a<b","a<b","R1",4,1,TRUE,2,TRUE,FALSE,2,4,0.232805693309519,TRUE,TRUE,TRUE
4096,0.5,108,"x1","x11","a<b","a<b","R1",2,1,TRUE,1,TRUE,FALSE,4,10,0.188451946914229,TRUE,TRUE,TRUE
4096,0.5,108,"x1","x12","a<b","a<b","transitivity",NA,1,FALSE,2,TRUE,FALSE,4,4,0.091754671117032,TRUE,TRUE,TRUE
4096,0.5,108,"x1","x13","a<b","none","R3",NA,1,FALSE,4,TRUE,FALSE,6,5,0.0089252724342665,TRUE,FALSE,FALSE
4096,0.5,108,"x1","x14","a<b","a<b","R1",2,1,TRUE,2,FALSE,FALSE,6,4,0.203556970362952,TRUE,TRUE,TRUE
4096,0.5,108,"x1","x15","a<b","a<b","R1",1,1,TRUE,7,TRUE,FALSE,6,12,0.109903476673707,TRUE,TRUE,TRUE
4096,0.5,108,"x1","x2","none","a<b","transitivity",NA,1,FALSE,0,TRUE,FALSE,NA,NA,0.019267861356417,FALSE,TRUE,FALSE
4096,0.5,108,"x1","x3","none","none","R3",NA,1,FALSE,0,TRUE,FALSE,NA,NA,0.00136151370711769,FALSE,FALSE,TRUE
4096,0.5,108,"x1","x4","none","a<b","transitivity",NA,1,FALSE,0,TRUE,FALSE,NA,NA,0.00268613626191505,FALSE,TRUE,FALSE
4096,0.5,108,"x1","x5","none","a<b","transitivity",NA,1,FALSE,0,TRUE,FALSE,NA,NA,0.0410309367321183,FALSE,TRUE,FALSE
4096,0.5,108,"x1","x6","none","none","R3",NA,1,FALSE,0,TRUE,FALSE,NA,NA,0.00386195411114199,FALSE,FALSE,TRUE
4096,0.5,108,"x1","x7","a<b","a<b","R1",4,1,TRUE,1,FALSE,FALSE,3,10,0.187601665303887,TRUE,TRUE,TRUE
4096,0.5,108,"x1","x8","a<b","b<a","R2",1,1,FALSE,1,FALSE,FALSE,4,3,0.0638002211101314,TRUE,TRUE,FALSE
4096,0.5,108,"x1","x9","none","a<b","transitivity",NA,1,FALSE,0,FALSE,FALSE,NA,NA,0.0221548561755641,FALSE,TRUE,FALSE
4096,0.5,108,"x10","x11","none","none","R3",NA,1,FALSE,0,TRUE,TRUE,NA,NA,0.0107786530326535,FALSE,FALSE,TRUE
4096,0.5,108,"x10","x12","none","none","R3",NA,1,FALSE,0,TRUE,TRUE,NA,NA,0.00275964766973184,FALSE,FALSE,TRUE
4096,0.5,108,"x10","x13","a<b","b<a","R1",2,1,TRUE,1,TRUE,TRUE,6,5,0.252953391735442,TRUE,TRUE,FALSE
4096,0.5,108,"x10","x14","none","b<a","transitivity",NA,1,FALSE,0,TRUE,TRUE,NA,NA,0.0447351774614379,FALSE,TRUE,FALSE
4096,0.5,108,"x10","x15","a<b","none","R3",NA,1,FALSE,1,TRUE,TRUE,6,12,0.012843130845097,TRUE,FALSE,FALSE
4096,0.5,108,"x11","x12","a<b","a<b","R1",1,1,TRUE,1,TRUE,TRUE,4,4,0.205204444391402,TRUE,TRUE,TRUE
4096,0.5,108,"x11","x13","none","none","R3",NA,2,FALSE,0,TRUE,TRUE,NA,NA,0.0480246247383073,FALSE,FALSE,TRUE
4096,0.5,108,"x11","x14","none","none","R3",NA,1,FALSE,0,TRUE,TRUE,NA,NA,0.00462918299442473,FALSE,FALSE,TRUE
4096,0.5,108,"x11","x15","none","none","R3",NA,1,FALSE,0,TRUE,TRUE,NA,NA,0.0192986951691403,FALSE,FALSE,TRUE
4096,0.5,108,"x12","x13","none","b<a","R1",1,1,FALSE,0,TRUE,TRUE,NA,NA,0.0640774673308643,FALSE,TRUE,FALSE
4096,0.5,108,"x12","x14","none","b<a","transitivity",NA,1,FALSE,0,TRUE,TRUE,NA,NA,0.0196425202144836,FALSE,TRUE,FALSE
4096,0.5,108,"x12","x15","none","b<a","R1",1,1,FALSE,0,TRUE,TRUE,NA,NA,0.0637940329912531,FALSE,TRUE,FALSE
4096,0.5,108,"x13","x14","none","a<b","transitivity",NA,1,FALSE,0,TRUE,TRUE,NA,NA,0.0476682687026954,FALSE,TRUE,FALSE
4096,0.5,108,"x13","x15","a<b","a<b","R1",2,1,TRUE,1,TRUE,TRUE,6,12,0.244310546877895,TRUE,TRUE,TRUE
4096,0.5,108,"x14","x15","a<b","a<b","R1",2,1,TRUE,1,TRUE,TRUE,6,12,0.14859676586777,TRUE,TRUE,TRUE
4096,0.5,108,"x2","x10","a<b","a<b","R1",1,1,FALSE,3,FALSE,FALSE,2,4,0.0846090298121463,TRUE,TRUE,TRUE
4096,0.5,108,"x2","x11","a<b","b<a","R2",2,1,TRUE,1,TRUE,FALSE,4,10,0.140090609293017,TRUE,TRUE,FALSE
4096,0.5,108,"x2","x12","a<b","none","R3",NA,1,FALSE,2,FALSE,FALSE,4,4,0.0187166381051774,TRUE,FALSE,FALSE
4096,0.5,108,"x2","x13","a<b","b<a","transitivity",NA,1,FALSE,8,TRUE,FALSE,6,5,0.105482587127627,TRUE,TRUE,FALSE
4096,0.5,108,"x2","x14","a<b","b<a","R1",1,1,TRUE,5,TRUE,FALSE,6,4,0.135567582723529,TRUE,TRUE,FALSE
4096,0.5,108,"x2","x15","a<b","none","R3",NA,1,FALSE,14,TRUE,FALSE,6,12,0.0025114068824714,TRUE,FALSE,FALSE
4096,0.5,108,"x2","x3","none","b<a","transitivity",NA,1,FALSE,0,TRUE,FALSE,NA,NA,0.0268662424124871,FALSE,TRUE,FALSE
4096,0.5,108,"x2","x4","none","none","R3",NA,1,FALSE,0,TRUE,FALSE,NA,NA,0.0201070607330869,FALSE,FALSE,TRUE
4096,0.5,108,"x2","x5","a<b","b<a","R2",4,1,TRUE,1,FALSE,FALSE,1,8,0.204734148016355,TRUE,TRUE,FALSE
4096,0.5,108,"x2","x6","none","b<a","transitivity",NA,1,FALSE,0,FALSE,FALSE,NA,NA,0.00319974352602107,FALSE,TRUE,FALSE
4096,0.5,108,"x2","x7","a<b","b<a","transitivity",NA,1,FALSE,1,TRUE,FALSE,3,10,0.0384423630986228,TRUE,TRUE,FALSE
4096,0.5,108,"x2","x8","a<b","b<a","transitivity",NA,2,TRUE,3,FALSE,FALSE,4,3,0.308768646988262,TRUE,TRUE,FALSE
4096,0.5,108,"x2","x9","a<b","none","R3",NA,2,FALSE,1,FALSE,FALSE,1,6,0.0367680841119512,TRUE,FALSE,FALSE
4096,0.5,108,"x3","x10","none","a<b","transitivity",NA,1,FALSE,0,FALSE,FALSE,NA,NA,0.0185356464612653,FALSE,TRUE,FALSE
4096,0.5,108,"x3","x11","a<b","a<b","R1",1,1,TRUE,1,TRUE,FALSE,4,10,0.15651604667629,TRUE,TRUE,TRUE
4096,0.5,108,"x3","x12","a<b","a<b","R1",3,1,TRUE,2,FALSE,FALSE,4,4,0.147486295260502,TRUE,TRUE,TRUE
4096,0.5,108,"x3","x13","a<b","a<b","R1",2,1,TRUE,1,FALSE,FALSE,6,5,0.134493270237354,TRUE,TRUE,TRUE
4096,0.5,108,"x3","x14","none","a<b","transitivity",NA,1,FALSE,0,TRUE,FALSE,NA,NA,0.00769344289148904,FALSE,TRUE,FALSE
4096,0.5,108,"x3","x15","a<b","a<b","R1",2,1,TRUE,2,TRUE,FALSE,6,12,0.177434435103319,TRUE,TRUE,TRUE
4096,0.5,108,"x3","x4","none","a<b","transitivity",NA,1,FALSE,0,TRUE,FALSE,NA,NA,0.0061666996923786,FALSE,TRUE,FALSE
4096,0.5,108,"x3","x5","none","a<b","transitivity",NA,1,FALSE,0,TRUE,FALSE,NA,NA,0.017937332063013,FALSE,TRUE,FALSE
4096,0.5,108,"x3","x6","none","none","R3",NA,1,FALSE,0,FALSE,FALSE,NA,NA,0.0236780801845818,FALSE,FALSE,TRUE
4096,0.5,108,"x3","x7","none","a<b","transitivity",NA,1,FALSE,0,TRUE,FALSE,NA,NA,0.00763414359340046,FALSE,TRUE,FALSE
4096,0.5,108,"x3","x8","none","a<b","transitivity",NA,1,FALSE,0,FALSE,FALSE,NA,NA,0.00289029217439561,FALSE,TRUE,FALSE
4096,0.5,108,"x3","x9","none","a<b","transitivity",NA,1,FALSE,0,TRUE,FALSE,NA,NA,0.0149779872805894,FALSE,TRUE,FALSE
4096,0.5,108,"x4","x10","a<b","none","R3",NA,1,FALSE,1,TRUE,FALSE,2,4,0.00738089583837754,TRUE,FALSE,FALSE
4096,0.5,108,"x4","x11","none","none","R3",NA,1,FALSE,0,TRUE,FALSE,NA,NA,0.0299609732082002,FALSE,FALSE,TRUE
4096,0.5,108,"x4","x12","a<b","a<b","R1",1,1,TRUE,2,FALSE,FALSE,4,4,0.145011290004209,TRUE,TRUE,TRUE
4096,0.5,108,"x4","x13","a<b","b<a","transitivity",NA,1,FALSE,3,TRUE,FALSE,6,5,0.0603075757753311,TRUE,TRUE,FALSE
4096,0.5,108,"x4","x14","a<b","b<a","R1",1,1,TRUE,2,FALSE,FALSE,6,4,0.190721079894232,TRUE,TRUE,FALSE
4096,0.5,108,"x4","x15","a<b","none","R3",NA,1,FALSE,5,TRUE,FALSE,6,12,0.0217179419900714,TRUE,FALSE,FALSE
4096,0.5,108,"x4","x5","none","none","R3",NA,1,FALSE,0,TRUE,FALSE,NA,NA,0.0218203534712599,FALSE,FALSE,TRUE
4096,0.5,108,"x4","x6","none","b<a","transitivity",NA,1,FALSE,0,TRUE,FALSE,NA,NA,0.00667066456105285,FALSE,TRUE,FALSE
4096,0.5,108,"x4","x7","a<b","b<a","R1",4,1,TRUE,1,TRUE,FALSE,3,10,0.192640834995349,TRUE,TRUE,FALSE
4096,0.5,108,"x4","x8","a<b","b<a","transitivity",NA,2,FALSE,1,TRUE,FALSE,4,3,0.043841456232064,TRUE,TRUE,FALSE
4096,0.5,108,"x4","x9","none","none","R3",NA,1,FALSE,0,FALSE,FALSE,NA,NA,0.026106101646787,FALSE,FALSE,TRUE
4096,0.5,108,"x5","x10","a<b","a<b","R2",2,2,FALSE,2,FALSE,TRUE,2,4,0.0684280095118133,TRUE,TRUE,TRUE
4096,0.5,108,"x5","x11","none","none","R3",NA,1,FALSE,0,TRUE,TRUE,NA,NA,0.0375501000253893,FALSE,FALSE,TRUE
4096,0.5,108,"x5","x12","a<b","a<b","transitivity",NA,1,FALSE,1,FALSE,TRUE,4,4,0.00199396585733653,TRUE,TRUE,TRUE
4096,0.5,108,"x5","x13","a<b","b<a","transitivity",NA,1,FALSE,6,TRUE,TRUE,6,5,0.0169348457246896,TRUE,TRUE,FALSE
4096,0.5,108,"x5","x14","a<b","none","R3",NA,1,FALSE,3,TRUE,TRUE,6,4,0.0195740572324703,TRUE,FALSE,FALSE
4096,0.5,108,"x5","x15","a<b","a<b","R1",1,1,TRUE,10,TRUE,TRUE,6,12,0.175385529053226,TRUE,TRUE,TRUE
4096,0.5,108,"x5","x6","none","b<a","transitivity",NA,1,FALSE,0,FALSE,FALSE,NA,NA,0.0194088140999843,FALSE,TRUE,FALSE
4096,0.5,108,"x5","x7","a<b","b<a","R1",3,1,TRUE,1,TRUE,FALSE,3,10,0.182915317567506,TRUE,TRUE,FALSE
4096,0.5,108,"x5","x8","a<b","NA","unresolved",NA,NA,TRUE,2,TRUE,TRUE,4,3,0.23231188445567,TRUE,FALSE,FALSE
4096,0.5,108,"x5","x9","a<b","a<b","R1",1,1,TRUE,1,TRUE,FALSE,1,6,0.236498113306081,TRUE,TRUE,TRUE
4096,0.5,108,"x6","x10","a<b","a<b","transitivity",NA,1,FALSE,1,FALSE,FALSE,2,4,0.0663089154956946,TRUE,TRUE,TRUE
4096,0.5,108,"x6","x11","a<b","a<b","R2",2,1,TRUE,1,TRUE,FALSE,4,10,0.179212519999793,TRUE,TRUE,TRUE
4096,0.5,108,"x6","x12","a<b","a<b","transitivity",NA,1,FALSE,1,TRUE,FALSE,4,4,0.0315055935146285,TRUE,TRUE,TRUE
4096,0.5,108,"x6","x13","a<b","a<b","R1",2,1,TRUE,3,TRUE,FALSE,6,5,0.229900282205178,TRUE,TRUE,TRUE
4096,0.5,108,"x6","x14","a<b","a<b","transitivity",NA,1,TRUE,2,FALSE,FALSE,6,4,0.137900149366797,TRUE,TRUE,TRUE
4096,0.5,108,"x6","x15","a<b","a<b","R1",2,1,TRUE,6,TRUE,FALSE,6,12,0.231181363158862,TRUE,TRUE,TRUE
4096,0.5,108,"x6","x7","none","a<b","transitivity",NA,1,FALSE,0,TRUE,FALSE,NA,NA,0.00179051098018647,FALSE,TRUE,FALSE
4096,0.5,108,"x6","x8","a<b","a<b","R1",4,1,TRUE,1,TRUE,FALSE,4,3,0.249098851396873,TRUE,TRUE,TRUE
4096,0.5,108,"x6","x9","none","a<b","transitivity",NA,1,FALSE,0,TRUE,FALSE,NA,NA,0.0313679732015083,FALSE,TRUE,FALSE
4096,0.5,108,"x7","x10","a<b","a<b","transitivity",NA,1,FALSE,1,TRUE,TRUE,2,4,0.00690522165434667,TRUE,TRUE,TRUE
4096,0.5,108,"x7","x11","none","none","R3",NA,1,FALSE,0,TRUE,TRUE,NA,NA,0.0060736335478001,FALSE,FALSE,TRUE
4096,0.5,108,"x7","x12","a<b","a<b","R1",1,1,TRUE,1,TRUE,TRUE,4,4,0.185307271817064,TRUE,TRUE,TRUE
4096,0.5,108,"x7","x13","a<b","b<a","R1",1,1,TRUE,3,FALSE,TRUE,6,5,0.209278799178275,TRUE,TRUE,FALSE
4096,0.5,108,"x7","x14","a<b","a<b","R1",1,1,FALSE,1,TRUE,TRUE,6,4,0.156853890128555,TRUE,TRUE,TRUE
4096,0.5,108,"x7","x15","a<b","a<b","transitivity",NA,1,FALSE,4,TRUE,TRUE,6,12,0.105291728657665,TRUE,TRUE,TRUE
4096,0.5,108,"x7","x8","a<b","b<a","R2",4,2,TRUE,1,TRUE,TRUE,4,3,0.199007474860449,TRUE,TRUE,FALSE
4096,0.5,108,"x7","x9","none","a<b","transitivity",NA,1,FALSE,0,TRUE,TRUE,NA,NA,0.0324677881398313,FALSE,TRUE,FALSE
4096,0.5,108,"x8","x10","a<b","a<b","R1",2,1,TRUE,1,FALSE,TRUE,2,4,0.279411783763084,TRUE,TRUE,TRUE
4096,0.5,108,"x8","x11","none","NA","unresolved",NA,NA,FALSE,0,TRUE,TRUE,NA,NA,0.13695642128397,FALSE,FALSE,FALSE
4096,0.5,108,"x8","x12","none","a<b","transitivity",NA,2,FALSE,0,TRUE,TRUE,NA,NA,0.0615447896955111,FALSE,TRUE,FALSE
4096,0.5,108,"x8","x13","a<b","b<a","R1",2,1,TRUE,2,TRUE,TRUE,6,5,0.329270338073489,TRUE,TRUE,FALSE
4096,0.5,108,"x8","x14","a<b","a<b","R1",2,2,TRUE,1,TRUE,TRUE,6,4,0.139924292499605,TRUE,TRUE,TRUE
4096,0.5,108,"x8","x15","a<b","a<b","transitivity",NA,2,FALSE,3,TRUE,TRUE,6,12,0.0355421844818504,TRUE,TRUE,TRUE
4096,0.5,108,"x8","x9","none","a<b","transitivity",NA,2,FALSE,0,TRUE,TRUE,NA,NA,0.0586836571925972,FALSE,TRUE,FALSE
4096,0.5,108,"x9","x10","none","none","R3",NA,1,FALSE,0,TRUE,TRUE,NA,NA,0.0166903341973218,FALSE,FALSE,TRUE
4096,0.5,108,"x9","x11","none","none","R3",NA,1,FALSE,0,FALSE,TRUE,NA,NA,0.00716122095286422,FALSE,FALSE,TRUE
4096,0.5,108,"x9","x12","none","none","R3",NA,1,FALSE,0,TRUE,TRUE,NA,NA,0.0166272216828685,FALSE,FALSE,TRUE
4096,0.5,108,"x9","x13","a<b","b<a","transitivity",NA,1,TRUE,1,TRUE,TRUE,6,5,0.152821000344514,TRUE,TRUE,FALSE
4096,0.5,108,"x9","x14","a<b","b<a","R1",1,1,TRUE,1,TRUE,TRUE,6,4,0.193381763686017,TRUE,TRUE,FALSE
4096,0.5,108,"x9","x15","a<b","a<b","R2",1,1,FALSE,2,TRUE,TRUE,6,12,0.0390777852982687,TRUE,TRUE,TRUE
4096,0.5,109,"x1","x10","a<b","a<b","transitivity",NA,1,FALSE,2,FALSE,FALSE,3,3,0.0716969302293916,TRUE,TRUE,TRUE
4096,0.5,109,"x1","x11","a<b","a<b","transitivity",NA,1,FALSE,5,TRUE,FALSE,5,6,0.0455997154013299,TRUE,TRUE,TRUE
4096,0.5,109,"x1","x12","a<b","a<b","R1",2,1,TRUE,3,FALSE,FALSE,3,6,0.243980133980196,TRUE,TRUE,TRUE
4096,0.5,109,"x1","x13","a<b","a<b","transitivity",NA,1,FALSE,4,FALSE,FALSE,4,2,0.0158060554820402,TRUE,TRUE,TRUE
4096,0.5,109,"x1","x14","a<b","a<b","transitivity",NA,1,FALSE,9,FALSE,FALSE,4,5,0.0520658179893642,TRUE,TRUE,TRUE
4096,0.5,109,"x1","x15","a<b","a<b","R1",2,1,FALSE,21,TRUE,FALSE,5,5,0.142132502574415,TRUE,TRUE,TRUE
4096,0.5,109,"x1","x2","none","none","R3",NA,1,FALSE,0,TRUE,FALSE,NA,NA,0.0267589485992427,FALSE,FALSE,TRUE
4096,0.5,109,"x1","x3","a<b","a<b","R1",5,1,TRUE,1,FALSE,FALSE,1,4,0.235592144262069,TRUE,TRUE,TRUE
4096,0.5,109,"x1","x4","a<b","a<b","R1",2,1,TRUE,1,FALSE,FALSE,2,5,0.221106481970046,TRUE,TRUE,TRUE
4096,0.5,109,"x1","x5","a<b","a<b","R1",1,1,TRUE,1,FALSE,FALSE,2,4,0.295794076306039,TRUE,TRUE,TRUE
4096,0.5,109,"x1","x6","a<b","a<b","transitivity",NA,1,FALSE,1,FALSE,FALSE,2,5,0.0483004423123952,TRUE,TRUE,TRUE
4096,0.5,109,"x1","x7","a<b","a<b","R1",1,1,FALSE,1,FALSE,FALSE,2,7,0.0694100420746966,TRUE,TRUE,TRUE
4096,0.5,109,"x1","x8","a<b","a<b","transitivity",NA,1,FALSE,2,TRUE,FALSE,2,5,0.0310929679356352,TRUE,TRUE,TRUE
4096,0.5,109,"x1","x9","a<b","a<b","R1",2,1,TRUE,5,FALSE,FALSE,4,0,0.341856085647996,TRUE,TRUE,TRUE
4096,0.5,109,"x10","x11","a<b","a<b","R1",1,1,TRUE,1,TRUE,TRUE,5,6,0.0556289605025473,TRUE,TRUE,TRUE
4096,0.5,109,"x10","x12","none","a<b","R1",1,1,FALSE,0,TRUE,TRUE,NA,NA,0.0840035348357641,FALSE,TRUE,FALSE
4096,0.5,109,"x10","x13","a<b","a<b","transitivity",NA,1,TRUE,1,TRUE,TRUE,4,2,0.1794942694804,TRUE,TRUE,TRUE
4096,0.5,109,"x10","x14","a<b","a<b","transitivity",NA,1,FALSE,1,TRUE,TRUE,4,5,0.0895189968552446,TRUE,TRUE,TRUE
4096,0.5,109,"x10","x15","a<b","a<b","transitivity",NA,1,FALSE,2,TRUE,TRUE,5,5,0.0948213930572605,TRUE,TRUE,TRUE
4096,0.5,109,"x11","x12","none","b<a","transitivity",NA,1,FALSE,0,TRUE,TRUE,NA,NA,0.0763255824977476,FALSE,TRUE,FALSE
4096,0.5,109,"x11","x13","none","a<b","R1",1,1,FALSE,0,TRUE,TRUE,NA,NA,0.0954872528135018,FALSE,TRUE,FALSE
4096,0.5,109,"x11","x14","a<b","a<b","R1",1,1,TRUE,1,TRUE,TRUE,4,5,0.199455686069939,TRUE,TRUE,TRUE
4096,0.5,109,"x11","x15","a<b","a<b","transitivity",NA,1,FALSE,1,TRUE,TRUE,5,5,0.0134785276152792,TRUE,TRUE,TRUE
4096,0.5,109,"x12","x13","none","a<b","transitivity",NA,1,FALSE,0,TRUE,TRUE,NA,NA,0.0201047265328104,FALSE,TRUE,FALSE
4096,0.5,109,"x12","x14","none","a<b","transitivity",NA,1,FALSE,0,TRUE,TRUE,NA,NA,0.0706406668404047,FALSE,TRUE,FALSE
4096,0.5,109,"x12","x15","none","a<b","R1",1,1,FALSE,0,FALSE,TRUE,NA,NA,0.0282423741673627,FALSE,TRUE,FALSE
4096,0.5,109,"x13","x14","none","b<a","R2",1,1,FALSE,0,TRUE,TRUE,NA,NA,0.0652003681587874,FALSE,TRUE,FALSE
4096,0.5,109,"x13","x15","a<b","a<b","R2",4,1,TRUE,1,FALSE,TRUE,5,5,0.116827270758207,TRUE,TRUE,TRUE
4096,0.5,109,"x14","x15","a<b","a<b","R1",1,1,TRUE,1,TRUE,TRUE,5,5,0.308836944075836,TRUE,TRUE,TRUE
4096,0.5,109,"x2","x10","a<b","a<b","R1",3,1,TRUE,3,FALSE,FALSE,3,3,0.243298844651169,TRUE,TRUE,TRUE
4096,0.5,109,"x2","x11","a<b","a<b","transitivity",NA,1,TRUE,7,FALSE,FALSE,5,6,0.0369571491424183,TRUE,TRUE,TRUE
4096,0.5,109,"x2","x12","a<b","a<b","transitivity",NA,1,FALSE,4,TRUE,FALSE,3,6,0.021352752312905,TRUE,TRUE,TRUE
4096,0.5,109,"x2","x13","a<b","a<b","transitivity",NA,1,TRUE,7,FALSE,FALSE,4,2,0.0508501733556559,TRUE,TRUE,TRUE
4096,0.5,109,"x2","x14","a<b","a<b","R1",2,1,FALSE,11,TRUE,FALSE,4,5,0.140804352985024,TRUE,TRUE,TRUE
4096,0.5,109,"x2","x15","a<b","a<b","transitivity",NA,1,FALSE,22,FALSE,FALSE,5,5,0.00635381769031869,TRUE,TRUE,TRUE
4096,0.5,109,"x2","x3","none","none","R3",NA,1,FALSE,0,TRUE,FALSE,NA,NA,0.0134745607315856,FALSE,FALSE,TRUE
4096,0.5,109,"x2","x4","a<b","a<b","R1",3,1,TRUE,1,FALSE,FALSE,2,5,0.228117785674531,TRUE,TRUE,TRUE
4096,0.5,109,"x2","x5","a<b","a<b","R1",5,1,TRUE,1,TRUE,FALSE,2,4,0.282388559181886,TRUE,TRUE,TRUE
4096,0.5,109,"x2","x6","a<b","a<b","R1",4,1,TRUE,2,TRUE,FALSE,2,5,0.36904792406517,TRUE,TRUE,TRUE
4096,0.5,109,"x2","x7","a<b","a<b","R1",2,1,TRUE,2,TRUE,FALSE,2,7,0.253637824671797,TRUE,TRUE,TRUE
4096,0.5,109,"x2","x8","a<b","a<b","transitivity",NA,1,FALSE,1,TRUE,FALSE,2,5,0.0469515918532032,TRUE,TRUE,TRUE
4096,0.5,109,"x2","x9","a<b","NA","unresolved",NA,NA,FALSE,3,FALSE,FALSE,4,0,0.0628312820474108,TRUE,FALSE,FALSE
4096,0.5,109,"x3","x10","a<b","a<b","R1",2,1,TRUE,1,FALSE,TRUE,3,3,0.312653124730777,TRUE,TRUE,TRUE
4096,0.5,109,"x3","x11","a<b","a<b","R1",1,1,TRUE,2,FALSE,TRUE,5,6,0.0942104136112953,TRUE,TRUE,TRUE
4096,0.5,109,"x3","x12","none","a<b","transitivity",NA,1,FALSE,0,TRUE,TRUE,NA,NA,0.0804712790378422,FALSE,TRUE,FALSE
4096,0.5,109,"x3","x13","a<b","a<b","R1",1,1,FALSE,1,FALSE,TRUE,4,2,0.109596068163892,TRUE,TRUE,TRUE
4096,0.5,109,"x3","x14","a<b","a<b","transitivity",NA,1,FALSE,3,TRUE,TRUE,4,5,0.0142867279935581,TRUE,TRUE,TRUE
4096,0.5,109,"x3","x15","a<b","a<b","R1",4,1,TRUE,8,FALSE,TRUE,5,5,0.318728110169974,TRUE,TRUE,TRUE
4096,0.5,109,"x3","x4","none","b<a","R2",1,1,FALSE,0,TRUE,TRUE,NA,NA,0.0635608758900416,FALSE,TRUE,FALSE
4096,0.5,109,"x3","x5","none","a<b","R1",3,1,FALSE,0,TRUE,TRUE,NA,NA,0.0642591086266745,FALSE,TRUE,FALSE
4096,0.5,109,"x3","x6","none","none","R3",NA,1,FALSE,0,TRUE,TRUE,NA,NA,0.0287743050494788,FALSE,FALSE,TRUE
4096,0.5,109,"x3","x7","none","none","R3",NA,1,FALSE,0,TRUE,TRUE,NA,NA,0.031102826420904,FALSE,FALSE,TRUE
4096,0.5,109,"x3","x8","a<b","a<b","R1",2,1,TRUE,1,FALSE,TRUE,2,5,0.187935069836458,TRUE,TRUE,TRUE
4096,0.5,109,"x3","x9","a<b","b<a","R1",4,1,TRUE,2,TRUE,TRUE,4,0,0.408939511167681,TRUE,TRUE,FALSE
4096,0.5,109,"x4","x10","none","none","R3",NA,2,FALSE,0,TRUE,TRUE,NA,NA,0.0781102914907914,FALSE,FALSE,TRUE
4096,0.5,109,"x4","x11","none","a<b","transitivity",NA,1,FALSE,0,TRUE,TRUE,NA,NA,0.0510529452509534,FALSE,TRUE,FALSE
4096,0.5,109,"x4","x12","a<b","a<b","R1",2,1,FALSE,1,TRUE,TRUE,3,6,0.139810745480384,TRUE,TRUE,TRUE
4096,0.5,109,"x4","x13","a<b","a<b","R1",2,1,TRUE,1,TRUE,TRUE,4,2,0.244907506282976,TRUE,TRUE,TRUE
4096,0.5,109,"x4","x14","a<b","a<b","R1",3,1,TRUE,1,TRUE,TRUE,4,5,0.268746097058783,TRUE,TRUE,TRUE
4096,0.5,109,"x4","x15","a<b","a<b","R1",1,1,FALSE,2,FALSE,TRUE,5,5,0.131288592298383,TRUE,TRUE,TRUE
4096,0.5,109,"x4","x5","none","a<b","transitivity",NA,1,FALSE,0,TRUE,TRUE,NA,NA,0.00881618061224313,FALSE,TRUE,FALSE
4096,0.5,109,"x4","x6","a<b","a<b","R1",3,1,TRUE,1,TRUE,TRUE,2,5,0.411672615631727,TRUE,TRUE,TRUE
4096,0.5,109,"x4","x7","none","a<b","R2",1,1,FALSE,0,TRUE,TRUE,NA,NA,0.0483727658927831,FALSE,TRUE,FALSE
4096,0.5,109,"x4","x8","none","a<b","transitivity",NA,1,FALSE,0,FALSE,TRUE,NA,NA,0.00579362577191391,FALSE,TRUE,FALSE
4096,0.5,109,"x4","x9","none","b<a","R2",1,1,FALSE,0,TRUE,TRUE,NA,NA,0.130493571538075,FALSE,TRUE,FALSE
4096,0.5,109,"x5","x10","a<b","b<a","transitivity",NA,1,FALSE,1,TRUE,TRUE,3,3,0.0190197709434249,TRUE,TRUE,FALSE
4096,0.5,109,"x5","x11","a<b","a<b","R1",1,1,TRUE,3,TRUE,TRUE,5,6,0.23061490211849,TRUE,TRUE,TRUE
4096,0.5,109,"x5","x12","a<b","b<a","R1",3,1,FALSE,1,TRUE,TRUE,3,6,0.122334469669577,TRUE,TRUE,FALSE
4096,0.5,109,"x5","x13","a<b","a<b","transitivity",NA,1,FALSE,2,TRUE,TRUE,4,2,0.03930858496218,TRUE,TRUE,TRUE
4096,0.5,109,"x5","x14","a<b","a<b","transitivity",NA,1,FALSE,5,FALSE,TRUE,4,5,0.0944096803478394,TRUE,TRUE,TRUE
4096,0.5,109,"x5","x15","a<b","a<b","transitivity",NA,1,FALSE,10,TRUE,TRUE,5,5,0.0325542820315867,TRUE,TRUE,TRUE
4096,0.5,109,"x5","x6","none","b<a","R1",1,1,FALSE,0,TRUE,TRUE,NA,NA,0.0821225912101284,FALSE,TRUE,FALSE
4096,0.5,109,"x5","x7","a<b","b<a","R1",3,1,TRUE,1,TRUE,TRUE,2,7,0.296259349757428,TRUE,TRUE,FALSE
4096,0.5,109,"x5","x8","a<b","a<b","R1",1,1,TRUE,1,TRUE,TRUE,2,5,0.197188467887797,TRUE,TRUE,TRUE
4096,0.5,109,"x5","x9","a<b","b<a","R1",1,1,FALSE,2,TRUE,TRUE,4,0,0.0891292138532849,TRUE,TRUE,FALSE
4096,0.5,109,"x6","x10","none","none","R3",NA,2,FALSE,0,TRUE,TRUE,NA,NA,0.0608890637621784,FALSE,FALSE,TRUE
4096,0.5,109,"x6","x11","none","a<b","transitivity",NA,1,FALSE,0,TRUE,TRUE,NA,NA,0.012006581613105,FALSE,TRUE,FALSE
4096,0.5,109,"x6","x12","a<b","a<b","R1",2,1,TRUE,1,TRUE,TRUE,3,6,0.23036882603583,TRUE,TRUE,TRUE
4096,0.5,109,"x6","x13","none","a<b","R1",1,1,FALSE,0,TRUE,TRUE,NA,NA,0.122528992214989,FALSE,TRUE,FALSE
4096,0.5,109,"x6","x14","none","a<b","R1",1,1,FALSE,0,TRUE,TRUE,NA,NA,0.145529564453664,FALSE,TRUE,FALSE
4096,0.5,109,"x6","x15","none","a<b","transitivity",NA,1,FALSE,0,FALSE,TRUE,NA,NA,0.046309375069483,FALSE,TRUE,FALSE
4096,0.5,109,"x6","x7","none","b<a","R1",1,1,FALSE,0,TRUE,TRUE,NA,NA,0.103590289071719,FALSE,TRUE,FALSE
4096,0.5,109,"x6","x8","none","a<b","transitivity",NA,1,FALSE,0,FALSE,TRUE,NA,NA,0.00685211237723927,FALSE,TRUE,FALSE
4096,0.5,109,"x6","x9","none","none","R3",NA,1,FALSE,0,FALSE,TRUE,NA,NA,0.0072328841045889,FALSE,FALSE,TRUE
4096,0.5,109,"x7","x10","a<b","a<b","R1",4,1,TRUE,1,TRUE,TRUE,3,3,0.214165850443665,TRUE,TRUE,TRUE
4096,0.5,109,"x7","x11","a<b","a<b","R1",1,1,TRUE,2,TRUE,TRUE,5,6,0.19031182842987,TRUE,TRUE,TRUE
4096,0.5,109,"x7","x12","a<b","a<b","R1",2,1,TRUE,1,FALSE,TRUE,3,6,0.258778593962391,TRUE,TRUE,TRUE
4096,0.5,109,"x7","x13","a<b","a<b","transitivity",NA,1,TRUE,2,TRUE,TRUE,4,2,0.142860507241919,TRUE,TRUE,TRUE
4096,0.5,109,"x7","x14","a<b","a<b","R1",4,1,TRUE,3,TRUE,TRUE,4,5,0.229115552216341,TRUE,TRUE,TRUE
4096,0.5,109,"x7","x15","a<b","a<b","transitivity",NA,1,FALSE,6,TRUE,TRUE,5,5,0.0269496086447901,TRUE,TRUE,TRUE
4096,0.5,109,"x7","x8","none","a<b","transitivity",NA,1,FALSE,0,TRUE,TRUE,NA,NA,0.037952307214362,FALSE,TRUE,FALSE
4096,0.5,109,"x7","x9","a<b","b<a","R2",3,1,TRUE,1,FALSE,TRUE,4,0,0.270882703427271,TRUE,TRUE,FALSE
4096,0.5,109,"x8","x10","none","b<a","transitivity",NA,1,FALSE,0,TRUE,TRUE,NA,NA,0.0639656971296709,FALSE,TRUE,FALSE
4096,0.5,109,"x8","x11","none","none","R3",NA,2,FALSE,0,TRUE,TRUE,NA,NA,0.0640764686162599,FALSE,FALSE,TRUE
4096,0.5,109,"x8","x12","none","b<a","transitivity",NA,1,FALSE,0,FALSE,TRUE,NA,NA,0.0126061824988695,FALSE,TRUE,FALSE
4096,0.5,109,"x8","x13","none","a<b","R2",1,1,FALSE,0,TRUE,TRUE,NA,NA,0.0447580829393025,FALSE,TRUE,FALSE
4096,0.5,109,"x8","x14","a<b","a<b","R1",2,1,TRUE,1,FALSE,TRUE,4,5,0.223842995876061,TRUE,TRUE,TRUE
4096,0.5,109,"x8","x15","a<b","a<b","R1",4,1,TRUE,3,TRUE,TRUE,5,5,0.368179004138373,TRUE,TRUE,TRUE
4096,0.5,109,"x8","x9","a<b","b<a","R1",2,1,TRUE,1,TRUE,TRUE,4,0,0.29801891255733,TRUE,TRUE,FALSE
4096,0.5,109,"x9","x10","none","a<b","transitivity",NA,1,FALSE,0,TRUE,TRUE,NA,NA,0.0411258909469838,FALSE,TRUE,FALSE
4096,0.5,109,"x9","x11","none","a<b","transitivity",NA,1,FALSE,0,TRUE,TRUE,NA,NA,0.0591587818278519,FALSE,TRUE,FALSE
4096,0.5,109,"x9","x12","none","a<b","R1",2,1,FALSE,0,TRUE,TRUE,NA,NA,0.18219197082076,FALSE,TRUE,FALSE
4096,0.5,109,"x9","x13","none","a<b","transitivity",NA,1,FALSE,0,TRUE,TRUE,NA,NA,0.144650982483805,FALSE,TRUE,FALSE
4096,0.5,109,"x9","x14","none","a<b","transitivity",NA,1,FALSE,0,TRUE,TRUE,NA,NA,0.0275003978672307,FALSE,TRUE,FALSE
4096,0.5,109,"x9","x15","a<b","a<b","R1",2,1,TRUE,1,TRUE,TRUE,5,5,0.407445323547645,TRUE,TRUE,TRUE
4096,0.5,110,"x1","x10","a<b","a<b","R1",5,1,FALSE,14,FALSE,FALSE,5,5,0.202374264356028,TRUE,TRUE,TRUE
4096,0.5,110,"x1","x11","a<b","a<b","R1",2,1,FALSE,14,TRUE,FALSE,5,5,0.12014898574401,TRUE,TRUE,TRUE
4096,0.5,110,"x1","x12","a<b","a<b","R1",1,1,FALSE,7,FALSE,FALSE,3,1,0.204821959437904,TRUE,TRUE,TRUE
4096,0.5,110,"x1","x13","a<b","a<b","transitivity",NA,1,TRUE,20,FALSE,FALSE,5,7,0.147056297066419,TRUE,TRUE,TRUE
4096,0.5,110,"x1","x14","a<b","a<b","transitivity",NA,1,FALSE,22,TRUE,FALSE,4,12,0.0804313829856236,TRUE,TRUE,TRUE
4096,0.5,110,"x1","x15","a<b","a<b","R1",1,1,TRUE,6,TRUE,FALSE,4,2,0.125122806138656,TRUE,TRUE,TRUE
4096,0.5,110,"x1","x2","none","a<b","transitivity",NA,1,FALSE,0,TRUE,FALSE,NA,NA,0.0147708862638306,FALSE,TRUE,FALSE
4096,0.5,110,"x1","x3","none","a<b","transitivity",NA,1,FALSE,0,FALSE,FALSE,NA,NA,0.00991918683529593,FALSE,TRUE,FALSE
4096,0.5,110,"x1","x4","a<b","a<b","R1",1,1,TRUE,1,FALSE,FALSE,1,5,0.214796262002314,TRUE,TRUE,TRUE
4096,0.5,110,"x1","x5","a<b","a<b","R1",1,1,TRUE,2,FALSE,FALSE,3,8,0.220455328519764,TRUE,TRUE,TRUE
4096,0.5,110,"x1","x6","a<b","a<b","R1",1,1,TRUE,4,FALSE,FALSE,3,5,0.136293349636389,TRUE,TRUE,TRUE
4096,0.5,110,"x1","x7","a<b","a<b","R1",3,1,TRUE,1,TRUE,FALSE,2,4,0.270946536086343,TRUE,TRUE,TRUE
4096,0.5,110,"x1","x8","a<b","a<b","R1",3,1,TRUE,7,TRUE,FALSE,5,7,0.315008780549538,TRUE,TRUE,TRUE
4096,0.5,110,"x1","x9","a<b","a<b","R1",4,1,TRUE,8,FALSE,FALSE,3,2,0.223999029746652,TRUE,TRUE,TRUE
4096,0.5,110,"x10","x11","none","b<a","R1",2,1,FALSE,0,TRUE,TRUE,NA,NA,0.14162695365452,FALSE,TRUE,FALSE
4096,0.5,110,"x10","x12","none","b<a","R1",3,1,FALSE,0,TRUE,TRUE,NA,NA,0.217244190023389,FALSE,TRUE,FALSE
4096,0.5,110,"x10","x13","none","b<a","transitivity",NA,1,FALSE,0,TRUE,TRUE,NA,NA,0.0151092706168134,FALSE,TRUE,FALSE
4096,0.5,110,"x10","x14","none","b<a","R1",3,1,FALSE,0,TRUE,TRUE,NA,NA,0.127378173973435,FALSE,TRUE,FALSE
4096,0.5,110,"x10","x15","none","b<a","transitivity",NA,1,FALSE,0,TRUE,TRUE,NA,NA,0.0987678107443549,FALSE,TRUE,FALSE
4096,0.5,110,"x11","x12","none","b<a","transitivity",NA,1,FALSE,0,TRUE,TRUE,NA,NA,0.000948019115723058,FALSE,TRUE,FALSE
4096,0.5,110,"x11","x13","a<b","b<a","transitivity",NA,1,TRUE,1,TRUE,TRUE,5,7,0.262892942884197,TRUE,TRUE,FALSE
4096,0.5,110,"x11","x14","a<b","b<a","transitivity",NA,1,FALSE,1,TRUE,TRUE,4,12,0.116846594069227,TRUE,TRUE,FALSE
4096,0.5,110,"x11","x15","none","b<a","transitivity",NA,1,FALSE,0,TRUE,TRUE,NA,NA,0.0460666198507653,FALSE,TRUE,FALSE
4096,0.5,110,"x12","x13","none","a<b","R1",1,1,FALSE,0,TRUE,TRUE,NA,NA,0.110960609073351,FALSE,TRUE,FALSE
4096,0.5,110,"x12","x14","none","a<b","transitivity",NA,1,FALSE,0,TRUE,TRUE,NA,NA,0.0443565084544218,FALSE,TRUE,FALSE
4096,0.5,110,"x12","x15","none","a<b","transitivity",NA,1,FALSE,0,TRUE,TRUE,NA,NA,0.113683299980509,FALSE,TRUE,FALSE
4096,0.5,110,"x13","x14","a<b","b<a","R1",3,1,TRUE,1,TRUE,TRUE,4,12,0.369210817789417,TRUE,TRUE,FALSE
4096,0.5,110,"x13","x15","none","a<b","R2",1,1,FALSE,0,TRUE,TRUE,NA,NA,0.0894726813964433,FALSE,TRUE,FALSE
4096,0.5,110,"x14","x15","none","a<b","R1",1,1,FALSE,0,TRUE,TRUE,NA,NA,0.0598761226776859,FALSE,TRUE,FALSE
4096,0.5,110,"x2","x10","a<b","a<b","transitivity",NA,1,FALSE,7,FALSE,FALSE,5,5,0.0172227580910915,TRUE,TRUE,TRUE
4096,0.5,110,"x2","x11","a<b","a<b","R1",2,1,TRUE,7,TRUE,FALSE,5,5,0.155090421001223,TRUE,TRUE,TRUE
4096,0.5,110,"x2","x12","a<b","b<a","transitivity",NA,1,FALSE,2,FALSE,FALSE,3,1,0.0357682422817192,TRUE,TRUE,FALSE
4096,0.5,110,"x2","x13","a<b","a<b","R1",2,1,TRUE,10,TRUE,FALSE,5,7,0.267022902038705,TRUE,TRUE,TRUE
4096,0.5,110,"x2","x14","a<b","a<b","R1",3,1,TRUE,12,TRUE,FALSE,4,12,0.269551194942324,TRUE,TRUE,TRUE
4096,0.5,110,"x2","x15","a<b","a<b","R1",1,1,FALSE,2,FALSE,FALSE,4,2,0.0599498604227979,TRUE,TRUE,TRUE
4096,0.5,110,"x2","x3","a<b","a<b","R1",3,1,TRUE,1,TRUE,FALSE,1,3,0.315081233624701,TRUE,TRUE,TRUE
4096,0.5,110,"x2","x4","none","b<a","transitivity",NA,1,FALSE,0,FALSE,FALSE,NA,NA,0.00526554110385009,FALSE,TRUE,FALSE
4096,0.5,110,"x2","x5","a<b","a<b","R1",2,1,TRUE,1,FALSE,FALSE,3,8,0.204886446217815,TRUE,TRUE,TRUE
4096,0.5,110,"x2","x6","a<b","a<b","transitivity",NA,1,FALSE,1,TRUE,FALSE,3,5,0.0257505198617942,TRUE,TRUE,TRUE
4096,0.5,110,"x2","x7","a<b","b<a","R1",1,1,FALSE,1,FALSE,FALSE,2,4,0.0832259771996834,TRUE,TRUE,FALSE
4096,0.5,110,"x2","x8","a<b","a<b","R1",2,1,TRUE,3,FALSE,FALSE,5,7,0.17067454664112,TRUE,TRUE,TRUE
4096,0.5,110,"x2","x9","a<b","a<b","R1",5,1,TRUE,4,FALSE,FALSE,3,2,0.296325799059214,TRUE,TRUE,TRUE
4096,0.5,110,"x3","x10","a<b","a<b","R1",2,1,TRUE,3,TRUE,TRUE,5,5,0.258062097973162,TRUE,TRUE,TRUE
4096,0.5,110,"x3","x11","a<b","a<b","transitivity",NA,1,FALSE,2,TRUE,TRUE,5,5,0.113860932123581,TRUE,TRUE,TRUE
4096,0.5,110,"x3","x12","none","b<a","transitivity",NA,1,FALSE,0,FALSE,TRUE,NA,NA,0.0259310084180434,FALSE,TRUE,FALSE
4096,0.5,110,"x3","x13","a<b","a<b","R1",1,1,FALSE,3,TRUE,TRUE,5,7,0.18411273113011,TRUE,TRUE,TRUE
4096,0.5,110,"x3","x14","a<b","a<b","R1",1,1,FALSE,4,TRUE,TRUE,4,12,0.169376535706267,TRUE,TRUE,TRUE
4096,0.5,110,"x3","x15","a<b","a<b","R1",2,1,TRUE,1,FALSE,TRUE,4,2,0.219633918443382,TRUE,TRUE,TRUE
4096,0.5,110,"x3","x4","none","b<a","transitivity",NA,1,FALSE,0,TRUE,FALSE,NA,NA,0.0284332203191456,FALSE,TRUE,FALSE
4096,0.5,110,"x3","x5","none","a<b","transitivity",NA,2,FALSE,0,TRUE,TRUE,NA,NA,0.0763907705660343,FALSE,TRUE,FALSE
4096,0.5,110,"x3","x6","none","a<b","transitivity",NA,1,FALSE,0,FALSE,TRUE,NA,NA,0.0172207293568069,FALSE,TRUE,FALSE
4096,0.5,110,"x3","x7","a<b","b<a","transitivity",NA,1,TRUE,1,FALSE,FALSE,2,4,0.324456807356605,TRUE,TRUE,FALSE
4096,0.5,110,"x3","x8","a<b","a<b","transitivity",NA,1,FALSE,1,TRUE,TRUE,5,7,0.0241905655898134,TRUE,TRUE,TRUE
4096,0.5,110,"x3","x9","a<b","a<b","R1",1,1,FALSE,1,TRUE,TRUE,3,2,0.202346817921728,TRUE,TRUE,TRUE
4096,0.5,110,"x4","x10","a<b","a<b","transitivity",NA,1,FALSE,6,TRUE,TRUE,5,5,0.0545674053405287,TRUE,TRUE,TRUE
4096,0.5,110,"x4","x11","a<b","a<b","R1",1,1,TRUE,6,TRUE,TRUE,5,5,0.288425102832213,TRUE,TRUE,TRUE
4096,0.5,110,"x4","x12","a<b","a<b","R1",1,1,TRUE,4,FALSE,TRUE,3,1,0.332087350600403,TRUE,TRUE,TRUE
4096,0.5,110,"x4","x13","a<b","a<b","transitivity",NA,1,FALSE,8,TRUE,TRUE,5,7,0.0453294209462731,TRUE,TRUE,TRUE
4096,0.5,110,"x4","x14","a<b","a<b","transitivity",NA,1,TRUE,9,TRUE,TRUE,4,12,0.202262258578297,TRUE,TRUE,TRUE
4096,0.5,110,"x4","x15","a<b","a<b","transitivity",NA,1,TRUE,3,TRUE,TRUE,4,2,0.101462180064247,TRUE,TRUE,TRUE
4096,0.5,110,"x4","x5","a<b","a<b","R1",3,1,TRUE,1,TRUE,TRUE,3,8,0.223927385408549,TRUE,TRUE,TRUE
4096,0.5,110,"x4","x6","a<b","a<b","R1",1,1,TRUE,2,TRUE,TRUE,3,5,0.270760581583119,TRUE,TRUE,TRUE
4096,0.5,110,"x4","x7","none","a<b","R1",1,1,FALSE,0,TRUE,TRUE,NA,NA,0.0839959487032413,FALSE,TRUE,FALSE
4096,0.5,110,"x4","x8","a<b","a<b","R1",2,1,TRUE,3,TRUE,TRUE,5,7,0.186504357794825,TRUE,TRUE,TRUE
4096,0.5,110,"x4","x9","a<b","a<b","transitivity",NA,1,FALSE,3,TRUE,TRUE,3,2,0.0150421249746757,TRUE,TRUE,TRUE
4096,0.5,110,"x5","x10","a<b","a<b","R1",2,1,TRUE,3,TRUE,TRUE,5,5,0.17123488370289,TRUE,TRUE,TRUE
4096,0.5,110,"x5","x11","a<b","a<b","transitivity",NA,1,FALSE,2,TRUE,TRUE,5,5,0.131368314510749,TRUE,TRUE,TRUE
4096,0.5,110,"x5","x12","a<b","b<a","R1",2,1,TRUE,2,TRUE,TRUE,3,1,0.351303171296832,TRUE,TRUE,FALSE
4096,0.5,110,"x5","x13","a<b","b<a","R1",1,2,FALSE,3,TRUE,TRUE,5,7,0.0449811562671045,TRUE,TRUE,FALSE
4096,0.5,110,"x5","x14","a<b","b<a","transitivity",NA,2,FALSE,3,TRUE,TRUE,4,12,0.00823188733546652,TRUE,TRUE,FALSE
4096,0.5,110,"x5","x15","a<b","b<a","R2",1,1,FALSE,1,TRUE,TRUE,4,2,0.0312132784750214,TRUE,TRUE,FALSE
4096,0.5,110,"x5","x6","a<b","a<b","R1",2,1,TRUE,1,TRUE,TRUE,3,5,0.252043951205068,TRUE,TRUE,TRUE
4096,0.5,110,"x5","x7","none","b<a","R1",1,1,FALSE,0,TRUE,TRUE,NA,NA,0.0595058012801088,FALSE,TRUE,FALSE
4096,0.5,110,"x5","x8","a<b","a<b","R2",1,1,FALSE,1,TRUE,TRUE,5,7,0.10379626016411,TRUE,TRUE,TRUE
4096,0.5,110,"x5","x9","a<b","a<b","R1",1,1,FALSE,1,TRUE,TRUE,3,2,0.143865670041568,TRUE,TRUE,TRUE
4096,0.5,110,"x6","x10","a<b","a<b","R1",1,1,TRUE,2,TRUE,TRUE,5,5,0.235877116110712,TRUE,TRUE,TRUE
4096,0.5,110,"x6","x11","a<b","b<a","R1",2,1,TRUE,2,TRUE,TRUE,5,5,0.339739406095078,TRUE,TRUE,FALSE
4096,0.5,110,"x6","x12","a<b","b<a","transitivity",NA,1,TRUE,1,TRUE,TRUE,3,1,0.176106266888391,TRUE,TRUE,FALSE
4096,0.5,110,"x6","x13","a<b","b<a","R1",1,1,TRUE,3,TRUE,TRUE,5,7,0.169912781913056,TRUE,TRUE,FALSE
4096,0.5,110,"x6","x14","a<b","b<a","R1",1,1,FALSE,3,TRUE,TRUE,4,12,0.0688645774968339,TRUE,TRUE,FALSE
4096,0.5,110,"x6","x15","a<b","b<a","transitivity",NA,1,TRUE,1,TRUE,TRUE,4,2,0.12961854834941,TRUE,TRUE,FALSE
4096,0.5,110,"x6","x7","none","b<a","transitivity",NA,1,FALSE,0,TRUE,TRUE,NA,NA,0.0280272323465703,FALSE,TRUE,FALSE
4096,0.5,110,"x6","x8","a<b","b<a","R1",3,1,TRUE,1,TRUE,TRUE,5,7,0.157155907472545,TRUE,TRUE,FALSE
4096,0.5,110,"x6","x9","a<b","b<a","transitivity",NA,1,FALSE,1,TRUE,TRUE,3,2,0.0296956657508535,TRUE,TRUE,FALSE
4096,0.5,110,"x7","x10","a<b","a<b","R1",5,1,TRUE,2,TRUE,TRUE,5,5,0.374147077246328,TRUE,TRUE,TRUE
4096,0.5,110,"x7","x11","a<b","a<b","R1",3,1,TRUE,2,FALSE,TRUE,5,5,0.275858865144152,TRUE,TRUE,TRUE
4096,0.5,110,"x7","x12","none","b<a","R1",1,1,FALSE,0,FALSE,TRUE,NA,NA,0.0773530266256825,FALSE,TRUE,FALSE
4096,0.5,110,"x7","x13","a<b","a<b","R1",3,1,TRUE,3,TRUE,TRUE,5,7,0.256874797600797,TRUE,TRUE,TRUE
4096,0.5,110,"x7","x14","a<b","a<b","R1",2,1,TRUE,4,TRUE,TRUE,4,12,0.350158171756175,TRUE,TRUE,TRUE
4096,0.5,110,"x7","x15","none","a<b","R1",1,1,FALSE,0,TRUE,TRUE,NA,NA,0.151806921591855,FALSE,TRUE,FALSE
4096,0.5,110,"x7","x8","a<b","a<b","R1",5,1,TRUE,1,TRUE,TRUE,5,7,0.254089687974178,TRUE,TRUE,TRUE
4096,0.5,110,"x7","x9","a<b","a<b","R1",1,1,FALSE,1,TRUE,TRUE,3,2,0.00463713367030718,TRUE,TRUE,TRUE
4096,0.5,110,"x8","x10","a<b","a<b","R1",4,1,TRUE,1,TRUE,TRUE,5,5,0.355136348811,TRUE,TRUE,TRUE
4096,0.5,110,"x8","x11","a<b","a<b","R1",1,1,FALSE,1,TRUE,TRUE,5,5,0.0390398759833769,TRUE,TRUE,TRUE
4096,0.5,110,"x8","x12","none","b<a","transitivity",NA,1,FALSE,0,TRUE,TRUE,NA,NA,0.200927541319345,FALSE,TRUE,FALSE
4096,0.5,110,"x8","x13","a<b","b<a","R1",1,1,FALSE,1,TRUE,TRUE,5,7,0.103138957355196,TRUE,TRUE,FALSE
4096,0.5,110,"x8","x14","a<b","b<a","transitivity",NA,1,FALSE,1,TRUE,TRUE,4,12,0.0540325598173932,TRUE,TRUE,FALSE
4096,0.5,110,"x8","x15","none","none","R3",NA,1,FALSE,0,TRUE,TRUE,NA,NA,0.0279166904405657,FALSE,FALSE,TRUE
4096,0.5,110,"x8","x9","a<b","a<b","R1",2,1,TRUE,1,TRUE,TRUE,3,2,0.224010160983147,TRUE,TRUE,TRUE
4096,0.5,110,"x9","x10","none","a<b","transitivity",NA,1,FALSE,0,TRUE,TRUE,NA,NA,0.0575218200679821,FALSE,TRUE,FALSE
4096,0.5,110,"x9","x11","a<b","a<b","R1",4,1,TRUE,1,TRUE,TRUE,5,5,0.179441182242115,TRUE,TRUE,TRUE
4096,0.5,110,"x9","x12","none","b<a","transitivity",NA,1,FALSE,0,FALSE,TRUE,NA,NA,0.0546326626998507,FALSE,TRUE,FALSE
4096,0.5,110,"x9","x13","a<b","b<a","R1",2,1,FALSE,1,TRUE,TRUE,5,7,0.0979055032839697,TRUE,TRUE,FALSE
4096,0.5,110,"x9","x14","a<b","b<a","transitivity",NA,1,FALSE,1,TRUE,TRUE,4,12,0.0971296625827651,TRUE,TRUE,FALSE
4096,0.5,110,"x9","x15","none","b<a","R1",2,1,FALSE,0,TRUE,TRUE,NA,NA,0.0464869806984619,FALSE,TRUE,FALSE
1024,0.7,101,"x1","x10","a<b","a<b","transitivity",NA,1,FALSE,12,FALSE,FALSE,4,9,0.0908318680518925,TRUE,TRUE,TRUE
1024,0.7,101,"x1","x11","a<b","a<b","R1",1,1,TRUE,13,FALSE,FALSE,3,4,0.20672223802561,TRUE,TRUE,TRUE
1024,0.7,101,"x1","x12","a<b","b<a","transitivity",NA,1,FALSE,22,TRUE,FALSE,3,6,0.0317944368733282,TRUE,TRUE,FALSE
1024,0.7,101,"x1","x13","a<b","a<b","R1",1,1,FALSE,27,TRUE,FALSE,3,6,0.131019315578191,TRUE,TRUE,TRUE
1024,0.7,101,"x1","x14","a<b","a<b","R1",1,1,FALSE,10,FALSE,FALSE,2,3,0.0496216360253194,TRUE,TRUE,TRUE
1024,0.7,101,"x1","x15","a<b","a<b","transitivity",NA,1,TRUE,12,TRUE,FALSE,5,10,0.151021044473188,TRUE,TRUE,TRUE
1024,0.7,101,"x1","x2","a<b","a<b","R1",1,1,TRUE,1,TRUE,FALSE,1,4,0.177780808664188,TRUE,TRUE,TRUE
1024,0.7,101,"x1","x3","a<b","a<b","R1",1,1,TRUE,1,TRUE,FALSE,1,8,0.195872614363385,TRUE,TRUE,TRUE
1024,0.7,101,"x1","x4","a<b","b<a","R1",1,1,TRUE,2,TRUE,FALSE,2,5,0.312758508878152,TRUE,TRUE,FALSE
1024,0.7,101,"x1","x5","a<b","b<a","R1",1,1,TRUE,1,TRUE,FALSE,1,6,0.301377635008019,TRUE,TRUE,FALSE
1024,0.7,101,"x1","x6","a<b","none","R3",NA,1,FALSE,1,FALSE,FALSE,1,5,0.0164216546550486,TRUE,FALSE,FALSE
1024,0.7,101,"x1","x7","a<b","a<b","R1",1,1,FALSE,2,FALSE,FALSE,1,2,0.0697859873362578,TRUE,TRUE,TRUE
1024,0.7,101,"x1","x8","a<b","a<b","R1",1,1,TRUE,4,FALSE,FALSE,3,2,0.294526425417108,TRUE,TRUE,TRUE
1024,0.7,101,"x1","x9","a<b","b<a","R1",1,1,TRUE,8,TRUE,FALSE,4,10,0.229809650564212,TRUE,TRUE,FALSE
1024,0.7,101,"x10","x11","none","none","R3",NA,1,FALSE,0,TRUE,TRUE,NA,NA,0.0391065564649023,FALSE,FALSE,TRUE
1024,0.7,101,"x10","x12","none","b<a","transitivity",NA,1,FALSE,0,TRUE,TRUE,NA,NA,0.0269523867897309,FALSE,TRUE,FALSE
1024,0.7,101,"x10","x13","a<b","a<b","R1",1,1,TRUE,1,FALSE,TRUE,3,6,0.236375348685843,TRUE,TRUE,TRUE
1024,0.7,101,"x10","x14","none","a<b","R2",1,1,FALSE,0,TRUE,TRUE,NA,NA,0.0999456265287211,FALSE,TRUE,FALSE
1024,0.7,101,"x10","x15","none","a<b","transitivity",NA,1,FALSE,0,TRUE,TRUE,NA,NA,0.00784292502118646,FALSE,TRUE,FALSE
1024,0.7,101,"x11","x12","a<b","b<a","transitivity",NA,1,TRUE,1,TRUE,TRUE,3,6,0.253635244111637,TRUE,TRUE,FALSE
1024,0.7,101,"x11","x13","a<b","b<a","R2",1,1,TRUE,1,FALSE,TRUE,3,6,0.220056458152675,TRUE,TRUE,FALSE
1024,0.7,101,"x11","x14","none","none","R3",NA,2,FALSE,0,TRUE,TRUE,NA,NA,0.10614400416508,FALSE,FALSE,TRUE
1024,0.7,101,"x11","x15","none","none","R3",NA,2,FALSE,0,TRUE,TRUE,NA,NA,0.111705654379611,FALSE,FALSE,TRUE
1024,0.7,101,"x12","x13","none","a<b","transitivity",NA,1,FALSE,0,TRUE,TRUE,NA,NA,0.00190691105046329,FALSE,TRUE,FALSE
1024,0.7,101,"x12","x14","none","a<b","transitivity",NA,1,FALSE,0,TRUE,TRUE,NA,NA,0.047829710107736,FALSE,TRUE,FALSE
1024,0.7,101,"x12","x15","none","a<b","R1",1,1,FALSE,0,TRUE,TRUE,NA,NA,0.110478923397454,FALSE,TRUE,FALSE
1024,0.7,101,"x13","x14","none","a<b","R2",1,1,FALSE,0,FALSE,TRUE,NA,NA,0.132520925958495,FALSE,TRUE,FALSE
1024,0.7,101,"x13","x15","none","a<b","transitivity",NA,1,FALSE,0,TRUE,TRUE,NA,NA,0.0401682304856585,FALSE,TRUE,FALSE
1024,0.7,101,"x14","x15","none","a<b","transitivity",NA,1,FALSE,0,TRUE,TRUE,NA,NA,0.0656826784666608,FALSE,TRUE,FALSE
1024,0.7,101,"x2","x10","a<b","a<b","R2",3,1,TRUE,1,FALSE,TRUE,4,9,0.15362503357024,TRUE,TRUE,TRUE
1024,0.7,101,"x2","x11","none","none","R3",NA,2,FALSE,0,TRUE,TRUE,NA,NA,0.112811077412623,FALSE,FALSE,TRUE
1024,0.7,101,"x2","x12","none","b<a","transitivity",NA,1,FALSE,0,TRUE,TRUE,NA,NA,0.0140045065997943,FALSE,TRUE,FALSE
1024,0.7,101,"x2","x13","a<b","none","R3",NA,1,FALSE,1,FALSE,TRUE,3,6,0.0433705623896878,TRUE,FALSE,FALSE
1024,0.7,101,"x2","x14","none","none","R3",NA,1,FALSE,0,FALSE,TRUE,NA,NA,0.0350990690849117,FALSE,FALSE,TRUE
1024,0.7,101,"x2","x15","none","a<b","R2",2,1,FALSE,0,TRUE,TRUE,NA,NA,0.103634680072899,FALSE,TRUE,FALSE
1024,0.7,101,"x2","x3","none","none","R3",NA,1,FALSE,0,TRUE,TRUE,NA,NA,0.0330907903865526,FALSE,FALSE,TRUE
1024,0.7,101,"x2","x4","none","b<a","transitivity",NA,1,FALSE,0,TRUE,TRUE,NA,NA,0.083588287640646,FALSE,TRUE,FALSE
1024,0.7,101,"x2","x5","none","b<a","R1",1,1,FALSE,0,TRUE,TRUE,NA,NA,0.162753309686735,FALSE,TRUE,FALSE
1024,0.7,101,"x2","x6","none","none","R3",NA,1,FALSE,0,FALSE,TRUE,NA,NA,0.0266065151102425,FALSE,FALSE,TRUE
1024,0.7,101,"x2","x7","none","none","R3",NA,1,FALSE,0,FALSE,TRUE,NA,NA,0.0558189756388454,FALSE,FALSE,TRUE
1024,0.7,101,"x2","x8","none","none","R3",NA,1,FALSE,0,TRUE,TRUE,NA,NA,0.0787027728887384,FALSE,FALSE,TRUE
1024,0.7,101,"x2","x9","none","b<a","transitivity",NA,1,FALSE,0,TRUE,TRUE,NA,NA,0.0529755116271294,FALSE,TRUE,FALSE
1024,0.7,101,"x3","x10","a<b","a<b","R1",1,1,TRUE,6,FALSE,TRUE,4,9,0.243857848055588,TRUE,TRUE,TRUE
1024,0.7,101,"x3","x11","a<b","a<b","R1",1,2,FALSE,6,TRUE,TRUE,3,4,0.083142984281676,TRUE,TRUE,TRUE
1024,0.7,101,"x3","x12","a<b","b<a","transitivity",NA,1,FALSE,10,FALSE,TRUE,3,6,0.13492359846658,TRUE,TRUE,FALSE
1024,0.7,101,"x3","x13","a<b","a<b","R1",2,1,FALSE,13,FALSE,TRUE,3,6,0.15290782522903,TRUE,TRUE,TRUE
1024,0.7,101,"x3","x14","a<b","none","R3",NA,1,FALSE,5,FALSE,TRUE,2,3,0.0260638478647193,TRUE,FALSE,FALSE
1024,0.7,101,"x3","x15","a<b","a<b","R1",1,1,TRUE,6,TRUE,TRUE,5,10,0.140007552720119,TRUE,TRUE,TRUE
1024,0.7,101,"x3","x4","a<b","b<a","transitivity",NA,1,TRUE,1,TRUE,TRUE,2,5,0.350296672997439,TRUE,TRUE,FALSE
1024,0.7,101,"x3","x5","none","b<a","R1",1,1,FALSE,0,TRUE,TRUE,NA,NA,0.102288725446754,FALSE,TRUE,FALSE
1024,0.7,101,"x3","x6","a<b","b<a","R1",1,1,TRUE,1,FALSE,FALSE,1,5,0.246875358574497,TRUE,TRUE,FALSE
1024,0.7,101,"x3","x7","a<b","a<b","transitivity",NA,1,FALSE,1,FALSE,TRUE,1,2,0.120138868551539,TRUE,TRUE,TRUE
1024,0.7,101,"x3","x8","a<b","a<b","R1",2,1,TRUE,2,TRUE,TRUE,3,2,0.273159562942926,TRUE,TRUE,TRUE
1024,0.7,101,"x3","x9","a<b","b<a","R1",1,1,TRUE,4,TRUE,TRUE,4,10,0.138386773649124,TRUE,TRUE,FALSE
1024,0.7,101,"x4","x10","a<b","a<b","R1",1,1,FALSE,3,TRUE,TRUE,4,9,0.144884282353453,TRUE,TRUE,TRUE
1024,0.7,101,"x4","x11","a<b","a<b","transitivity",NA,1,FALSE,3,TRUE,TRUE,3,4,0.0221046650510738,TRUE,TRUE,TRUE
1024,0.7,101,"x4","x12","a<b","b<a","R2",1,1,FALSE,5,TRUE,TRUE,3,6,0.0836604414677038,TRUE,TRUE,FALSE
1024,0.7,101,"x4","x13","a<b","a<b","transitivity",NA,1,TRUE,7,TRUE,TRUE,3,6,0.326445100859406,TRUE,TRUE,TRUE
1024,0.7,101,"x4","x14","a<b","a<b","transitivity",NA,1,FALSE,3,FALSE,TRUE,2,3,0.0870886814783122,TRUE,TRUE,TRUE
1024,0.7,101,"x4","x15","a<b","a<b","transitivity",NA,1,FALSE,2,TRUE,TRUE,5,10,0.0637519745609175,TRUE,TRUE,TRUE
1024,0.7,101,"x4","x5","none","NA","unresolved",NA,NA,FALSE,0,TRUE,TRUE,NA,NA,0.130076770740954,FALSE,FALSE,FALSE
1024,0.7,101,"x4","x6","none","none","R3",NA,1,FALSE,0,TRUE,TRUE,NA,NA,0.0411592344298375,FALSE,FALSE,TRUE
1024,0.7,101,"x4","x7","a<b","a<b","R1",4,1,TRUE,1,FALSE,FALSE,1,2,0.39186227053159,TRUE,TRUE,TRUE
1024,0.7,101,"x4","x8","a<b","a<b","transitivity",NA,1,FALSE,1,TRUE,TRUE,3,2,0.106154849253396,TRUE,TRUE,TRUE
1024,0.7,101,"x4","x9","a<b","a<b","R1",1,1,FALSE,2,TRUE,TRUE,4,10,0.0784152409187366,TRUE,TRUE,TRUE
1024,0.7,101,"x5","x10","none","a<b","transitivity",NA,1,FALSE,0,TRUE,TRUE,NA,NA,0.00228653417948317,FALSE,TRUE,FALSE
1024,0.7,101,"x5","x11","none","a<b","R1",1,1,FALSE,0,TRUE,TRUE,NA,NA,0.0992537595856948,FALSE,TRUE,FALSE
1024,0.7,101,"x5","x12","a<b","b<a","R1",1,1,TRUE,1,FALSE,TRUE,3,6,0.164339863154506,TRUE,TRUE,FALSE
1024,0.7,101,"x5","x13","none","a<b","transitivity",NA,1,FALSE,0,TRUE,TRUE,NA,NA,0.0580370975896766,FALSE,TRUE,FALSE
1024,0.7,101,"x5","x14","none","a<b","transitivity",NA,1,FALSE,0,FALSE,TRUE,NA,NA,0.0160068295941701,FALSE,TRUE,FALSE
1024,0.7,101,"x5","x15","a<b","a<b","transitivity",NA,1,TRUE,1,TRUE,TRUE,5,10,0.143093149608756,TRUE,TRUE,TRUE
1024,0.7,101,"x5","x6","none","none","R3",NA,1,FALSE,0,TRUE,TRUE,NA,NA,0.01614994722084,FALSE,FALSE,TRUE
1024,0.7,101,"x5","x7","none","a<b","transitivity",NA,1,FALSE,0,FALSE,TRUE,NA,NA,0.0357304475854255,FALSE,TRUE,FALSE
1024,0.7,101,"x5","x8","none","a<b","transitivity",NA,1,FALSE,0,TRUE,TRUE,NA,NA,0.111524767644967,FALSE,TRUE,FALSE
1024,0.7,101,"x5","x9","none","none","R3",NA,1,FALSE,0,TRUE,TRUE,NA,NA,0.0737661891341895,FALSE,FALSE,TRUE
1024,0.7,101,"x6","x10","none","a<b","transitivity",NA,1,FALSE,0,TRUE,TRUE,NA,NA,0.0601707891748597,FALSE,TRUE,FALSE
1024,0.7,101,"x6","x11","none","a<b","transitivity",NA,2,FALSE,0,TRUE,TRUE,NA,NA,0.0147400713161455,FALSE,TRUE,FALSE
1024,0.7,101,"x6","x12","none","none","R3",NA,1,FALSE,0,TRUE,TRUE,NA,NA,0.00474110325760845,FALSE,FALSE,TRUE
1024,0.7,101,"x6","x13","none","a<b","transitivity",NA,1,FALSE,0,TRUE,TRUE,NA,NA,0.00275679530664242,FALSE,TRUE,FALSE
1024,0.7,101,"x6","x14","none","none","R3",NA,1,FALSE,0,TRUE,TRUE,NA,NA,0.0309431157236165,FALSE,FALSE,TRUE
1024,0.7,101,"x6","x15","a<b","a<b","R1",1,1,TRUE,1,TRUE,TRUE,5,10,0.132839917478475,TRUE,TRUE,TRUE
1024,0.7,101,"x6","x7","none","a<b","transitivity",NA,1,FALSE,0,TRUE,TRUE,NA,NA,0.0133941268855152,FALSE,TRUE,FALSE
1024,0.7,101,"x6","x8","none","a<b","transitivity",NA,1,FALSE,0,TRUE,TRUE,NA,NA,0.108214850298027,FALSE,TRUE,FALSE
1024,0.7,101,"x6","x9","none","none","R3",NA,1,FALSE,0,TRUE,TRUE,NA,NA,0.0347302289857239,FALSE,FALSE,TRUE
1024,0.7,101,"x7","x10","a<b","b<a","R1",1,1,TRUE,3,TRUE,TRUE,4,9,0.220971628332948,TRUE,TRUE,FALSE
1024,0.7,101,"x7","x11","a<b","none","R3",NA,1,FALSE,3,TRUE,TRUE,3,4,0.006964503305113,TRUE,FALSE,FALSE
1024,0.7,101,"x7","x12","a<b","b<a","R1",1,1,FALSE,5,FALSE,TRUE,3,6,0.062548152077715,TRUE,TRUE,FALSE
1024,0.7,101,"x7","x13","a<b","b<a","R1",1,1,FALSE,6,TRUE,TRUE,3,6,0.176675731610798,TRUE,TRUE,FALSE
1024,0.7,101,"x7","x14","a<b","b<a","R1",1,1,TRUE,3,FALSE,TRUE,2,3,0.182428669077347,TRUE,TRUE,FALSE
1024,0.7,101,"x7","x15","a<b","a<b","R1",1,1,FALSE,2,FALSE,TRUE,5,10,0.114011341970939,TRUE,TRUE,TRUE
1024,0.7,101,"x7","x8","a<b","a<b","R1",2,1,TRUE,1,FALSE,TRUE,3,2,0.199368417547572,TRUE,TRUE,TRUE
1024,0.7,101,"x7","x9","a<b","b<a","transitivity",NA,1,TRUE,2,FALSE,TRUE,4,10,0.299572904094558,TRUE,TRUE,FALSE
1024,0.7,101,"x8","x10","a<b","b<a","R1",1,1,FALSE,1,TRUE,TRUE,4,9,0.100988134627625,TRUE,TRUE,FALSE
1024,0.7,101,"x8","x11","a<b","a<b","R2",1,1,TRUE,2,TRUE,TRUE,3,4,0.0652519456433739,TRUE,TRUE,TRUE
1024,0.7,101,"x8","x12","a<b","b<a","transitivity",NA,1,FALSE,3,TRUE,TRUE,3,6,0.0216607841930303,TRUE,TRUE,FALSE
1024,0.7,101,"x8","x13","a<b","b<a","transitivity",NA,1,FALSE,3,FALSE,TRUE,3,6,0.0347498245425439,TRUE,TRUE,FALSE
1024,0.7,101,"x8","x14","a<b","b<a","transitivity",NA,1,FALSE,1,TRUE,TRUE,2,3,0.0208732751091955,TRUE,TRUE,FALSE
1024,0.7,101,"x8","x15","a<b","b<a","R2",1,1,FALSE,1,TRUE,TRUE,5,10,0.0791237909441195,TRUE,TRUE,FALSE
1024,0.7,101,"x8","x9","a<b","b<a","transitivity",NA,1,TRUE,1,TRUE,TRUE,4,10,0.291856137814453,TRUE,TRUE,FALSE
1024,0.7,101,"x9","x10","a<b","a<b","transitivity",NA,1,TRUE,1,TRUE,TRUE,4,9,0.0954131828087585,TRUE,TRUE,TRUE
1024,0.7,101,"x9","x11","a<b","a<b","R1",3,1,TRUE,1,TRUE,TRUE,3,4,0.30441116675735,TRUE,TRUE,TRUE
1024,0.7,101,"x9","x12","a<b","NA","unresolved",NA,NA,TRUE,2,TRUE,TRUE,3,6,0.264644672256099,TRUE,FALSE,FALSE
1024,0.7,101,"x9","x13","a<b","a<b","transitivity",NA,1,FALSE,2,TRUE,TRUE,3,6,0.00131264973564376,TRUE,TRUE,TRUE
1024,0.7,101,"x9","x14","a<b","a<b","R1",1,1,TRUE,1,TRUE,TRUE,2,3,0.150209134433411,TRUE,TRUE,TRUE
1024,0.7,101,"x9","x15","a<b","a<b","R1",2,1,TRUE,1,TRUE,TRUE,5,10,0.273886910068225,TRUE,TRUE,TRUE
1024,0.7,102,"x1","x10","a<b","a<b","R1",1,1,FALSE,2,FALSE,FALSE,1,4,0.103852975945539,TRUE,TRUE,TRUE
1024,0.7,102,"x1","x11","a<b","b<a","R1",1,1,TRUE,6,TRUE,FALSE,5,2,0.280776918229905,TRUE,TRUE,FALSE
1024,0.7,102,"x1","x12","a<b","a<b","transitivity",NA,1,FALSE,2,FALSE,FALSE,1,2,0.0530688958146431,TRUE,TRUE,TRUE
1024,0.7,102,"x1","x13","a<b","a<b","R1",2,1,FALSE,14,FALSE,FALSE,5,3,0.173579236399323,TRUE,TRUE,TRUE
1024,0.7,102,"x1","x14","a<b","none","R3",NA,1,FALSE,14,FALSE,FALSE,2,7,0.049870725571282,TRUE,FALSE,FALSE
1024,0.7,102,"x1","x15","a<b","none","R3",NA,1,FALSE,30,TRUE,FALSE,5,9,0.0106920260079761,TRUE,FALSE,FALSE
1024,0.7,102,"x1","x2","none","none","R3",NA,1,FALSE,0,FALSE,FALSE,NA,NA,0.00194352527268087,FALSE,FALSE,TRUE
1024,0.7,102,"x1","x3","none","none","R3",NA,1,FALSE,0,FALSE,FALSE,NA,NA,0.0436087285283226,FALSE,FALSE,TRUE
1024,0.7,102,"x1","x4","a<b","a<b","R2",1,1,TRUE,1,FALSE,FALSE,3,8,0.154062674879366,TRUE,TRUE,TRUE
1024,0.7,102,"x1","x5","a<b","none","R3",NA,1,FALSE,1,FALSE,FALSE,1,4,0.0615357821743163,TRUE,FALSE,FALSE
1024,0.7,102,"x1","x6","a<b","a<b","R2",2,1,TRUE,1,TRUE,FALSE,1,8,0.198305434512236,TRUE,TRUE,TRUE
1024,0.7,102,"x1","x7","a<b","a<b","R2",2,1,TRUE,1,FALSE,FALSE,1,5,0.248876212317965,TRUE,TRUE,TRUE
1024,0.7,102,"x1","x8","a<b","a<b","R1",1,1,TRUE,2,FALSE,FALSE,2,2,0.2575761450619,TRUE,TRUE,TRUE
1024,0.7,102,"x1","x9","a<b","b<a","R1",1,1,FALSE,5,FALSE,FALSE,4,6,0.10652899646619,TRUE,TRUE,FALSE
1024,0.7,102,"x10","x11","a<b","b<a","R1",1,1,TRUE,1,TRUE,TRUE,5,2,0.109486384974273,TRUE,TRUE,FALSE
1024,0.7,102,"x10","x12","none","none","R3",NA,1,FALSE,0,TRUE,TRUE,NA,NA,0.104007169153686,FALSE,FALSE,TRUE
1024,0.7,102,"x10","x13","a<b","none","R3",NA,1,FALSE,1,TRUE,TRUE,5,3,0.00731131853795665,TRUE,FALSE,FALSE
1024,0.7,102,"x10","x14","a<b","none","R3",NA,1,FALSE,1,TRUE,TRUE,2,7,0.00905912742892974,TRUE,FALSE,FALSE
1024,0.7,102,"x10","x15","a<b","b<a","transitivity",NA,1,FALSE,2,FALSE,TRUE,5,9,0.0501053297658821,TRUE,TRUE,FALSE
1024,0.7,102,"x11","x12","none","a<b","transitivity",NA,1,FALSE,0,TRUE,TRUE,NA,NA,0.0792469618736915,FALSE,TRUE,FALSE
1024,0.7,102,"x11","x13","a<b","a<b","R1",1,1,TRUE,1,TRUE,TRUE,5,3,0.236895853123105,TRUE,TRUE,TRUE
1024,0.7,102,"x11","x14","a<b","a<b","transitivity",NA,1,FALSE,1,FALSE,TRUE,2,7,0.0527168382246338,TRUE,TRUE,TRUE
1024,0.7,102,"x11","x15","a<b","a<b","transitivity",NA,2,FALSE,2,FALSE,TRUE,5,9,0.037146208199939,TRUE,TRUE,TRUE
1024,0.7,102,"x12","x13","none","none","R3",NA,1,FALSE,0,TRUE,TRUE,NA,NA,0.106517934419265,FALSE,FALSE,TRUE
1024,0.7,102,"x12","x14","none","none","R3",NA,1,FALSE,0,FALSE,TRUE,NA,NA,0.00946152387657607,FALSE,FALSE,TRUE
1024,0.7,102,"x12","x15","none","b<a","transitivity",NA,1,FALSE,0,FALSE,TRUE,NA,NA,0.0322358619076153,FALSE,TRUE,FALSE
1024,0.7,102,"x13","x14","a<b","b<a","R1",1,1,TRUE,1,TRUE,TRUE,2,7,0.271822616947422,TRUE,TRUE,FALSE
1024,0.7,102,"x13","x15","a<b","b<a","R1",1,1,TRUE,2,TRUE,TRUE,5,9,0.0651372907769999,TRUE,TRUE,FALSE
1024,0.7,102,"x14","x15","a<b","b<a","R2",1,1,TRUE,1,TRUE,TRUE,5,9,0.114295162181472,TRUE,TRUE,FALSE
1024,0.7,102,"x2","x10","a<b","a<b","transitivity",NA,2,FALSE,1,FALSE,FALSE,1,4,0.0105324064747863,TRUE,TRUE,TRUE
1024,0.7,102,"x2","x11","a<b","b<a","R2",3,1,TRUE,3,FALSE,FALSE,5,2,0.253976537585168,TRUE,TRUE,FALSE
1024,0.7,102,"x2","x12","a<b","a<b","transitivity",NA,2,FALSE,1,FALSE,FALSE,1,2,0.0320676054386128,TRUE,TRUE,TRUE
1024,0.7,102,"x2","x13","a<b","a<b","transitivity",NA,2,FALSE,8,FALSE,FALSE,5,3,0.0118800211831523,TRUE,TRUE,TRUE
1024,0.7,102,"x2","x14","a<b","a<b","transitivity",NA,2,FALSE,8,FALSE,FALSE,2,7,0.0321520640219892,TRUE,TRUE,TRUE
1024,0.7,102,"x2","x15","a<b","a<b","transitivity",NA,2,FALSE,17,FALSE,FALSE,5,9,0.0171499958733891,TRUE,TRUE,TRUE
1024,0.7,102,"x2","x3","none","a<b","transitivity",NA,2,FALSE,0,FALSE,FALSE,NA,NA,0.00254954479434308,FALSE,TRUE,FALSE
1024,0.7,102,"x2","x4","a<b","a<b","R1",1,2,TRUE,1,FALSE,FALSE,3,8,0.211022478695179,TRUE,TRUE,TRUE
1024,0.7,102,"x2","x5","a<b","a<b","transitivity",NA,2,FALSE,1,FALSE,FALSE,1,4,0.0632405433232281,TRUE,TRUE,TRUE
1024,0.7,102,"x2","x6","none","a<b","transitivity",NA,2,FALSE,0,FALSE,FALSE,NA,NA,0.0329665942593361,FALSE,TRUE,FALSE
1024,0.7,102,"x2","x7","none","a<b","transitivity",NA,2,FALSE,0,FALSE,FALSE,NA,NA,0.00508674786572864,FALSE,TRUE,FALSE
1024,0.7,102,"x2","x8","a<b","a<b","transitivity",NA,2,FALSE,1,FALSE,FALSE,2,2,0.0538912369310646,TRUE,TRUE,TRUE
1024,0.7,102,"x2","x9","a<b","none","R3",NA,1,FALSE,3,TRUE,FALSE,4,6,0.0206846098614069,TRUE,FALSE,FALSE
1024,0.7,102,"x3","x10","a<b","a<b","transitivity",NA,2,FALSE,1,FALSE,FALSE,1,4,0.055982376737358,TRUE,TRUE,TRUE
1024,0.7,102,"x3","x11","a<b","b<a","transitivity",NA,1,FALSE,2,FALSE,FALSE,5,2,0.0673677267386125,TRUE,TRUE,FALSE
1024,0.7,102,"x3","x12","a<b","a<b","transitivity",NA,2,FALSE,1,FALSE,FALSE,1,2,0.0347501614424125,TRUE,TRUE,TRUE
1024,0.7,102,"x3","x13","a<b","a<b","R1",1,1,TRUE,8,TRUE,FALSE,5,3,0.24638934645391,TRUE,TRUE,TRUE
1024,0.7,102,"x3","x14","a<b","a<b","R1",2,1,TRUE,9,FALSE,FALSE,2,7,0.23707618547075,TRUE,TRUE,TRUE
1024,0.7,102,"x3","x15","a<b","a<b","R1",1,2,TRUE,19,TRUE,FALSE,5,9,0.161275629625134,TRUE,TRUE,TRUE
1024,0.7,102,"x3","x4","a<b","b<a","R1",1,1,TRUE,1,FALSE,FALSE,3,8,0.195320724183109,TRUE,TRUE,FALSE
1024,0.7,102,"x3","x5","a<b","a<b","transitivity",NA,2,FALSE,1,FALSE,FALSE,1,4,0.0937285868971491,TRUE,TRUE,TRUE
1024,0.7,102,"x3","x6","none","a<b","transitivity",NA,2,FALSE,0,TRUE,FALSE,NA,NA,0.0173706594123574,FALSE,TRUE,FALSE
1024,0.7,102,"x3","x7","none","a<b","transitivity",NA,2,FALSE,0,TRUE,FALSE,NA,NA,0.0318331152389871,FALSE,TRUE,FALSE
1024,0.7,102,"x3","x8","a<b","a<b","transitivity",NA,2,FALSE,1,TRUE,FALSE,2,2,0.0602791537966073,TRUE,TRUE,TRUE
1024,0.7,102,"x3","x9","a<b","b<a","transitivity",NA,1,FALSE,3,FALSE,FALSE,4,6,0.0316636720986754,TRUE,TRUE,FALSE
1024,0.7,102,"x4","x10","a<b","a<b","transitivity",NA,1,FALSE,1,FALSE,TRUE,1,4,0.0306204026083046,TRUE,TRUE,TRUE
1024,0.7,102,"x4","x11","a<b","b<a","transitivity",NA,1,FALSE,2,TRUE,TRUE,5,2,0.00345307563643272,TRUE,TRUE,FALSE
1024,0.7,102,"x4","x12","a<b","a<b","transitivity",NA,1,FALSE,1,TRUE,TRUE,1,2,0.00741350223582065,TRUE,TRUE,TRUE
1024,0.7,102,"x4","x13","a<b","a<b","R1",1,1,TRUE,7,TRUE,TRUE,5,3,0.244687185147342,TRUE,TRUE,TRUE
1024,0.7,102,"x4","x14","a<b","a<b","transitivity",NA,1,FALSE,7,TRUE,TRUE,2,7,0.0748234230359925,TRUE,TRUE,TRUE
1024,0.7,102,"x4","x15","a<b","a<b","transitivity",NA,2,FALSE,15,TRUE,TRUE,5,9,0.0101695226493024,TRUE,TRUE,TRUE
1024,0.7,102,"x4","x5","a<b","a<b","R1",4,1,TRUE,1,TRUE,FALSE,1,4,0.24606421918051,TRUE,TRUE,TRUE
1024,0.7,102,"x4","x6","none","a<b","transitivity",NA,2,FALSE,0,TRUE,TRUE,NA,NA,0.0716977214736426,FALSE,TRUE,FALSE
1024,0.7,102,"x4","x7","none","a<b","transitivity",NA,2,FALSE,0,TRUE,TRUE,NA,NA,0.0802248485631533,FALSE,TRUE,FALSE
1024,0.7,102,"x4","x8","a<b","a<b","transitivity",NA,1,FALSE,1,TRUE,TRUE,2,2,0.0189132704978536,TRUE,TRUE,TRUE
1024,0.7,102,"x4","x9","a<b","b<a","R1",1,1,TRUE,3,FALSE,TRUE,4,6,0.234591425621348,TRUE,TRUE,FALSE
1024,0.7,102,"x5","x10","a<b","a<b","transitivity",NA,1,FALSE,1,FALSE,TRUE,1,4,0.0875464855490612,TRUE,TRUE,TRUE
1024,0.7,102,"x5","x11","a<b","b<a","transitivity",NA,1,FALSE,2,FALSE,TRUE,5,2,0.056913472534167,TRUE,TRUE,FALSE
1024,0.7,102,"x5","x12","a<b","a<b","transitivity",NA,1,FALSE,1,FALSE,TRUE,1,2,0.0625588336908803,TRUE,TRUE,TRUE
1024,0.7,102,"x5","x13","a<b","none","R3",NA,1,FALSE,5,TRUE,TRUE,5,3,0.0835967053206797,TRUE,FALSE,FALSE
1024,0.7,102,"x5","x14","a<b","none","R3",NA,1,FALSE,5,TRUE,TRUE,2,7,0.0137072039115222,TRUE,FALSE,FALSE
1024,0.7,102,"x5","x15","a<b","b<a","R1",1,1,TRUE,11,TRUE,TRUE,5,9,0.137875932381387,TRUE,TRUE,FALSE
1024,0.7,102,"x5","x6","none","b<a","R2",1,2,FALSE,0,FALSE,TRUE,NA,NA,0.100430513737415,FALSE,TRUE,FALSE
1024,0.7,102,"x5","x7","none","none","R3",NA,1,FALSE,0,TRUE,TRUE,NA,NA,0.0508213208238562,FALSE,FALSE,TRUE
1024,0.7,102,"x5","x8","a<b","a<b","R1",1,1,TRUE,1,FALSE,TRUE,2,2,0.243415889481963,TRUE,TRUE,TRUE
1024,0.7,102,"x5","x9","a<b","b<a","transitivity",NA,1,TRUE,2,TRUE,TRUE,4,6,0.201052892946697,TRUE,TRUE,FALSE
1024,0.7,102,"x6","x10","none","none","R3",NA,1,FALSE,0,TRUE,TRUE,NA,NA,0.0060178995856649,FALSE,FALSE,TRUE
1024,0.7,102,"x6","x11","none","b<a","transitivity",NA,2,FALSE,0,TRUE,TRUE,NA,NA,0.0817584700150468,FALSE,TRUE,FALSE
1024,0.7,102,"x6","x12","none","none","R3",NA,1,FALSE,0,FALSE,TRUE,NA,NA,0.0287014533988631,FALSE,FALSE,TRUE
1024,0.7,102,"x6","x13","a<b","a<b","transitivity",NA,1,FALSE,1,TRUE,TRUE,5,3,0.005431099093582,TRUE,TRUE,TRUE
1024,0.7,102,"x6","x14","a<b","none","R3",NA,1,FALSE,1,TRUE,TRUE,2,7,0.016160863939913,TRUE,FALSE,FALSE
1024,0.7,102,"x6","x15","a<b","b<a","R1",2,1,TRUE,3,TRUE,TRUE,5,9,0.156337581786447,TRUE,TRUE,FALSE
1024,0.7,102,"x6","x7","none","a<b","R1",1,1,FALSE,0,TRUE,TRUE,NA,NA,0.0997120892154363,FALSE,TRUE,FALSE
1024,0.7,102,"x6","x8","none","none","R3",NA,1,FALSE,0,TRUE,TRUE,NA,NA,0.0427949085170159,FALSE,FALSE,TRUE
1024,0.7,102,"x6","x9","a<b","b<a","transitivity",NA,2,TRUE,1,FALSE,TRUE,4,6,0.220796154348323,TRUE,TRUE,FALSE
1024,0.7,102,"x7","x10","none","none","R3",NA,1,FALSE,0,TRUE,TRUE,NA,NA,0.0184468346959782,FALSE,FALSE,TRUE
1024,0.7,102,"x7","x11","a<b","b<a","transitivity",NA,2,TRUE,1,TRUE,TRUE,5,2,0.262343691798396,TRUE,TRUE,FALSE
1024,0.7,102,"x7","x12","none","none","R3",NA,1,FALSE,0,FALSE,TRUE,NA,NA,0.0145493069123466,FALSE,FALSE,TRUE
1024,0.7,102,"x7","x13","a<b","a<b","R1",1,1,FALSE,1,FALSE,TRUE,5,3,0.102922645982265,TRUE,TRUE,TRUE
1024,0.7,102,"x7","x14","a<b","none","R3",NA,1,FALSE,1,TRUE,TRUE,2,7,0.0473736223614454,TRUE,FALSE,FALSE
1024,0.7,102,"x7","x15","a<b","b<a","transitivity",NA,1,FALSE,2,FALSE,TRUE,5,9,0.0116931725625534,TRUE,TRUE,FALSE
1024,0.7,102,"x7","x8","none","none","R3",NA,1,FALSE,0,TRUE,TRUE,NA,NA,0.0735604635959598,FALSE,FALSE,TRUE
1024,0.7,102,"x7","x9","none","b<a","transitivity",NA,2,FALSE,0,TRUE,TRUE,NA,NA,0.0287036732524356,FALSE,TRUE,FALSE
1024,0.7,102,"x8","x10","a<b","a<b","R1",2,1,TRUE,1,FALSE,FALSE,1,4,0.325861125112931,TRUE,TRUE,TRUE
1024,0.7,102,"x8","x11","a<b","b<a","transitivity",NA,1,TRUE,2,TRUE,TRUE,5,2,0.301607682627638,TRUE,TRUE,FALSE
1024,0.7,102,"x8","x12","a<b","a<b","R1",3,1,TRUE,1,FALSE,FALSE,1,2,0.332089468719205,TRUE,TRUE,TRUE
1024,0.7,102,"x8","x13","a<b","a<b","R2",1,1,TRUE,4,FALSE,TRUE,5,3,0.156231627476724,TRUE,TRUE,TRUE
1024,0.7,102,"x8","x14","a<b","none","R3",NA,1,FALSE,4,FALSE,TRUE,2,7,0.0104592820156641,TRUE,FALSE,FALSE
1024,0.7,102,"x8","x15","a<b","b<a","R1",2,1,FALSE,8,TRUE,TRUE,5,9,0.11505353145831,TRUE,TRUE,FALSE
1024,0.7,102,"x8","x9","a<b","b<a","transitivity",NA,1,TRUE,1,TRUE,TRUE,4,6,0.331739671495066,TRUE,TRUE,FALSE
1024,0.7,102,"x9","x10","none","a<b","transitivity",NA,1,FALSE,0,TRUE,TRUE,NA,NA,0.0894518520099448,FALSE,TRUE,FALSE
1024,0.7,102,"x9","x11","none","b<a","R1",2,1,FALSE,0,TRUE,TRUE,NA,NA,0.11946986774178,FALSE,TRUE,FALSE
1024,0.7,102,"x9","x12","none","a<b","transitivity",NA,1,FALSE,0,TRUE,TRUE,NA,NA,0.114442816156981,FALSE,TRUE,FALSE
1024,0.7,102,"x9","x13","a<b","a<b","R1",1,1,TRUE,1,TRUE,TRUE,5,3,0.0643216748335203,TRUE,TRUE,TRUE
1024,0.7,102,"x9","x14","a<b","a<b","transitivity",NA,1,FALSE,1,FALSE,TRUE,2,7,0.0474711060312243,TRUE,TRUE,TRUE
1024,0.7,102,"x9","x15","a<b","a<b","transitivity",NA,2,FALSE,2,TRUE,TRUE,5,9,0.000619815909683828,TRUE,TRUE,TRUE
1024,0.7,103,"x1","x10","a<b","a<b","R1",1,1,FALSE,2,FALSE,FALSE,2,1,0.161912470880807,TRUE,TRUE,TRUE
1024,0.7,103,"x1","x11","a<b","none","R3",NA,1,FALSE,2,FALSE,FALSE,1,5,0.0122867581603205,TRUE,FALSE,FALSE
1024,0.7,103,"x1","x12","a<b","none","R3",NA,1,FALSE,3,FALSE,FALSE,4,3,0.0757016981885276,TRUE,FALSE,FALSE
1024,0.7,103,"x1","x13","a<b","a<b","transitivity",NA,1,TRUE,8,TRUE,FALSE,6,5,0.23769185071925,TRUE,TRUE,TRUE
1024,0.7,103,"x1","x14","a<b","a<b","R1",1,1,TRUE,3,FALSE,FALSE,3,2,0.237325337158397,TRUE,TRUE,TRUE
1024,0.7,103,"x1","x15","a<b","a<b","transitivity",NA,1,FALSE,11,TRUE,FALSE,3,6,0.0525377330009843,TRUE,TRUE,TRUE
1024,0.7,103,"x1","x2","none","none","R3",NA,1,FALSE,0,FALSE,FALSE,NA,NA,0.00456549920186711,FALSE,FALSE,TRUE
1024,0.7,103,"x1","x3","none","none","R3",NA,1,FALSE,0,FALSE,FALSE,NA,NA,0.0128314283349939,FALSE,FALSE,TRUE
1024,0.7,103,"x1","x4","a<b","a<b","R1",2,1,TRUE,1,FALSE,FALSE,1,3,0.287284612350618,TRUE,TRUE,TRUE
1024,0.7,103,"x1","x5","a<b","a<b","R2",2,1,TRUE,2,FALSE,FALSE,2,4,0.163070063680024,TRUE,TRUE,TRUE
1024,0.7,103,"x1","x6","none","none","R3",NA,1,FALSE,0,FALSE,FALSE,NA,NA,0.0246299307718181,FALSE,FALSE,TRUE
1024,0.7,103,"x1","x7","a<b","a<b","R1",3,1,TRUE,1,FALSE,FALSE,1,6,0.302564308967128,TRUE,TRUE,TRUE
1024,0.7,103,"x1","x8","a<b","a<b","transitivity",NA,2,FALSE,1,TRUE,FALSE,1,5,0.0438705991433922,TRUE,TRUE,TRUE
1024,0.7,103,"x1","x9","a<b","none","R3",NA,1,FALSE,2,TRUE,FALSE,2,5,0.0268900194458649,TRUE,FALSE,FALSE
1024,0.7,103,"x10","x11","none","none","R3",NA,1,FALSE,0,FALSE,TRUE,NA,NA,0.00387748070113565,FALSE,FALSE,TRUE
1024,0.7,103,"x10","x12","a<b","b<a","R1",2,1,TRUE,1,TRUE,TRUE,4,3,0.149718656836683,TRUE,TRUE,FALSE
1024,0.7,103,"x10","x13","a<b","a<b","R1",2,1,TRUE,2,TRUE,TRUE,6,5,0.00685196132187035,TRUE,TRUE,TRUE
1024,0.7,103,"x10","x14","none","b<a","transitivity",NA,1,FALSE,0,FALSE,TRUE,NA,NA,0.109239356344085,FALSE,TRUE,FALSE
1024,0.7,103,"x10","x15","a<b","a<b","R1",2,1,TRUE,3,TRUE,TRUE,3,6,0.152238152592958,TRUE,TRUE,TRUE
1024,0.7,103,"x11","x12","none","none","R3",NA,1,FALSE,0,FALSE,TRUE,NA,NA,0.00606056344309244,FALSE,FALSE,TRUE
1024,0.7,103,"x11","x13","none","none","R3",NA,1,FALSE,0,FALSE,TRUE,NA,NA,0.00614646202965607,FALSE,FALSE,TRUE
1024,0.7,103,"x11","x14","none","none","R3",NA,1,FALSE,0,FALSE,TRUE,NA,NA,0.0110921669111359,FALSE,FALSE,TRUE
1024,0.7,103,"x11","x15","none","none","R3",NA,1,FALSE,0,FALSE,TRUE,NA,NA,0.0302109313648771,FALSE,FALSE,TRUE
1024,0.7,103,"x12","x13","a<b","a<b","transitivity",NA,1,TRUE,1,TRUE,TRUE,6,5,0.248600716131973,TRUE,TRUE,TRUE
1024,0.7,103,"x12","x14","none","none","R3",NA,2,FALSE,0,TRUE,TRUE,NA,NA,0.0796123823113275,FALSE,FALSE,TRUE
1024,0.7,103,"x12","x15","a<b","a<b","transitivity",NA,1,FALSE,1,TRUE,TRUE,3,6,0.0019010956366669,TRUE,TRUE,TRUE
1024,0.7,103,"x13","x14","none","b<a","transitivity",NA,1,FALSE,0,TRUE,TRUE,NA,NA,0.0340937029013487,FALSE,TRUE,FALSE
1024,0.7,103,"x13","x15","a<b","a<b","R1",1,1,TRUE,1,TRUE,TRUE,3,6,0.199492501236873,TRUE,TRUE,TRUE
1024,0.7,103,"x14","x15","none","a<b","transitivity",NA,1,FALSE,0,FALSE,TRUE,NA,NA,0.0184005420440109,FALSE,TRUE,FALSE
1024,0.7,103,"x2","x10","none","a<b","transitivity",NA,1,FALSE,0,FALSE,FALSE,NA,NA,0.0375507878761263,FALSE,TRUE,FALSE
1024,0.7,103,"x2","x11","none","none","R3",NA,1,FALSE,0,FALSE,FALSE,NA,NA,0.0106471481629096,FALSE,FALSE,TRUE
1024,0.7,103,"x2","x12","a<b","a<b","R1",2,1,TRUE,1,FALSE,FALSE,4,3,0.197010489779594,TRUE,TRUE,TRUE
1024,0.7,103,"x2","x13","a<b","a<b","R1",1,1,TRUE,2,FALSE,FALSE,6,5,0.221642073134389,TRUE,TRUE,TRUE
1024,0.7,103,"x2","x14","a<b","a<b","R1",1,1,TRUE,1,FALSE,FALSE,3,2,0.269131479981288,TRUE,TRUE,TRUE
1024,0.7,103,"x2","x15","a<b","a<b","R1",2,1,FALSE,2,FALSE,FALSE,3,6,0.0812843743106393,TRUE,TRUE,TRUE
1024,0.7,103,"x2","x3","none","none","R3",NA,1,FALSE,0,FALSE,FALSE,NA,NA,0.000926374054893131,FALSE,FALSE,TRUE
1024,0.7,103,"x2","x4","none","a<b","transitivity",NA,1,FALSE,0,FALSE,FALSE,NA,NA,0.0507635500888207,FALSE,TRUE,FALSE
1024,0.7,103,"x2","x5","none","a<b","R2",1,1,FALSE,0,FALSE,FALSE,NA,NA,0.0926182617621369,FALSE,TRUE,FALSE
1024,0.7,103,"x2","x6","none","NA","unresolved",NA,NA,FALSE,0,FALSE,FALSE,NA,NA,0.0779709293137657,FALSE,FALSE,FALSE
1024,0.7,103,"x2","x7","none","none","R3",NA,1,FALSE,0,FALSE,FALSE,NA,NA,0.037126181178631,FALSE,FALSE,TRUE
1024,0.7,103,"x2","x8","none","none","R3",NA,1,FALSE,0,FALSE,FALSE,NA,NA,0.00707844390461799,FALSE,FALSE,TRUE
1024,0.7,103,"x2","x9","none","none","R3",NA,1,FALSE,0,FALSE,FALSE,NA,NA,0.0302397965016016,FALSE,FALSE,TRUE
1024,0.7,103,"x3","x10","none","none","R3",NA,1,FALSE,0,FALSE,FALSE,NA,NA,0.0397306837840605,FALSE,FALSE,TRUE
1024,0.7,103,"x3","x11","none","none","R3",NA,1,FALSE,0,FALSE,FALSE,NA,NA,0.0136005309294908,FALSE,FALSE,TRUE
1024,0.7,103,"x3","x12","none","none","R3",NA,1,FALSE,0,FALSE,FALSE,NA,NA,0.00516050011605304,FALSE,FALSE,TRUE
1024,0.7,103,"x3","x13","none","none","R3",NA,1,FALSE,0,TRUE,FALSE,NA,NA,0.00590252623082556,FALSE,FALSE,TRUE
1024,0.7,103,"x3","x14","none","none","R3",NA,1,FALSE,0,TRUE,FALSE,NA,NA,0.00401304085490936,FALSE,FALSE,TRUE
1024,0.7,103,"x3","x15","none","none","R3",NA,1,FALSE,0,FALSE,FALSE,NA,NA,0.00814157163337995,FALSE,FALSE,TRUE
1024,0.7,103,"x3","x4","none","none","R3",NA,1,FALSE,0,TRUE,FALSE,NA,NA,0.00442545090985699,FALSE,FALSE,TRUE
1024,0.7,103,"x3","x5","none","none","R3",NA,1,FALSE,0,TRUE,FALSE,NA,NA,0.0451485681805829,FALSE,FALSE,TRUE
1024,0.7,103,"x3","x6","none","none","R3",NA,1,FALSE,0,TRUE,FALSE,NA,NA,0.00685992865428834,FALSE,FALSE,TRUE
1024,0.7,103,"x3","x7","none","none","R3",NA,1,FALSE,0,FALSE,FALSE,NA,NA,0.0147024435386255,FALSE,FALSE,TRUE
1024,0.7,103,"x3","x8","none","none","R3",NA,1,FALSE,0,FALSE,FALSE,NA,NA,0.0353704748214715,FALSE,FALSE,TRUE
1024,0.7,103,"x3","x9","none","none","R3",NA,1,FALSE,0,TRUE,FALSE,NA,NA,0.0321919233053432,FALSE,FALSE,TRUE
1024,0.7,103,"x4","x10","a<b","a<b","R1",3,1,TRUE,1,FALSE,TRUE,2,1,0.400559896869829,TRUE,TRUE,TRUE
1024,0.7,103,"x4","x11","a<b","none","R3",NA,1,FALSE,1,FALSE,TRUE,1,5,0.057449170275735,TRUE,FALSE,FALSE
1024,0.7,103,"x4","x12","a<b","a<b","R2",1,2,FALSE,1,TRUE,TRUE,4,3,0.0808442716032304,TRUE,TRUE,TRUE
1024,0.7,103,"x4","x13","a<b","a<b","R1",1,1,TRUE,3,TRUE,TRUE,6,5,0.175609583810829,TRUE,TRUE,TRUE
1024,0.7,103,"x4","x14","a<b","b<a","R1",1,1,FALSE,1,TRUE,TRUE,3,2,0.112040182333274,TRUE,TRUE,FALSE
1024,0.7,103,"x4","x15","a<b","a<b","R1",1,1,FALSE,4,FALSE,TRUE,3,6,0.123484403625947,TRUE,TRUE,TRUE
1024,0.7,103,"x4","x5","a<b","b<a","R1",1,1,TRUE,1,TRUE,TRUE,2,4,0.175471196856446,TRUE,TRUE,FALSE
1024,0.7,103,"x4","x6","none","none","R3",NA,1,FALSE,0,FALSE,FALSE,NA,NA,0.0142231669970605,FALSE,FALSE,TRUE
1024,0.7,103,"x4","x7","none","b<a","R1",2,1,FALSE,0,TRUE,TRUE,NA,NA,0.149595518498268,FALSE,TRUE,FALSE
1024,0.7,103,"x4","x8","none","none","R3",NA,1,FALSE,0,FALSE,TRUE,NA,NA,0.00516314279992118,FALSE,FALSE,TRUE
1024,0.7,103,"x4","x9","a<b","none","R3",NA,1,FALSE,1,FALSE,TRUE,2,5,0.0167945103400238,TRUE,FALSE,FALSE
1024,0.7,103,"x5","x10","none","a<b","transitivity",NA,1,FALSE,0,TRUE,TRUE,NA,NA,0.0820944647206669,FALSE,TRUE,FALSE
1024,0.7,103,"x5","x11","a<b","none","R3",NA,1,FALSE,1,FALSE,FALSE,1,5,0.0136081994638993,TRUE,FALSE,FALSE
1024,0.7,103,"x5","x12","none","none","R3",NA,1,FALSE,0,FALSE,TRUE,NA,NA,0.0778015723213229,FALSE,FALSE,TRUE
1024,0.7,103,"x5","x13","none","a<b","transitivity",NA,1,FALSE,0,TRUE,TRUE,NA,NA,0.0311217434770482,FALSE,TRUE,FALSE
1024,0.7,103,"x5","x14","a<b","a<b","R1",2,1,TRUE,1,TRUE,TRUE,3,2,0.21918031773908,TRUE,TRUE,TRUE
1024,0.7,103,"x5","x15","none","a<b","transitivity",NA,1,FALSE,0,FALSE,TRUE,NA,NA,0.0169423546124215,FALSE,TRUE,FALSE
1024,0.7,103,"x5","x6","none","none","R3",NA,1,FALSE,0,FALSE,FALSE,NA,NA,0.0183345388327093,FALSE,FALSE,TRUE
1024,0.7,103,"x5","x7","none","none","R3",NA,1,FALSE,0,TRUE,TRUE,NA,NA,0.0730226830920588,FALSE,FALSE,TRUE
1024,0.7,103,"x5","x8","none","none","R3",NA,1,FALSE,0,FALSE,TRUE,NA,NA,0.0481368532027832,FALSE,FALSE,TRUE
1024,0.7,103,"x5","x9","a<b","a<b","R1",1,1,TRUE,1,TRUE,FALSE,2,5,0.228447822541576,TRUE,TRUE,TRUE
1024,0.7,103,"x6","x10","none","a<b","transitivity",NA,1,FALSE,0,FALSE,FALSE,NA,NA,0.0471690723890668,FALSE,TRUE,FALSE
1024,0.7,103,"x6","x11","a<b","none","R3",NA,1,FALSE,1,FALSE,FALSE,1,5,0.042121011809968,TRUE,FALSE,FALSE
1024,0.7,103,"x6","x12","a<b","a<b","R1",1,1,TRUE,1,FALSE,FALSE,4,3,0.205069429558949,TRUE,TRUE,TRUE
1024,0.7,103,"x6","x13","a<b","a<b","transitivity",NA,1,FALSE,1,FALSE,FALSE,6,5,0.0694581655440077,TRUE,TRUE,TRUE
1024,0.7,103,"x6","x14","none","none","R3",NA,1,FALSE,0,FALSE,FALSE,NA,NA,0.0251679069569866,FALSE,FALSE,TRUE
1024,0.7,103,"x6","x15","a<b","a<b","transitivity",NA,1,FALSE,1,FALSE,FALSE,3,6,0.0138672372928998,TRUE,TRUE,TRUE
1024,0.7,103,"x6","x7","none","none","R3",NA,1,FALSE,0,FALSE,FALSE,NA,NA,0.0349594001478094,FALSE,FALSE,TRUE
1024,0.7,103,"x6","x8","none","none","R3",NA,1,FALSE,0,FALSE,FALSE,NA,NA,0.0174038072094397,FALSE,FALSE,TRUE
1024,0.7,103,"x6","x9","a<b","a<b","R2",1,1,TRUE,1,FALSE,FALSE,2,5,0.228290488232917,TRUE,TRUE,TRUE
1024,0.7,103,"x7","x10","a<b","a<b","R1",2,1,FALSE,1,FALSE,TRUE,2,1,0.152112739375969,TRUE,TRUE,TRUE
1024,0.7,103,"x7","x11","none","none","R3",NA,1,FALSE,0,TRUE,TRUE,NA,NA,0.00122053193904583,FALSE,FALSE,TRUE
1024,0.7,103,"x7","x12","a<b","none","R3",NA,1,FALSE,2,TRUE,TRUE,4,3,0.00170838998771916,TRUE,FALSE,FALSE
1024,0.7,103,"x7","x13","a<b","a<b","R1",1,1,TRUE,4,TRUE,TRUE,6,5,0.235313607683331,TRUE,TRUE,TRUE
1024,0.7,103,"x7","x14","none","none","R3",NA,1,FALSE,0,TRUE,TRUE,NA,NA,0.0347494699301902,FALSE,FALSE,TRUE
1024,0.7,103,"x7","x15","a<b","a<b","transitivity",NA,1,FALSE,6,TRUE,TRUE,3,6,0.0421619940518214,TRUE,TRUE,TRUE
1024,0.7,103,"x7","x8","a<b","a<b","R1",2,2,TRUE,1,FALSE,FALSE,1,5,0.159425285125241,TRUE,TRUE,TRUE
1024,0.7,103,"x7","x9","none","none","R3",NA,1,FALSE,0,FALSE,TRUE,NA,NA,0.0183653176832361,FALSE,FALSE,TRUE
1024,0.7,103,"x8","x10","a<b","a<b","R1",3,1,TRUE,1,FALSE,TRUE,2,1,0.337749444592755,TRUE,TRUE,TRUE
1024,0.7,103,"x8","x11","none","none","R3",NA,1,FALSE,0,TRUE,TRUE,NA,NA,0.0461678109252118,FALSE,FALSE,TRUE
1024,0.7,103,"x8","x12","a<b","none","R3",NA,1,TRUE,2,FALSE,TRUE,4,3,0.0555601106138912,TRUE,FALSE,FALSE
1024,0.7,103,"x8","x13","a<b","a<b","transitivity",NA,1,FALSE,3,TRUE,TRUE,6,5,0.009917565608044,TRUE,TRUE,TRUE
1024,0.7,103,"x8","x14","none","none","R3",NA,1,FALSE,0,FALSE,TRUE,NA,NA,0.0117483095179311,FALSE,FALSE,TRUE
1024,0.7,103,"x8","x15","a<b","a<b","R1",1,1,TRUE,5,FALSE,TRUE,3,6,0.177506082452442,TRUE,TRUE,TRUE
1024,0.7,103,"x8","x9","none","none","R3",NA,1,FALSE,0,FALSE,TRUE,NA,NA,0.0321887478557102,FALSE,FALSE,TRUE
1024,0.7,103,"x9","x10","none","none","R3",NA,1,FALSE,0,FALSE,TRUE,NA,NA,0.0132507183181293,FALSE,FALSE,TRUE
1024,0.7,103,"x9","x11","a<b","b<a","R2",1,1,TRUE,1,TRUE,FALSE,1,5,0.201300985548488,TRUE,TRUE,FALSE
1024,0.7,103,"x9","x12","none","none","R3",NA,1,FALSE,0,TRUE,TRUE,NA,NA,0.0335016706219816,FALSE,FALSE,TRUE
1024,0.7,103,"x9","x13","none","none","R3",NA,1,FALSE,0,FALSE,TRUE,NA,NA,0.0133633878567677,FALSE,FALSE,TRUE
1024,0.7,103,"x9","x14","none","none","R3",NA,2,FALSE,0,TRUE,TRUE,NA,NA,0.0993859020437201,FALSE,FALSE,TRUE
1024,0.7,103,"x9","x15","none","none","R3",NA,1,FALSE,0,TRUE,TRUE,NA,NA,0.0280765904670058,FALSE,FALSE,TRUE
1024,0.7,104,"x1","x10","a<b","a<b","R1",4,1,TRUE,1,TRUE,FALSE,4,5,0.255415972490219,TRUE,TRUE,TRUE
1024,0.7,104,"x1","x11","none","a<b","transitivity",NA,1,FALSE,0,FALSE,FALSE,NA,NA,0.0250294385368904,FALSE,TRUE,FALSE
1024,0.7,104,"x1","x12","a<b","a<b","R1",5,1,TRUE,1,FALSE,FALSE,2,5,0.238801655995206,TRUE,TRUE,TRUE
1024,0.7,104,"x1","x13","a<b","a<b","R1",1,1,TRUE,1,TRUE,FALSE,4,7,0.189415052605582,TRUE,TRUE,TRUE
1024,0.7,104,"x1","x14","a<b","a<b","R1",1,1,FALSE,2,FALSE,FALSE,6,5,0.094044934250895,TRUE,TRUE,TRUE
1024,0.7,104,"x1","x15","a<b","a<b","transitivity",NA,1,FALSE,3,TRUE,FALSE,6,6,0.017715582007899,TRUE,TRUE,TRUE
1024,0.7,104,"x1","x2","none","none","R3",NA,1,FALSE,0,FALSE,FALSE,NA,NA,0.0330683640708581,FALSE,FALSE,TRUE
1024,0.7,104,"x1","x3","none","none","R3",NA,1,FALSE,0,FALSE,FALSE,NA,NA,0.0281071877213616,FALSE,FALSE,TRUE
1024,0.7,104,"x1","x4","none","none","R3",NA,1,FALSE,0,FALSE,FALSE,NA,NA,0.0407095453792898,FALSE,FALSE,TRUE
1024,0.7,104,"x1","x5","none","none","R3",NA,1,FALSE,0,TRUE,FALSE,NA,NA,0.0405464363610056,FALSE,FALSE,TRUE
1024,0.7,104,"x1","x6","none","none","R3",NA,1,FALSE,0,TRUE,FALSE,NA,NA,0.0204109123174389,FALSE,FALSE,TRUE
1024,0.7,104,"x1","x7","none","a<b","transitivity",NA,1,FALSE,0,FALSE,FALSE,NA,NA,0.0140647683632587,FALSE,TRUE,FALSE
1024,0.7,104,"x1","x8","none","a<b","transitivity",NA,1,FALSE,0,FALSE,FALSE,NA,NA,0.0268561578661792,FALSE,TRUE,FALSE
1024,0.7,104,"x1","x9","none","none","R3",NA,1,FALSE,0,TRUE,FALSE,NA,NA,0.040967430432317,FALSE,FALSE,TRUE
1024,0.7,104,"x10","x11","none","a<b","transitivity",NA,1,FALSE,0,FALSE,TRUE,NA,NA,0.0279787008086349,FALSE,TRUE,FALSE
1024,0.7,104,"x10","x12","none","none","R3",NA,1,FALSE,0,TRUE,TRUE,NA,NA,0.0195539105726094,FALSE,FALSE,TRUE
1024,0.7,104,"x10","x13","none","none","R3",NA,1,FALSE,0,TRUE,TRUE,NA,NA,0.0182062662089914,FALSE,FALSE,TRUE
1024,0.7,104,"x10","x14","a<b","b<a","R2",1,1,TRUE,1,TRUE,TRUE,6,5,0.321473369971068,TRUE,TRUE,FALSE
1024,0.7,104,"x10","x15","a<b","b<a","R2",1,1,FALSE,1,TRUE,TRUE,6,6,0.104809172596488,TRUE,TRUE,FALSE
1024,0.7,104,"x11","x12","none","none","R3",NA,1,FALSE,0,FALSE,TRUE,NA,NA,0.0286945704991739,FALSE,FALSE,TRUE
1024,0.7,104,"x11","x13","none","none","R3",NA,1,FALSE,0,FALSE,TRUE,NA,NA,0.00574869927756221,FALSE,FALSE,TRUE
1024,0.7,104,"x11","x14","none","b<a","R2",1,1,FALSE,0,TRUE,TRUE,NA,NA,0.107205471233349,FALSE,TRUE,FALSE
1024,0.7,104,"x11","x15","none","none","R3",NA,1,FALSE,0,FALSE,TRUE,NA,NA,0.00341095926413951,FALSE,FALSE,TRUE
1024,0.7,104,"x12","x13","none","none","R3",NA,1,FALSE,0,TRUE,TRUE,NA,NA,0.0541034192090643,FALSE,FALSE,TRUE
1024,0.7,104,"x12","x14","a<b","NA","unresolved",NA,NA,TRUE,1,FALSE,TRUE,6,5,0.178210954213714,TRUE,FALSE,FALSE
1024,0.7,104,"x12","x15","a<b","none","R3",NA,1,FALSE,1,TRUE,TRUE,6,6,0.00145725457189994,TRUE,FALSE,FALSE
1024,0.7,104,"x13","x14","none","none","R3",NA,1,FALSE,0,TRUE,TRUE,NA,NA,0.0373374621799649,FALSE,FALSE,TRUE
1024,0.7,104,"x13","x15","a<b","a<b","R1",1,1,TRUE,1,TRUE,TRUE,6,6,0.252808780982205,TRUE,TRUE,TRUE
1024,0.7,104,"x14","x15","a<b","a<b","R2",4,1,TRUE,1,TRUE,TRUE,6,6,0.173872985883455,TRUE,TRUE,TRUE
1024,0.7,104,"x2","x10","a<b","a<b","R1",1,1,TRUE,1,TRUE,FALSE,4,5,0.212482039626781,TRUE,TRUE,TRUE
1024,0.7,104,"x2","x11","a<b","a<b","transitivity",NA,1,FALSE,1,FALSE,FALSE,1,4,0.0644970403201653,TRUE,TRUE,TRUE
1024,0.7,104,"x2","x12","a<b","a<b","R2",3,1,TRUE,1,TRUE,FALSE,2,5,0.210063637495111,TRUE,TRUE,TRUE
1024,0.7,104,"x2","x13","a<b","a<b","R1",1,1,TRUE,1,FALSE,FALSE,4,7,0.210960829577069,TRUE,TRUE,TRUE
1024,0.7,104,"x2","x14","a<b","none","R3",NA,1,FALSE,3,FALSE,FALSE,6,5,0.0423887396858008,TRUE,FALSE,FALSE
1024,0.7,104,"x2","x15","a<b","a<b","R1",1,1,TRUE,5,FALSE,FALSE,6,6,0.285945400882709,TRUE,TRUE,TRUE
1024,0.7,104,"x2","x3","none","none","R3",NA,1,FALSE,0,TRUE,FALSE,NA,NA,0.0618506947399765,FALSE,FALSE,TRUE
1024,0.7,104,"x2","x4","none","none","R3",NA,1,FALSE,0,FALSE,FALSE,NA,NA,0.0202027921966993,FALSE,FALSE,TRUE
1024,0.7,104,"x2","x5","none","none","R3",NA,1,FALSE,0,FALSE,FALSE,NA,NA,0.00256583764714414,FALSE,FALSE,TRUE
1024,0.7,104,"x2","x6","none","none","R3",NA,1,FALSE,0,TRUE,FALSE,NA,NA,0.0131311734978631,FALSE,FALSE,TRUE
1024,0.7,104,"x2","x7","a<b","a<b","R1",2,1,TRUE,1,FALSE,FALSE,1,2,0.359593298318135,TRUE,TRUE,TRUE
1024,0.7,104,"x2","x8","a<b","a<b","R1",2,1,TRUE,1,FALSE,FALSE,1,2,0.391222934493694,TRUE,TRUE,TRUE
1024,0.7,104,"x2","x9","none","none","R3",NA,1,FALSE,0,FALSE,FALSE,NA,NA,0.0583895876306446,FALSE,FALSE,TRUE
1024,0.7,104,"x3","x10","none","none","R3",NA,1,FALSE,0,TRUE,FALSE,NA,NA,0.00327547844374999,FALSE,FALSE,TRUE
1024,0.7,104,"x3","x11","none","none","R3",NA,1,FALSE,0,TRUE,FALSE,NA,NA,0.000806238450619598,FALSE,FALSE,TRUE
1024,0.7,104,"x3","x12","none","none","R3",NA,1,FALSE,0,FALSE,FALSE,NA,NA,0.0251674435022755,FALSE,FALSE,TRUE
1024,0.7,104,"x3","x13","none","none","R3",NA,1,FALSE,0,TRUE,FALSE,NA,NA,0.0412726552454768,FALSE,FALSE,TRUE
1024,0.7,104,"x3","x14","none","none","R3",NA,1,FALSE,0,FALSE,FALSE,NA,NA,0.0422393577712095,FALSE,FALSE,TRUE
1024,0.7,104,"x3","x15","a<b","a<b","R1",1,1,TRUE,1,TRUE,FALSE,6,6,0.22833766060948,TRUE,TRUE,TRUE
1024,0.7,104,"x3","x4","none","none","R3",NA,1,FALSE,0,FALSE,FALSE,NA,NA,0.0298270956737339,FALSE,FALSE,TRUE
1024,0.7,104,"x3","x5","none","none","R3",NA,1,FALSE,0,FALSE,FALSE,NA,NA,0.0470515596067028,FALSE,FALSE,TRUE
1024,0.7,104,"x3","x6","none","none","R3",NA,1,FALSE,0,FALSE,FALSE,NA,NA,0.00108296085964119,FALSE,FALSE,TRUE
1024,0.7,104,"x3","x7","none","none","R3",NA,1,FALSE,0,TRUE,FALSE,NA,NA,0.00991615132801235,FALSE,FALSE,TRUE
1024,0.7,104,"x3","x8","none","none","R3",NA,1,FALSE,0,FALSE,FALSE,NA,NA,0.0301579405985525,FALSE,FALSE,TRUE
1024,0.7,104,"x3","x9","none","none","R3",NA,1,FALSE,0,TRUE,FALSE,NA,NA,0.0208171994753252,FALSE,FALSE,TRUE
1024,0.7,104,"x4","x10","a<b","a<b","R1",1,1,TRUE,1,TRUE,FALSE,4,5,0.239703375020451,TRUE,TRUE,TRUE
1024,0.7,104,"x4","x11","none","a<b","transitivity",NA,1,FALSE,0,FALSE,FALSE,NA,NA,0.044831967591968,FALSE,TRUE,FALSE
1024,0.7,104,"x4","x12","none","none","R3",NA,1,FALSE,0,FALSE,FALSE,NA,NA,0.0491787452667036,FALSE,FALSE,TRUE
1024,0.7,104,"x4","x13","a<b","b<a","R2",1,1,TRUE,2,TRUE,FALSE,4,7,0.178198936393758,TRUE,TRUE,FALSE
1024,0.7,104,"x4","x14","a<b","b<a","R2",2,1,FALSE,3,FALSE,FALSE,6,5,0.159094986117096,TRUE,TRUE,FALSE
1024,0.7,104,"x4","x15","a<b","a<b","R1",1,1,TRUE,6,FALSE,FALSE,6,6,0.186473581810659,TRUE,TRUE,TRUE
1024,0.7,104,"x4","x5","a<b","a<b","R1",3,1,TRUE,1,FALSE,FALSE,1,4,0.266820146496193,TRUE,TRUE,TRUE
1024,0.7,104,"x4","x6","none","none","R3",NA,1,FALSE,0,FALSE,FALSE,NA,NA,0.0372897457613162,FALSE,FALSE,TRUE
1024,0.7,104,"x4","x7","none","a<b","transitivity",NA,1,FALSE,0,FALSE,FALSE,NA,NA,3.09823680975942e-05,FALSE,TRUE,FALSE
1024,0.7,104,"x4","x8","none","a<b","transitivity",NA,1,FALSE,0,FALSE,FALSE,NA,NA,0.0299139347095644,FALSE,TRUE,FALSE
1024,0.7,104,"x4","x9","a<b","b<a","R2",2,1,FALSE,1,FALSE,FALSE,2,4,0.119276255230705,TRUE,TRUE,FALSE
1024,0.7,104,"x5","x10","none","none","R3",NA,2,FALSE,0,TRUE,TRUE,NA,NA,0.100911540396827,FALSE,FALSE,TRUE
1024,0.7,104,"x5","x11","none","none","R3",NA,1,FALSE,0,TRUE,FALSE,NA,NA,0.0321635515368118,FALSE,FALSE,TRUE
1024,0.7,104,"x5","x12","none","none","R3",NA,1,FALSE,0,FALSE,FALSE,NA,NA,0.0349506880597987,FALSE,FALSE,TRUE
1024,0.7,104,"x5","x13","a<b","b<a","R2",1,1,TRUE,1,TRUE,TRUE,4,7,0.126611636440387,TRUE,TRUE,FALSE
1024,0.7,104,"x5","x14","a<b","b<a","R2",2,1,TRUE,2,FALSE,TRUE,6,5,0.300685191889491,TRUE,TRUE,FALSE
1024,0.7,104,"x5","x15","a<b","a<b","R1",1,1,FALSE,3,TRUE,TRUE,6,6,0.161356116413979,TRUE,TRUE,TRUE
1024,0.7,104,"x5","x6","none","none","R3",NA,1,FALSE,0,FALSE,FALSE,NA,NA,0.0136093579364818,FALSE,FALSE,TRUE
1024,0.7,104,"x5","x7","none","none","R3",NA,1,FALSE,0,FALSE,FALSE,NA,NA,0.0203434096506055,FALSE,FALSE,TRUE
1024,0.7,104,"x5","x8","none","none","R3",NA,1,FALSE,0,FALSE,FALSE,NA,NA,0.0684909130771904,FALSE,FALSE,TRUE
1024,0.7,104,"x5","x9","a<b","NA","unresolved",NA,NA,TRUE,1,FALSE,FALSE,2,4,0.325736373314976,TRUE,FALSE,FALSE
1024,0.7,104,"x6","x10","a<b","a<b","R1",1,1,TRUE,1,FALSE,FALSE,4,5,0.266750544595208,TRUE,TRUE,TRUE
1024,0.7,104,"x6","x11","none","a<b","transitivity",NA,1,FALSE,0,FALSE,FALSE,NA,NA,0.0356820306028004,FALSE,TRUE,FALSE
1024,0.7,104,"x6","x12","none","none","R3",NA,1,FALSE,0,TRUE,FALSE,NA,NA,0.00725393824762621,FALSE,FALSE,TRUE
1024,0.7,104,"x6","x13","none","none","R3",NA,1,FALSE,0,FALSE,FALSE,NA,NA,0.00675595506157423,FALSE,FALSE,TRUE
1024,0.7,104,"x6","x14","a<b","a<b","R1",1,1,TRUE,3,FALSE,FALSE,6,5,0.276501706746515,TRUE,TRUE,TRUE
1024,0.7,104,"x6","x15","a<b","a<b","transitivity",NA,2,TRUE,4,TRUE,FALSE,6,6,0.145744489892828,TRUE,TRUE,TRUE
1024,0.7,104,"x6","x7","none","a<b","transitivity",NA,1,FALSE,0,FALSE,FALSE,NA,NA,0.0450144895690481,FALSE,TRUE,FALSE
1024,0.7,104,"x6","x8","none","a<b","transitivity",NA,1,FALSE,0,FALSE,FALSE,NA,NA,0.00417320230874806,FALSE,TRUE,FALSE
1024,0.7,104,"x6","x9","a<b","a<b","R1",2,1,TRUE,1,FALSE,FALSE,2,4,0.220451769180019,TRUE,TRUE,TRUE
1024,0.7,104,"x7","x10","none","b<a","R1",2,1,FALSE,0,TRUE,TRUE,NA,NA,0.0761172756496217,FALSE,TRUE,FALSE
1024,0.7,104,"x7","x11","a<b","a<b","R1",4,1,TRUE,1,FALSE,FALSE,1,4,0.369890574121427,TRUE,TRUE,TRUE
1024,0.7,104,"x7","x12","none","none","R3",NA,2,FALSE,0,TRUE,TRUE,NA,NA,0.123972078745447,FALSE,FALSE,TRUE
1024,0.7,104,"x7","x13","none","none","R3",NA,2,FALSE,0,TRUE,TRUE,NA,NA,0.113960226661642,FALSE,FALSE,TRUE
1024,0.7,104,"x7","x14","a<b","b<a","R2",1,1,TRUE,1,FALSE,TRUE,6,5,0.167339764331095,TRUE,TRUE,FALSE
1024,0.7,104,"x7","x15","a<b","b<a","R2",1,1,FALSE,1,TRUE,TRUE,6,6,0.124475135960678,TRUE,TRUE,FALSE
1024,0.7,104,"x7","x8","none","a<b","R1",1,1,FALSE,0,TRUE,TRUE,NA,NA,0.227232276206445,FALSE,TRUE,FALSE
1024,0.7,104,"x7","x9","none","none","R3",NA,1,FALSE,0,TRUE,FALSE,NA,NA,0.00247075262142215,FALSE,FALSE,TRUE
1024,0.7,104,"x8","x10","none","b<a","transitivity",NA,1,FALSE,0,TRUE,TRUE,NA,NA,0.0999497433301117,FALSE,TRUE,FALSE
1024,0.7,104,"x8","x11","none","none","R3",NA,1,FALSE,0,FALSE,TRUE,NA,NA,0.00302619428716147,FALSE,FALSE,TRUE
1024,0.7,104,"x8","x12","none","a<b","R2",2,1,FALSE,0,TRUE,TRUE,NA,NA,0.16839555290573,FALSE,TRUE,FALSE
1024,0.7,104,"x8","x13","none","none","R3",NA,1,FALSE,0,TRUE,TRUE,NA,NA,0.0736327422653084,FALSE,FALSE,TRUE
1024,0.7,104,"x8","x14","none","none","R3",NA,1,FALSE,0,FALSE,TRUE,NA,NA,0.0255068964632528,FALSE,FALSE,TRUE
1024,0.7,104,"x8","x15","none","none","R3",NA,2,FALSE,0,TRUE,TRUE,NA,NA,0.115417865416946,FALSE,FALSE,TRUE
1024,0.7,104,"x8","x9","none","none","R3",NA,1,FALSE,0,FALSE,FALSE,NA,NA,0.0350513624343159,FALSE,FALSE,TRUE
1024,0.7,104,"x9","x10","none","none","R3",NA,2,FALSE,0,TRUE,TRUE,NA,NA,0.141304659481408,FALSE,FALSE,TRUE
1024,0.7,104,"x9","x11","none","none","R3",NA,1,FALSE,0,FALSE,FALSE,NA,NA,0.000449741361303646,FALSE,FALSE,TRUE
1024,0.7,104,"x9","x12","none","none","R3",NA,1,FALSE,0,FALSE,FALSE,NA,NA,0.0499215768287813,FALSE,FALSE,TRUE
1024,0.7,104,"x9","x13","none","none","R3",NA,1,FALSE,0,TRUE,TRUE,NA,NA,0.0293733440201427,FALSE,FALSE,TRUE
1024,0.7,104,"x9","x14","a<b","a<b","R1",1,1,TRUE,1,TRUE,TRUE,6,5,0.342763820705672,TRUE,TRUE,TRUE
1024,0.7,104,"x9","x15","a<b","a<b","R1",1,2,FALSE,1,TRUE,TRUE,6,6,0.0972784338172675,TRUE,TRUE,TRUE
1024,0.7,105,"x1","x10","none","b<a","transitivity",NA,1,FALSE,0,FALSE,FALSE,NA,NA,0.0543682976084733,FALSE,TRUE,FALSE
1024,0.7,105,"x1","x11","a<b","none","R3",NA,1,FALSE,1,FALSE,FALSE,6,4,0.0110363119103711,TRUE,FALSE,FALSE
1024,0.7,105,"x1","x12","a<b","a<b","transitivity",NA,1,FALSE,1,FALSE,FALSE,1,7,0.0381140613707545,TRUE,TRUE,TRUE
1024,0.7,105,"x1","x13","a<b","b<a","R2",1,1,TRUE,2,FALSE,FALSE,4,2,0.195661458718554,TRUE,TRUE,FALSE
1024,0.7,105,"x1","x14","a<b","b<a","R1",1,1,TRUE,3,FALSE,FALSE,5,5,0.152699686614647,TRUE,TRUE,FALSE
1024,0.7,105,"x1","x15","a<b","a<b","transitivity",NA,1,FALSE,3,TRUE,FALSE,5,6,0.0866043744285154,TRUE,TRUE,TRUE
1024,0.7,105,"x1","x2","none","none","R3",NA,1,FALSE,0,FALSE,FALSE,NA,NA,0.000490879946575501,FALSE,FALSE,TRUE
1024,0.7,105,"x1","x3","none","b<a","transitivity",NA,1,FALSE,0,FALSE,FALSE,NA,NA,0.0598554484112701,FALSE,TRUE,FALSE
1024,0.7,105,"x1","x4","none","none","R3",NA,1,FALSE,0,FALSE,FALSE,NA,NA,0.00469215561327111,FALSE,FALSE,TRUE
1024,0.7,105,"x1","x5","none","none","R3",NA,1,FALSE,0,FALSE,FALSE,NA,NA,0.000123538615569937,FALSE,FALSE,TRUE
1024,0.7,105,"x1","x6","none","none","R3",NA,1,FALSE,0,TRUE,FALSE,NA,NA,0.00478787159033379,FALSE,FALSE,TRUE
1024,0.7,105,"x1","x7","a<b","a<b","R1",1,1,TRUE,1,FALSE,FALSE,3,2,0.186670901074989,TRUE,TRUE,TRUE
1024,0.7,105,"x1","x8","none","none","R3",NA,1,FALSE,0,FALSE,FALSE,NA,NA,0.0166740047979058,FALSE,FALSE,TRUE
1024,0.7,105,"x1","x9","a<b","b<a","transitivity",NA,1,FALSE,1,FALSE,FALSE,3,3,0.0237581832071269,TRUE,TRUE,FALSE
1024,0.7,105,"x10","x11","a<b","a<b","R1",1,1,TRUE,1,TRUE,TRUE,6,4,0.0895600456217449,TRUE,TRUE,TRUE
1024,0.7,105,"x10","x12","none","a<b","transitivity",NA,1,FALSE,0,TRUE,FALSE,NA,NA,0.0298793928223588,FALSE,TRUE,FALSE
1024,0.7,105,"x10","x13","none","b<a","R2",1,1,FALSE,0,TRUE,TRUE,NA,NA,0.0902981706077547,FALSE,TRUE,FALSE
1024,0.7,105,"x10","x14","a<b","a<b","R1",1,1,TRUE,1,FALSE,FALSE,5,5,0.183629996157536,TRUE,TRUE,TRUE
1024,0.7,105,"x10","x15","none","a<b","transitivity",NA,1,FALSE,0,TRUE,TRUE,NA,NA,0.0886005661200669,FALSE,TRUE,FALSE
1024,0.7,105,"x11","x12","none","a<b","transitivity",NA,1,FALSE,0,TRUE,TRUE,NA,NA,0.115714154151711,FALSE,TRUE,FALSE
1024,0.7,105,"x11","x13","none","none","R3",NA,1,FALSE,0,TRUE,TRUE,NA,NA,0.0025457359393224,FALSE,FALSE,TRUE
1024,0.7,105,"x11","x14","none","none","R3",NA,1,FALSE,0,TRUE,TRUE,NA,NA,0.114668196611708,FALSE,FALSE,TRUE
1024,0.7,105,"x11","x15","none","a<b","transitivity",NA,1,FALSE,0,TRUE,TRUE,NA,NA,0.0898042441314681,FALSE,TRUE,FALSE
1024,0.7,105,"x12","x13","a<b","b<a","R2",3,1,TRUE,1,FALSE,TRUE,4,2,0.247999749948337,TRUE,TRUE,FALSE
1024,0.7,105,"x12","x14","a<b","b<a","transitivity",NA,1,TRUE,1,FALSE,TRUE,5,5,0.220994609466626,TRUE,TRUE,FALSE
1024,0.7,105,"x12","x15","a<b","a<b","R1",2,1,FALSE,1,TRUE,TRUE,5,6,0.0672914936888914,TRUE,TRUE,TRUE
1024,0.7,105,"x13","x14","none","none","R3",NA,1,FALSE,0,TRUE,TRUE,NA,NA,0.0708560511730722,FALSE,FALSE,TRUE
1024,0.7,105,"x13","x15","a<b","a<b","R2",3,1,TRUE,1,TRUE,TRUE,5,6,0.223934524596904,TRUE,TRUE,TRUE
1024,0.7,105,"x14","x15","none","a<b","transitivity",NA,1,FALSE,0,TRUE,TRUE,NA,NA,0.113860006766732,FALSE,TRUE,FALSE
1024,0.7,105,"x2","x10","none","none","R3",NA,1,FALSE,0,FALSE,FALSE,NA,NA,0.0447013171393554,FALSE,FALSE,TRUE
1024,0.7,105,"x2","x11","a<b","a<b","R2",1,1,TRUE,3,FALSE,FALSE,6,4,0.136910858420422,TRUE,TRUE,TRUE
1024,0.7,105,"x2","x12","a<b","none","R3",NA,1,FALSE,1,FALSE,FALSE,1,7,0.0449774506808066,TRUE,FALSE,FALSE
1024,0.7,105,"x2","x13","a<b","NA","unresolved",NA,NA,FALSE,2,FALSE,FALSE,4,2,0.0974475045888947,TRUE,FALSE,FALSE
1024,0.7,105,"x2","x14","a<b","none","R3",NA,1,FALSE,3,FALSE,FALSE,5,5,0.0229604511738995,TRUE,FALSE,FALSE
1024,0.7,105,"x2","x15","a<b","none","R3",NA,1,FALSE,4,FALSE,FALSE,5,6,0.0600602808490999,TRUE,FALSE,FALSE
1024,0.7,105,"x2","x3","none","none","R3",NA,1,FALSE,0,FALSE,FALSE,NA,NA,0.00965664300756121,FALSE,FALSE,TRUE
1024,0.7,105,"x2","x4","none","none","R3",NA,1,FALSE,0,FALSE,FALSE,NA,NA,0.013656691686094,FALSE,FALSE,TRUE
1024,0.7,105,"x2","x5","none","none","R3",NA,1,FALSE,0,FALSE,FALSE,NA,NA,0.00929184941688664,FALSE,FALSE,TRUE
1024,0.7,105,"x2","x6","none","none","R3",NA,1,FALSE,0,FALSE,FALSE,NA,NA,0.0125242931659999,FALSE,FALSE,TRUE
1024,0.7,105,"x2","x7","a<b","a<b","R2",2,1,TRUE,1,FALSE,FALSE,3,2,0.209100535734772,TRUE,TRUE,TRUE
1024,0.7,105,"x2","x8","a<b","a<b","R1",2,1,TRUE,1,FALSE,FALSE,1,4,0.301188598661112,TRUE,TRUE,TRUE
1024,0.7,105,"x2","x9","a<b","none","R3",NA,1,FALSE,2,FALSE,FALSE,3,3,0.0340244046975694,TRUE,FALSE,FALSE
1024,0.7,105,"x3","x10","a<b","a<b","R1",1,1,TRUE,1,FALSE,FALSE,1,7,0.278664653415135,TRUE,TRUE,TRUE
1024,0.7,105,"x3","x11","a<b","a<b","transitivity",NA,1,TRUE,2,FALSE,FALSE,6,4,0.155511021199912,TRUE,TRUE,TRUE
1024,0.7,105,"x3","x12","none","a<b","transitivity",NA,1,FALSE,0,FALSE,FALSE,NA,NA,0.000175043635385466,FALSE,TRUE,FALSE
1024,0.7,105,"x3","x13","a<b","b<a","R2",1,1,TRUE,1,FALSE,FALSE,4,2,0.217133292730889,TRUE,TRUE,FALSE
1024,0.7,105,"x3","x14","a<b","a<b","transitivity",NA,1,FALSE,1,FALSE,FALSE,5,5,0.0031911450283468,TRUE,TRUE,TRUE
1024,0.7,105,"x3","x15","a<b","a<b","R1",1,1,TRUE,2,FALSE,FALSE,5,6,0.205892210754435,TRUE,TRUE,TRUE
1024,0.7,105,"x3","x4","none","a<b","transitivity",NA,1,FALSE,0,FALSE,FALSE,NA,NA,0.0189516737849311,FALSE,TRUE,FALSE
1024,0.7,105,"x3","x5","none","a<b","transitivity",NA,1,FALSE,0,FALSE,FALSE,NA,NA,0.0842885982989362,FALSE,TRUE,FALSE
1024,0.7,105,"x3","x6","none","none","R3",NA,1,FALSE,0,FALSE,FALSE,NA,NA,0.000636472058427308,FALSE,FALSE,TRUE
1024,0.7,105,"x3","x7","none","a<b","transitivity",NA,1,FALSE,0,FALSE,FALSE,NA,NA,0.0113714184554833,FALSE,TRUE,FALSE
1024,0.7,105,"x3","x8","none","none","R3",NA,1,FALSE,0,FALSE,FALSE,NA,NA,0.0184316380596426,FALSE,FALSE,TRUE
1024,0.7,105,"x3","x9","none","none","R3",NA,1,FALSE,0,TRUE,FALSE,NA,NA,0.00507178907013905,FALSE,FALSE,TRUE
1024,0.7,105,"x4","x10","none","b<a","transitivity",NA,1,FALSE,0,TRUE,FALSE,NA,NA,0.031262490482401,FALSE,TRUE,FALSE
1024,0.7,105,"x4","x11","a<b","none","R3",NA,1,FALSE,1,FALSE,FALSE,6,4,0.00189816283015753,TRUE,FALSE,FALSE
1024,0.7,105,"x4","x12","a<b","a<b","transitivity",NA,1,FALSE,1,TRUE,FALSE,1,7,0.00994199627762312,TRUE,TRUE,TRUE
1024,0.7,105,"x4","x13","a<b","none","R3",NA,1,FALSE,1,FALSE,FALSE,4,2,0.0098191596314112,TRUE,FALSE,FALSE
1024,0.7,105,"x4","x14","a<b","b<a","R1",1,1,FALSE,4,FALSE,FALSE,5,5,0.118133711429611,TRUE,TRUE,FALSE
1024,0.7,105,"x4","x15","a<b","a<b","transitivity",NA,1,TRUE,5,FALSE,FALSE,5,6,0.0818111324422196,TRUE,TRUE,TRUE
1024,0.7,105,"x4","x5","a<b","a<b","R1",3,1,TRUE,1,TRUE,FALSE,1,5,0.279830710677315,TRUE,TRUE,TRUE
1024,0.7,105,"x4","x6","none","none","R3",NA,1,FALSE,0,FALSE,FALSE,NA,NA,0.0371964997086819,FALSE,FALSE,TRUE
1024,0.7,105,"x4","x7","a<b","a<b","transitivity",NA,1,FALSE,1,TRUE,FALSE,3,2,0.0478931260691265,TRUE,TRUE,TRUE
1024,0.7,105,"x4","x8","none","none","R3",NA,1,FALSE,0,FALSE,FALSE,NA,NA,0.00639756879672536,FALSE,FALSE,TRUE
1024,0.7,105,"x4","x9","a<b","b<a","transitivity",NA,1,FALSE,2,FALSE,FALSE,3,3,0.0790173637001358,TRUE,TRUE,FALSE
1024,0.7,105,"x5","x10","none","b<a","transitivity",NA,1,FALSE,0,TRUE,FALSE,NA,NA,0.0072129791055746,FALSE,TRUE,FALSE
1024,0.7,105,"x5","x11","a<b","b<a","R1",1,1,FALSE,1,FALSE,FALSE,6,4,0.0848421179727744,TRUE,TRUE,FALSE
1024,0.7,105,"x5","x12","a<b","a<b","transitivity",NA,1,FALSE,1,FALSE,FALSE,1,7,0.0298881512101401,TRUE,TRUE,TRUE
1024,0.7,105,"x5","x13","a<b","none","R3",NA,1,FALSE,1,TRUE,FALSE,4,2,0.0406086832337993,TRUE,FALSE,FALSE
1024,0.7,105,"x5","x14","a<b","b<a","R1",1,1,TRUE,4,FALSE,FALSE,5,5,0.308304294821173,TRUE,TRUE,FALSE
1024,0.7,105,"x5","x15","a<b","a<b","R1",2,1,TRUE,4,TRUE,TRUE,5,6,0.185525813455841,TRUE,TRUE,TRUE
1024,0.7,105,"x5","x6","none","none","R3",NA,1,FALSE,0,FALSE,FALSE,NA,NA,0.0601888988851945,FALSE,FALSE,TRUE
1024,0.7,105,"x5","x7","a<b","a<b","R1",2,1,TRUE,1,TRUE,FALSE,3,2,0.257260344172594,TRUE,TRUE,TRUE
1024,0.7,105,"x5","x8","none","none","R3",NA,1,FALSE,0,FALSE,FALSE,NA,NA,0.019685355202582,FALSE,FALSE,TRUE
1024,0.7,105,"x5","x9","a<b","b<a","transitivity",NA,1,TRUE,2,FALSE,FALSE,3,3,0.331859466013653,TRUE,TRUE,FALSE
1024,0.7,105,"x6","x10","none","none","R3",NA,1,FALSE,0,FALSE,FALSE,NA,NA,0.051110104812571,FALSE,FALSE,TRUE
1024,0.7,105,"x6","x11","a<b","b<a","R2",1,1,TRUE,1,TRUE,FALSE,6,4,0.186889350932616,TRUE,TRUE,FALSE
1024,0.7,105,"x6","x12","none","none","R3",NA,1,FALSE,0,TRUE,FALSE,NA,NA,0.0595505419917314,FALSE,FALSE,TRUE
1024,0.7,105,"x6","x13","none","none","R3",NA,1,FALSE,0,FALSE,FALSE,NA,NA,0.0117950636318051,FALSE,FALSE,TRUE
1024,0.7,105,"x6","x14","none","none","R3",NA,1,FALSE,0,TRUE,FALSE,NA,NA,0.018279551338042,FALSE,FALSE,TRUE
1024,0.7,105,"x6","x15","none","none","R3",NA,1,FALSE,0,TRUE,FALSE,NA,NA,0.017255978382933,FALSE,FALSE,TRUE
1024,0.7,105,"x6","x7","none","none","R3",NA,1,FALSE,0,TRUE,FALSE,NA,NA,0.0458048362578045,FALSE,FALSE,TRUE
1024,0.7,105,"x6","x8","none","a<b","R1",1,1,FALSE,0,FALSE,FALSE,NA,NA,0.0818661248665485,FALSE,TRUE,FALSE
1024,0.7,105,"x6","x9","none","none","R3",NA,1,FALSE,0,FALSE,FALSE,NA,NA,0.0253572812158559,FALSE,FALSE,TRUE
1024,0.7,105,"x7","x10","none","b<a","transitivity",NA,1,FALSE,0,FALSE,FALSE,NA,NA,0.0491292868706527,FALSE,TRUE,FALSE
1024,0.7,105,"x7","x11","a<b","b<a","transitivity",NA,1,TRUE,1,TRUE,TRUE,6,4,0.175833591036014,TRUE,TRUE,FALSE
1024,0.7,105,"x7","x12","a<b","a<b","R1",1,1,TRUE,1,FALSE,FALSE,1,7,0.221380390228608,TRUE,TRUE,TRUE
1024,0.7,105,"x7","x13","a<b","none","R3",NA,1,FALSE,1,TRUE,TRUE,4,2,0.000807035231297036,TRUE,FALSE,FALSE
1024,0.7,105,"x7","x14","a<b","b<a","R1",1,1,FALSE,2,TRUE,TRUE,5,5,0.174654565912096,TRUE,TRUE,FALSE
1024,0.7,105,"x7","x15","a<b","a<b","R1",1,1,FALSE,2,TRUE,TRUE,5,6,0.149411109938736,TRUE,TRUE,TRUE
1024,0.7,105,"x7","x8","none","none","R3",NA,2,FALSE,0,TRUE,TRUE,NA,NA,0.083805213933132,FALSE,FALSE,TRUE
1024,0.7,105,"x7","x9","a<b","b<a","transitivity",NA,1,TRUE,1,TRUE,TRUE,3,3,0.310340286602933,TRUE,TRUE,FALSE
1024,0.7,105,"x8","x10","none","none","R3",NA,1,FALSE,0,TRUE,FALSE,NA,NA,0.0311546103295119,FALSE,FALSE,TRUE
1024,0.7,105,"x8","x11","a<b","NA","unresolved",NA,NA,TRUE,1,TRUE,TRUE,6,4,0.155910709141179,TRUE,FALSE,FALSE
1024,0.7,105,"x8","x12","none","none","R3",NA,1,FALSE,0,TRUE,TRUE,NA,NA,0.0279957891703052,FALSE,FALSE,TRUE
1024,0.7,105,"x8","x13","a<b","b<a","R1",1,1,TRUE,1,TRUE,TRUE,4,2,0.277870187524548,TRUE,TRUE,FALSE
1024,0.7,105,"x8","x14","a<b","none","R3",NA,1,FALSE,1,FALSE,TRUE,5,5,0.0539232311715797,TRUE,FALSE,FALSE
1024,0.7,105,"x8","x15","a<b","none","R3",NA,1,FALSE,2,FALSE,TRUE,5,6,0.0440862994397514,TRUE,FALSE,FALSE
1024,0.7,105,"x8","x9","a<b","a<b","R2",1,1,TRUE,1,TRUE,TRUE,3,3,0.262430582566081,TRUE,TRUE,TRUE
1024,0.7,105,"x9","x10","none","none","R3",NA,1,FALSE,0,TRUE,FALSE,NA,NA,0.035401678964289,FALSE,FALSE,TRUE
1024,0.7,105,"x9","x11","none","none","R3",NA,1,FALSE,0,TRUE,TRUE,NA,NA,0.00246286667135009,FALSE,FALSE,TRUE
1024,0.7,105,"x9","x12","none","a<b","transitivity",NA,1,FALSE,0,TRUE,TRUE,NA,NA,0.0917078081785513,FALSE,TRUE,FALSE
1024,0.7,105,"x9","x13","none","NA","unresolved",NA,NA,FALSE,0,TRUE,TRUE,NA,NA,0.109480768448619,FALSE,FALSE,FALSE
1024,0.7,105,"x9","x14","a<b","a<b","R1",1,1,TRUE,1,TRUE,TRUE,5,5,0.339475795160361,TRUE,TRUE,TRUE
1024,0.7,105,"x9","x15","a<b","a<b","R1",2,1,TRUE,1,TRUE,TRUE,5,6,0.282629359711748,TRUE,TRUE,TRUE
1024,0.7,106,"x1","x10","a<b","a<b","transitivity",NA,1,FALSE,7,TRUE,FALSE,2,7,0.0146811404498331,TRUE,TRUE,TRUE
1024,0.7,106,"x1","x11","a<b","a<b","R1",3,1,TRUE,7,FALSE,FALSE,3,3,0.258083113126676,TRUE,TRUE,TRUE
1024,0.7,106,"x1","x12","a<b","a<b","transitivity",NA,1,FALSE,10,FALSE,FALSE,2,5,0.0526430592911208,TRUE,TRUE,TRUE
1024,0.7,106,"x1","x13","a<b","a<b","transitivity",NA,1,FALSE,23,FALSE,FALSE,6,10,0.0193352049039796,TRUE,TRUE,TRUE
1024,0.7,106,"x1","x14","a<b","a<b","R1",3,1,TRUE,9,FALSE,FALSE,4,2,0.213111873720306,TRUE,TRUE,TRUE
1024,0.7,106,"x1","x15","a<b","a<b","transitivity",NA,2,TRUE,4,FALSE,FALSE,2,6,0.228654482113507,TRUE,TRUE,TRUE
1024,0.7,106,"x1","x2","a<b","a<b","R1",7,1,TRUE,1,FALSE,FALSE,1,3,0.309127477188447,TRUE,TRUE,TRUE
1024,0.7,106,"x1","x3","none","none","R3",NA,1,FALSE,0,TRUE,FALSE,NA,NA,0.032707577707795,FALSE,FALSE,TRUE
1024,0.7,106,"x1","x4","a<b","a<b","R1",2,1,TRUE,1,TRUE,FALSE,2,7,0.259839810093566,TRUE,TRUE,TRUE
1024,0.7,106,"x1","x5","a<b","a<b","transitivity",NA,1,FALSE,2,TRUE,FALSE,2,3,0.132698848603939,TRUE,TRUE,TRUE
1024,0.7,106,"x1","x6","a<b","a<b","R1",1,1,TRUE,3,TRUE,FALSE,2,6,0.161285176415081,TRUE,TRUE,TRUE
1024,0.7,106,"x1","x7","a<b","a<b","transitivity",NA,1,FALSE,3,TRUE,FALSE,2,2,0.0352903575913453,TRUE,TRUE,TRUE
1024,0.7,106,"x1","x8","a<b","NA","unresolved",NA,NA,FALSE,6,FALSE,FALSE,3,4,0.106775895582603,TRUE,FALSE,FALSE
1024,0.7,106,"x1","x9","a<b","none","R3",NA,1,FALSE,2,FALSE,FALSE,2,5,0.0428176655361019,TRUE,FALSE,FALSE
1024,0.7,106,"x10","x11","none","none","R3",NA,1,FALSE,0,TRUE,TRUE,NA,NA,0.0445558025881655,FALSE,FALSE,TRUE
1024,0.7,106,"x10","x12","a<b","a<b","R1",1,1,TRUE,1,TRUE,TRUE,2,5,0.19708147850957,TRUE,TRUE,TRUE
1024,0.7,106,"x10","x13","a<b","a<b","R2",1,1,TRUE,2,TRUE,TRUE,6,10,0.113823920606268,TRUE,TRUE,TRUE
1024,0.7,106,"x10","x14","none","none","R3",NA,1,FALSE,0,TRUE,TRUE,NA,NA,0.0749697594363186,FALSE,FALSE,TRUE
1024,0.7,106,"x10","x15","none","a<b","transitivity",NA,2,FALSE,0,FALSE,TRUE,NA,NA,0.0277914254359766,FALSE,TRUE,FALSE
1024,0.7,106,"x11","x12","none","none","R3",NA,1,FALSE,0,TRUE,TRUE,NA,NA,0.000479190259414338,FALSE,FALSE,TRUE
1024,0.7,106,"x11","x13","none","none","R3",NA,2,FALSE,0,TRUE,TRUE,NA,NA,0.094561961904154,FALSE,FALSE,TRUE
1024,0.7,106,"x11","x14","none","a<b","R1",1,1,FALSE,0,TRUE,TRUE,NA,NA,0.0763514693113258,FALSE,TRUE,FALSE
1024,0.7,106,"x11","x15","none","a<b","R1",1,2,FALSE,0,TRUE,TRUE,NA,NA,0.130523595172205,FALSE,TRUE,FALSE
1024,0.7,106,"x12","x13","a<b","b<a","R2",1,1,TRUE,1,TRUE,TRUE,6,10,0.139446498576036,TRUE,TRUE,FALSE
1024,0.7,106,"x12","x14","none","none","R3",NA,1,FALSE,0,FALSE,TRUE,NA,NA,0.0385030652127838,FALSE,FALSE,TRUE
1024,0.7,106,"x12","x15","none","a<b","transitivity",NA,2,FALSE,0,FALSE,TRUE,NA,NA,0.022944256817851,FALSE,TRUE,FALSE
1024,0.7,106,"x13","x14","none","none","R3",NA,1,FALSE,0,TRUE,TRUE,NA,NA,0.0934554892073304,FALSE,FALSE,TRUE
1024,0.7,106,"x13","x15","none","none","R3",NA,1,FALSE,0,TRUE,TRUE,NA,NA,0.0422708249539986,FALSE,FALSE,TRUE
1024,0.7,106,"x14","x15","none","none","R3",NA,1,FALSE,0,TRUE,TRUE,NA,NA,0.0271128143113492,FALSE,FALSE,TRUE
1024,0.7,106,"x2","x10","a<b","a<b","R1",1,1,TRUE,3,TRUE,TRUE,2,7,0.19018308204222,TRUE,TRUE,TRUE
1024,0.7,106,"x2","x11","a<b","a<b","R1",2,1,FALSE,2,TRUE,TRUE,3,3,0.140547097178544,TRUE,TRUE,TRUE
1024,0.7,106,"x2","x12","a<b","a<b","transitivity",NA,1,FALSE,4,FALSE,TRUE,2,5,0.00025755209094914,TRUE,TRUE,TRUE
1024,0.7,106,"x2","x13","a<b","a<b","R1",1,1,TRUE,10,FALSE,TRUE,6,10,0.206592739369564,TRUE,TRUE,TRUE
1024,0.7,106,"x2","x14","a<b","a<b","R1",3,1,FALSE,3,TRUE,TRUE,4,2,0.209696634653367,TRUE,TRUE,TRUE
1024,0.7,106,"x2","x15","a<b","a<b","transitivity",NA,2,FALSE,1,TRUE,TRUE,2,6,0.0818618475661438,TRUE,TRUE,TRUE
1024,0.7,106,"x2","x3","none","none","R3",NA,1,FALSE,0,TRUE,FALSE,NA,NA,0.0317294369757433,FALSE,FALSE,TRUE
1024,0.7,106,"x2","x4","none","b<a","R2",1,1,FALSE,0,TRUE,TRUE,NA,NA,0.0928989301272311,FALSE,TRUE,FALSE
1024,0.7,106,"x2","x5","a<b","a<b","R1",2,1,TRUE,1,FALSE,TRUE,2,3,0.249651782324506,TRUE,TRUE,TRUE
1024,0.7,106,"x2","x6","a<b","a<b","transitivity",NA,1,FALSE,1,TRUE,TRUE,2,6,0.050971276967211,TRUE,TRUE,TRUE
1024,0.7,106,"x2","x7","a<b","a<b","transitivity",NA,1,FALSE,1,FALSE,TRUE,2,2,0.0375182277761429,TRUE,TRUE,TRUE
1024,0.7,106,"x2","x8","a<b","b<a","R1",1,2,FALSE,2,FALSE,TRUE,3,4,0.0618343213994114,TRUE,TRUE,FALSE
1024,0.7,106,"x2","x9","a<b","none","R3",NA,1,FALSE,1,FALSE,TRUE,2,5,0.0356519968674147,TRUE,FALSE,FALSE
1024,0.7,106,"x3","x10","a<b","a<b","transitivity",NA,1,FALSE,4,FALSE,FALSE,2,7,0.0222093475263396,TRUE,TRUE,TRUE
1024,0.7,106,"x3","x11","a<b","a<b","R1",1,1,TRUE,5,FALSE,FALSE,3,3,0.186857332246314,TRUE,TRUE,TRUE
1024,0.7,106,"x3","x12","a<b","a<b","transitivity",NA,1,FALSE,5,FALSE,FALSE,2,5,0.0369860612475865,TRUE,TRUE,TRUE
1024,0.7,106,"x3","x13","a<b","a<b","R1",1,1,TRUE,14,FALSE,FALSE,6,10,0.220434168273649,TRUE,TRUE,TRUE
1024,0.7,106,"x3","x14","a<b","a<b","transitivity",NA,1,TRUE,6,FALSE,FALSE,4,2,0.198508610554026,TRUE,TRUE,TRUE
1024,0.7,106,"x3","x15","a<b","a<b","transitivity",NA,2,FALSE,2,FALSE,FALSE,2,6,0.0473132458232949,TRUE,TRUE,TRUE
1024,0.7,106,"x3","x4","a<b","a<b","R1",1,1,TRUE,1,FALSE,FALSE,2,7,0.27078605749042,TRUE,TRUE,TRUE
1024,0.7,106,"x3","x5","a<b","a<b","transitivity",NA,1,FALSE,1,FALSE,FALSE,2,3,0.126343261293637,TRUE,TRUE,TRUE
1024,0.7,106,"x3","x6","a<b","a<b","transitivity",NA,1,FALSE,1,FALSE,FALSE,2,6,0.0276230443620531,TRUE,TRUE,TRUE
1024,0.7,106,"x3","x7","a<b","a<b","transitivity",NA,1,FALSE,2,FALSE,FALSE,2,2,0.0205812056886139,TRUE,TRUE,TRUE
1024,0.7,106,"x3","x8","a<b","b<a","R2",1,1,FALSE,4,TRUE,FALSE,3,4,0.0971315401575499,TRUE,TRUE,FALSE
1024,0.7,106,"x3","x9","a<b","a<b","R1",1,1,TRUE,2,FALSE,FALSE,2,5,0.261303944669405,TRUE,TRUE,TRUE
1024,0.7,106,"x4","x10","a<b","a<b","R1",1,1,FALSE,4,TRUE,TRUE,2,7,0.091559099470202,TRUE,TRUE,TRUE
1024,0.7,106,"x4","x11","a<b","a<b","R1",3,1,FALSE,4,TRUE,TRUE,3,3,0.245353465028621,TRUE,TRUE,TRUE
1024,0.7,106,"x4","x12","a<b","a<b","transitivity",NA,1,FALSE,5,TRUE,TRUE,2,5,0.0537926473701678,TRUE,TRUE,TRUE
1024,0.7,106,"x4","x13","a<b","a<b","transitivity",NA,1,FALSE,12,TRUE,TRUE,6,10,0.100251264139002,TRUE,TRUE,TRUE
1024,0.7,106,"x4","x14","a<b","a<b","transitivity",NA,1,FALSE,5,TRUE,TRUE,4,2,0.032785332054151,TRUE,TRUE,TRUE
1024,0.7,106,"x4","x15","a<b","a<b","transitivity",NA,2,FALSE,2,TRUE,TRUE,2,6,0.128646148236455,TRUE,TRUE,TRUE
1024,0.7,106,"x4","x5","a<b","a<b","R1",3,1,TRUE,1,FALSE,TRUE,2,3,0.313808640761627,TRUE,TRUE,TRUE
1024,0.7,106,"x4","x6","a<b","a<b","transitivity",NA,1,FALSE,1,TRUE,TRUE,2,6,0.0320064129381298,TRUE,TRUE,TRUE
1024,0.7,106,"x4","x7","a<b","a<b","R1",2,1,TRUE,2,FALSE,TRUE,2,2,0.216261594516571,TRUE,TRUE,TRUE
1024,0.7,106,"x4","x8","a<b","b<a","transitivity",NA,2,TRUE,4,FALSE,TRUE,3,4,0.386619846374454,TRUE,TRUE,FALSE
1024,0.7,106,"x4","x9","a<b","b<a","R1",1,1,FALSE,1,TRUE,TRUE,2,5,0.19402753357398,TRUE,TRUE,FALSE
1024,0.7,106,"x5","x10","a<b","a<b","R2",1,1,FALSE,2,TRUE,TRUE,2,7,0.129779578581279,TRUE,TRUE,TRUE
1024,0.7,106,"x5","x11","a<b","a<b","R1",1,1,FALSE,2,FALSE,TRUE,3,3,0.189447415591648,TRUE,TRUE,TRUE
1024,0.7,106,"x5","x12","a<b","none","R3",NA,1,FALSE,3,FALSE,TRUE,2,5,0.0507895441527369,TRUE,FALSE,FALSE
1024,0.7,106,"x5","x13","a<b","a<b","R1",2,1,FALSE,7,TRUE,TRUE,6,10,0.185728311082253,TRUE,TRUE,TRUE
1024,0.7,106,"x5","x14","a<b","a<b","transitivity",NA,1,TRUE,3,TRUE,TRUE,4,2,0.0934695966208956,TRUE,TRUE,TRUE
1024,0.7,106,"x5","x15","a<b","a<b","transitivity",NA,2,FALSE,1,FALSE,TRUE,2,6,0.0212101881795308,TRUE,TRUE,TRUE
1024,0.7,106,"x5","x6","a<b","a<b","R1",1,2,TRUE,1,TRUE,TRUE,2,6,0.188401527950867,TRUE,TRUE,TRUE
1024,0.7,106,"x5","x7","a<b","a<b","R1",2,1,TRUE,1,TRUE,TRUE,2,2,0.160749384449425,TRUE,TRUE,TRUE
1024,0.7,106,"x5","x8","a<b","b<a","R1",2,1,TRUE,2,TRUE,TRUE,3,4,0.269843445840683,TRUE,TRUE,FALSE
1024,0.7,106,"x5","x9","a<b","b<a","R1",2,1,TRUE,1,FALSE,TRUE,2,5,0.362189264951582,TRUE,TRUE,FALSE
1024,0.7,106,"x6","x10","none","b<a","transitivity",NA,1,FALSE,0,FALSE,TRUE,NA,NA,0.0201031577758682,FALSE,TRUE,FALSE
1024,0.7,106,"x6","x11","none","none","R3",NA,1,FALSE,0,TRUE,TRUE,NA,NA,0.0169980762701416,FALSE,FALSE,TRUE
1024,0.7,106,"x6","x12","a<b","b<a","R1",1,1,TRUE,1,FALSE,TRUE,2,5,0.235463736268104,TRUE,TRUE,FALSE
1024,0.7,106,"x6","x13","a<b","none","R3",NA,1,FALSE,1,TRUE,TRUE,6,10,0.0839835220601739,TRUE,FALSE,FALSE
1024,0.7,106,"x6","x14","none","none","R3",NA,1,FALSE,0,TRUE,TRUE,NA,NA,0.0576619174439067,FALSE,FALSE,TRUE
1024,0.7,106,"x6","x15","none","a<b","R1",1,2,FALSE,0,TRUE,TRUE,NA,NA,0.1003457856008,FALSE,TRUE,FALSE
1024,0.7,106,"x6","x7","none","none","R3",NA,1,FALSE,0,TRUE,TRUE,NA,NA,0.0519135646524008,FALSE,FALSE,TRUE
1024,0.7,106,"x6","x8","none","b<a","transitivity",NA,1,FALSE,0,TRUE,TRUE,NA,NA,0.0708025095652904,FALSE,TRUE,FALSE
1024,0.7,106,"x6","x9","none","b<a","transitivity",NA,1,FALSE,0,TRUE,TRUE,NA,NA,0.0705811140090647,FALSE,TRUE,FALSE
1024,0.7,106,"x7","x10","a<b","none","R3",NA,1,FALSE,1,TRUE,TRUE,2,7,0.030645213517351,TRUE,FALSE,FALSE
1024,0.7,106,"x7","x11","a<b","b<a","transitivity",NA,1,FALSE,1,FALSE,TRUE,3,3,0.0647510029171402,TRUE,TRUE,FALSE
1024,0.7,106,"x7","x12","a<b","none","R3",NA,1,FALSE,1,FALSE,TRUE,2,5,0.0481521212890904,TRUE,FALSE,FALSE
1024,0.7,106,"x7","x13","a<b","b<a","R1",1,1,TRUE,3,FALSE,TRUE,6,10,0.112336290882574,TRUE,TRUE,FALSE
1024,0.7,106,"x7","x14","a<b","b<a","R1",1,1,FALSE,1,TRUE,TRUE,4,2,0.129760412452563,TRUE,TRUE,FALSE
1024,0.7,106,"x7","x15","a<b","a<b","R2",3,1,TRUE,1,FALSE,TRUE,2,6,0.235603020542285,TRUE,TRUE,TRUE
1024,0.7,106,"x7","x8","a<b","b<a","transitivity",NA,1,TRUE,1,TRUE,TRUE,3,4,0.233879245382504,TRUE,TRUE,FALSE
1024,0.7,106,"x7","x9","none","b<a","transitivity",NA,1,FALSE,0,TRUE,TRUE,NA,NA,0.0493639968757832,FALSE,TRUE,FALSE
1024,0.7,106,"x8","x10","a<b","a<b","R1",1,1,TRUE,1,FALSE,TRUE,2,7,0.203669999073847,TRUE,TRUE,TRUE
1024,0.7,106,"x8","x11","a<b","a<b","R1",1,1,TRUE,1,FALSE,TRUE,3,3,0.321084293239737,TRUE,TRUE,TRUE
1024,0.7,106,"x8","x12","a<b","a<b","transitivity",NA,1,FALSE,1,TRUE,TRUE,2,5,0.0161749633078545,TRUE,TRUE,TRUE
1024,0.7,106,"x8","x13","a<b","a<b","transitivity",NA,1,FALSE,2,TRUE,TRUE,6,10,0.113837504430314,TRUE,TRUE,TRUE
1024,0.7,106,"x8","x14","a<b","a<b","transitivity",NA,1,TRUE,1,TRUE,TRUE,4,2,0.238822389013374,TRUE,TRUE,TRUE
1024,0.7,106,"x8","x15","none","a<b","transitivity",NA,2,FALSE,0,TRUE,TRUE,NA,NA,0.0956706882660237,FALSE,TRUE,FALSE
1024,0.7,106,"x8","x9","none","a<b","R1",1,2,FALSE,0,TRUE,TRUE,NA,NA,0.123906415329554,FALSE,TRUE,FALSE
1024,0.7,106,"x9","x10","none","a<b","transitivity",NA,1,FALSE,0,FALSE,TRUE,NA,NA,0.07168104944824,FALSE,TRUE,FALSE
1024,0.7,106,"x9","x11","none","a<b","transitivity",NA,1,FALSE,0,TRUE,TRUE,NA,NA,0.103744142754541,FALSE,TRUE,FALSE
1024,0.7,106,"x9","x12","none","a<b","transitivity",NA,1,FALSE,0,FALSE,TRUE,NA,NA,0.0524633978252949,FALSE,TRUE,FALSE
1024,0.7,106,"x9","x13","a<b","a<b","transitivity",NA,1,TRUE,1,TRUE,TRUE,6,10,0.24395484971737,TRUE,TRUE,TRUE
1024,0.7,106,"x9","x14","none","a<b","transitivity",NA,1,FALSE,0,TRUE,TRUE,NA,NA,0.10014823900791,FALSE,TRUE,FALSE
1024,0.7,106,"x9","x15","none","a<b","transitivity",NA,2,FALSE,0,FALSE,TRUE,NA,NA,0.00337913623342601,FALSE,TRUE,FALSE
1024,0.7,107,"x1","x10","a<b","none","R3",NA,1,FALSE,3,TRUE,FALSE,2,6,0.0273851501066976,TRUE,FALSE,FALSE
1024,0.7,107,"x1","x11","a<b","a<b","R1",1,1,FALSE,1,TRUE,FALSE,3,4,0.111681942749222,TRUE,TRUE,TRUE
1024,0.7,107,"x1","x12","a<b","b<a","transitivity",NA,1,FALSE,2,TRUE,FALSE,3,4,0.0584179686443784,TRUE,TRUE,FALSE
1024,0.7,107,"x1","x13","a<b","none","R3",NA,1,FALSE,4,TRUE,FALSE,4,5,0.0212223128018877,TRUE,FALSE,FALSE
1024,0.7,107,"x1","x14","a<b","a<b","transitivity",NA,1,FALSE,3,FALSE,FALSE,3,5,0.0412590104463358,TRUE,TRUE,TRUE
1024,0.7,107,"x1","x15","none","none","R3",NA,1,FALSE,0,FALSE,FALSE,NA,NA,0.0512855726037368,FALSE,FALSE,TRUE
1024,0.7,107,"x1","x2","none","b<a","transitivity",NA,1,FALSE,0,TRUE,FALSE,NA,NA,0.0618760679660857,FALSE,TRUE,FALSE
1024,0.7,107,"x1","x3","none","none","R3",NA,1,FALSE,0,FALSE,FALSE,NA,NA,0.0120872872539794,FALSE,FALSE,TRUE
1024,0.7,107,"x1","x4","a<b","a<b","R2",1,1,TRUE,1,TRUE,FALSE,1,3,0.266443144636963,TRUE,TRUE,TRUE
1024,0.7,107,"x1","x5","none","none","R3",NA,1,FALSE,0,FALSE,FALSE,NA,NA,0.0253318517701455,FALSE,FALSE,TRUE
1024,0.7,107,"x1","x6","a<b","none","R3",NA,1,FALSE,1,TRUE,FALSE,2,6,0.0394678030808291,TRUE,FALSE,FALSE
1024,0.7,107,"x1","x7","a<b","b<a","R1",1,1,FALSE,1,TRUE,FALSE,2,3,0.0775720372793178,TRUE,TRUE,FALSE
1024,0.7,107,"x1","x8","a<b","b<a","R1",1,1,TRUE,3,TRUE,FALSE,3,7,0.114285359308698,TRUE,TRUE,FALSE
1024,0.7,107,"x1","x9","a<b","none","R3",NA,1,FALSE,2,FALSE,FALSE,3,3,0.00804927120249112,TRUE,FALSE,FALSE
1024,0.7,107,"x10","x11","none","none","R3",NA,1,FALSE,0,FALSE,TRUE,NA,NA,0.0613910990901073,FALSE,FALSE,TRUE
1024,0.7,107,"x10","x12","none","b<a","transitivity",NA,1,FALSE,0,FALSE,TRUE,NA,NA,0.0390786146909583,FALSE,TRUE,FALSE
1024,0.7,107,"x10","x13","a<b","b<a","R1",2,2,TRUE,1,FALSE,TRUE,4,5,0.280064956315531,TRUE,TRUE,FALSE
1024,0.7,107,"x10","x14","none","none","R3",NA,1,FALSE,0,FALSE,TRUE,NA,NA,0.0226568304373491,FALSE,FALSE,TRUE
1024,0.7,107,"x10","x15","none","none","R3",NA,1,FALSE,0,TRUE,TRUE,NA,NA,0.0331098871477093,FALSE,FALSE,TRUE
1024,0.7,107,"x11","x12","none","b<a","R1",2,1,FALSE,0,TRUE,TRUE,NA,NA,0.0792247004339049,FALSE,TRUE,FALSE
1024,0.7,107,"x11","x13","none","b<a","transitivity",NA,2,FALSE,0,TRUE,TRUE,NA,NA,0.164665262848658,FALSE,TRUE,FALSE
1024,0.7,107,"x11","x14","none","a<b","R1",1,1,FALSE,0,TRUE,TRUE,NA,NA,0.168780901430346,FALSE,TRUE,FALSE
1024,0.7,107,"x11","x15","none","b<a","R2",1,1,FALSE,0,TRUE,TRUE,NA,NA,0.272237673639576,FALSE,TRUE,FALSE
1024,0.7,107,"x12","x13","none","none","R3",NA,1,FALSE,0,TRUE,TRUE,NA,NA,0.00067629589841258,FALSE,FALSE,TRUE
1024,0.7,107,"x12","x14","none","a<b","transitivity",NA,1,FALSE,0,TRUE,TRUE,NA,NA,0.0970366948072667,FALSE,TRUE,FALSE
1024,0.7,107,"x12","x15","none","a<b","transitivity",NA,1,FALSE,0,FALSE,TRUE,NA,NA,0.00206831205151682,FALSE,TRUE,FALSE
1024,0.7,107,"x13","x14","none","a<b","R1",1,1,FALSE,0,TRUE,TRUE,NA,NA,0.192124617820908,FALSE,TRUE,FALSE
1024,0.7,107,"x13","x15","none","a<b","R2",2,1,FALSE,0,TRUE,TRUE,NA,NA,0.157830598040227,FALSE,TRUE,FALSE
1024,0.7,107,"x14","x15","none","none","R3",NA,2,FALSE,0,TRUE,TRUE,NA,NA,0.145240412360526,FALSE,FALSE,TRUE
1024,0.7,107,"x2","x10","a<b","a<b","transitivity",NA,1,FALSE,4,TRUE,FALSE,2,6,0.0564144092056315,TRUE,TRUE,TRUE
1024,0.7,107,"x2","x11","a<b","a<b","R1",1,1,TRUE,2,FALSE,FALSE,3,4,0.292800899768339,TRUE,TRUE,TRUE
1024,0.7,107,"x2","x12","a<b","b<a","R2",2,1,FALSE,2,TRUE,FALSE,3,4,0.0896808221643567,TRUE,TRUE,FALSE
1024,0.7,107,"x2","x13","a<b","b<a","R2",1,1,FALSE,7,FALSE,FALSE,4,5,0.215792888464477,TRUE,TRUE,FALSE
1024,0.7,107,"x2","x14","a<b","a<b","R1",1,1,FALSE,3,FALSE,FALSE,3,5,0.183584470786904,TRUE,TRUE,TRUE
1024,0.7,107,"x2","x15","a<b","a<b","R1",3,1,TRUE,2,FALSE,FALSE,2,3,0.32703012148187,TRUE,TRUE,TRUE
1024,0.7,107,"x2","x3","a<b","a<b","R1",4,1,TRUE,1,TRUE,FALSE,1,2,0.321557327698856,TRUE,TRUE,TRUE
1024,0.7,107,"x2","x4","none","none","R3",NA,1,FALSE,0,TRUE,FALSE,NA,NA,0.0369394618979471,FALSE,FALSE,TRUE
1024,0.7,107,"x2","x5","a<b","a<b","R1",4,1,TRUE,1,FALSE,FALSE,1,1,0.449164898361325,TRUE,TRUE,TRUE
1024,0.7,107,"x2","x6","a<b","a<b","R1",2,1,TRUE,1,TRUE,FALSE,2,6,0.209927367372079,TRUE,TRUE,TRUE
1024,0.7,107,"x2","x7","a<b","a<b","R1",1,1,FALSE,1,TRUE,FALSE,2,3,0.123076768612752,TRUE,TRUE,TRUE
1024,0.7,107,"x2","x8","a<b","none","R3",NA,1,FALSE,1,FALSE,FALSE,3,7,0.0288240749979665,TRUE,FALSE,FALSE
1024,0.7,107,"x2","x9","a<b","a<b","R1",2,1,FALSE,3,FALSE,FALSE,3,3,0.149958352838547,TRUE,TRUE,TRUE
1024,0.7,107,"x3","x10","a<b","a<b","transitivity",NA,1,FALSE,2,FALSE,TRUE,2,6,0.0998815527985586,TRUE,TRUE,TRUE
1024,0.7,107,"x3","x11","a<b","a<b","R1",2,1,TRUE,1,TRUE,TRUE,3,4,0.346734989442902,TRUE,TRUE,TRUE
1024,0.7,107,"x3","x12","a<b","b<a","transitivity",NA,1,FALSE,1,TRUE,TRUE,3,4,0.0118871777820666,TRUE,TRUE,FALSE
1024,0.7,107,"x3","x13","a<b","NA","unresolved",NA,NA,TRUE,4,FALSE,TRUE,4,5,0.362365851413824,TRUE,FALSE,FALSE
1024,0.7,107,"x3","x14","a<b","a<b","transitivity",NA,1,TRUE,2,FALSE,TRUE,3,5,0.247681136166335,TRUE,TRUE,TRUE
1024,0.7,107,"x3","x15","a<b","a<b","R1",4,1,TRUE,1,TRUE,TRUE,2,3,0.359469879182792,TRUE,TRUE,TRUE
1024,0.7,107,"x3","x4","none","none","R3",NA,1,FALSE,0,FALSE,FALSE,NA,NA,0.0259535415012556,FALSE,FALSE,TRUE
1024,0.7,107,"x3","x5","none","a<b","R1",1,1,FALSE,0,TRUE,TRUE,NA,NA,0.279213524729571,FALSE,TRUE,FALSE
1024,0.7,107,"x3","x6","none","a<b","transitivity",NA,1,FALSE,0,TRUE,TRUE,NA,NA,0.105563654516729,FALSE,TRUE,FALSE
1024,0.7,107,"x3","x7","a<b","b<a","R1",2,1,TRUE,1,FALSE,FALSE,2,3,0.286591390482104,TRUE,TRUE,FALSE
1024,0.7,107,"x3","x8","a<b","none","R3",NA,1,FALSE,1,FALSE,FALSE,3,7,0.0983761017231178,TRUE,FALSE,FALSE
1024,0.7,107,"x3","x9","a<b","a<b","R1",2,1,TRUE,2,FALSE,TRUE,3,3,0.377362415992018,TRUE,TRUE,TRUE
1024,0.7,107,"x4","x10","a<b","none","R3",NA,1,FALSE,3,TRUE,FALSE,2,6,0.0461093656143443,TRUE,FALSE,FALSE
1024,0.7,107,"x4","x11","a<b","b<a","R2",2,1,TRUE,1,FALSE,FALSE,3,4,0.195752071331686,TRUE,TRUE,FALSE
1024,0.7,107,"x4","x12","a<b","b<a","R1",1,1,TRUE,2,TRUE,FALSE,3,4,0.280584089779928,TRUE,TRUE,FALSE
1024,0.7,107,"x4","x13","a<b","none","R3",NA,1,FALSE,4,TRUE,FALSE,4,5,0.065324937951851,TRUE,FALSE,FALSE
1024,0.7,107,"x4","x14","a<b","none","R3",NA,1,FALSE,2,FALSE,TRUE,3,5,0.0232780798676586,TRUE,FALSE,FALSE
1024,0.7,107,"x4","x15","none","none","R3",NA,1,FALSE,0,FALSE,FALSE,NA,NA,0.0376975566989882,FALSE,FALSE,TRUE
1024,0.7,107,"x4","x5","none","none","R3",NA,1,FALSE,0,FALSE,FALSE,NA,NA,0.0749142759726309,FALSE,FALSE,TRUE
1024,0.7,107,"x4","x6","a<b","a<b","R2",3,1,TRUE,1,FALSE,FALSE,2,6,0.176153076947708,TRUE,TRUE,TRUE
1024,0.7,107,"x4","x7","a<b","NA","unresolved",NA,NA,TRUE,1,FALSE,FALSE,2,3,0.265256151020855,TRUE,FALSE,FALSE
1024,0.7,107,"x4","x8","a<b","NA","unresolved",NA,NA,TRUE,2,TRUE,TRUE,3,7,0.157056610467973,TRUE,FALSE,FALSE
1024,0.7,107,"x4","x9","a<b","none","R3",NA,1,FALSE,2,FALSE,FALSE,3,3,0.0386613043868227,TRUE,FALSE,FALSE
1024,0.7,107,"x5","x10","none","none","R3",NA,1,FALSE,0,FALSE,TRUE,NA,NA,0.0281675914359547,FALSE,FALSE,TRUE
1024,0.7,107,"x5","x11","none","a<b","R1",1,1,FALSE,0,TRUE,TRUE,NA,NA,0.224767981361242,FALSE,TRUE,FALSE
1024,0.7,107,"x5","x12","a<b","b<a","R1",2,1,TRUE,1,FALSE,TRUE,3,4,0.241209467584386,TRUE,TRUE,FALSE
1024,0.7,107,"x5","x13","a<b","b<a","R2",2,1,TRUE,1,FALSE,TRUE,4,5,0.278483502599478,TRUE,TRUE,FALSE
1024,0.7,107,"x5","x14","a<b","a<b","R1",1,1,TRUE,1,FALSE,TRUE,3,5,0.289518815459888,TRUE,TRUE,TRUE
1024,0.7,107,"x5","x15","none","b<a","R2",1,1,FALSE,0,TRUE,TRUE,NA,NA,0.212117315441855,FALSE,TRUE,FALSE
1024,0.7,107,"x5","x6","none","none","R3",NA,1,FALSE,0,TRUE,TRUE,NA,NA,0.0852877857049562,FALSE,FALSE,TRUE
1024,0.7,107,"x5","x7","none","b<a","transitivity",NA,1,FALSE,0,FALSE,TRUE,NA,NA,0.049400762256372,FALSE,TRUE,FALSE
1024,0.7,107,"x5","x8","none","none","R3",NA,1,FALSE,0,FALSE,TRUE,NA,NA,0.0487244916418641,FALSE,FALSE,TRUE
1024,0.7,107,"x5","x9","none","none","R3",NA,1,FALSE,0,FALSE,TRUE,NA,NA,0.0466562550675581,FALSE,FALSE,TRUE
1024,0.7,107,"x6","x10","a<b","a<b","R1",2,1,TRUE,2,TRUE,TRUE,2,6,0.19597412631829,TRUE,TRUE,TRUE
1024,0.7,107,"x6","x11","none","none","R3",NA,2,FALSE,0,TRUE,TRUE,NA,NA,0.138990661428638,FALSE,FALSE,TRUE
1024,0.7,107,"x6","x12","none","b<a","transitivity",NA,1,FALSE,0,TRUE,TRUE,NA,NA,0.0185459766458771,FALSE,TRUE,FALSE
1024,0.7,107,"x6","x13","a<b","b<a","transitivity",NA,2,FALSE,2,FALSE,TRUE,4,5,0.0341003770076064,TRUE,TRUE,FALSE
1024,0.7,107,"x6","x14","none","a<b","R2",1,1,FALSE,0,FALSE,TRUE,NA,NA,0.0952986555287072,FALSE,TRUE,FALSE
1024,0.7,107,"x6","x15","none","none","R3",NA,2,FALSE,0,TRUE,TRUE,NA,NA,0.0691262485179131,FALSE,FALSE,TRUE
1024,0.7,107,"x6","x7","none","b<a","transitivity",NA,1,FALSE,0,TRUE,TRUE,NA,NA,0.0189935367183277,FALSE,TRUE,FALSE
1024,0.7,107,"x6","x8","none","none","R3",NA,1,FALSE,0,TRUE,TRUE,NA,NA,0.0520618555400001,FALSE,FALSE,TRUE
1024,0.7,107,"x6","x9","a<b","b<a","R1",1,1,TRUE,1,TRUE,TRUE,3,3,0.279306444824024,TRUE,TRUE,FALSE
1024,0.7,107,"x7","x10","a<b","a<b","transitivity",NA,1,FALSE,1,TRUE,TRUE,2,6,0.139164298926072,TRUE,TRUE,TRUE
1024,0.7,107,"x7","x11","none","a<b","transitivity",NA,1,FALSE,0,TRUE,TRUE,NA,NA,0.0216121547741686,FALSE,TRUE,FALSE
1024,0.7,107,"x7","x12","a<b","b<a","R1",2,1,TRUE,1,TRUE,TRUE,3,4,0.32076230747323,TRUE,TRUE,FALSE
1024,0.7,107,"x7","x13","a<b","NA","unresolved",NA,NA,TRUE,2,TRUE,TRUE,4,5,0.300190915604514,TRUE,FALSE,FALSE
1024,0.7,107,"x7","x14","a<b","a<b","transitivity",NA,1,FALSE,1,TRUE,TRUE,3,5,0.0223612049665269,TRUE,TRUE,TRUE
1024,0.7,107,"x7","x15","none","a<b","R1",1,1,FALSE,0,TRUE,TRUE,NA,NA,0.138008404207933,FALSE,TRUE,FALSE
1024,0.7,107,"x7","x8","a<b","b<a","R2",1,1,TRUE,1,TRUE,TRUE,3,7,0.22460854968628,TRUE,TRUE,FALSE
1024,0.7,107,"x7","x9","a<b","a<b","transitivity",NA,1,TRUE,1,TRUE,TRUE,3,3,0.362206066357559,TRUE,TRUE,TRUE
1024,0.7,107,"x8","x10","none","none","R3",NA,1,FALSE,0,TRUE,TRUE,NA,NA,0.00677820363937384,FALSE,FALSE,TRUE
1024,0.7,107,"x8","x11","none","a<b","transitivity",NA,1,FALSE,0,TRUE,TRUE,NA,NA,0.0021576797114825,FALSE,TRUE,FALSE
1024,0.7,107,"x8","x12","none","none","R3",NA,1,FALSE,0,TRUE,TRUE,NA,NA,0.08613446671594,FALSE,FALSE,TRUE
1024,0.7,107,"x8","x13","none","none","R3",NA,1,FALSE,0,TRUE,TRUE,NA,NA,0.0221837310577648,FALSE,FALSE,TRUE
1024,0.7,107,"x8","x14","a<b","a<b","transitivity",NA,1,TRUE,1,TRUE,TRUE,3,5,0.250623755411874,TRUE,TRUE,TRUE
1024,0.7,107,"x8","x15","none","none","R3",NA,1,FALSE,0,TRUE,TRUE,NA,NA,0.0708780593995006,FALSE,FALSE,TRUE
1024,0.7,107,"x8","x9","none","none","R3",NA,1,FALSE,0,TRUE,TRUE,NA,NA,0.0894793024384939,FALSE,FALSE,TRUE
1024,0.7,107,"x9","x10","a<b","a<b","R1",1,1,TRUE,1,TRUE,TRUE,2,6,0.303678870568467,TRUE,TRUE,TRUE
1024,0.7,107,"x9","x11","none","a<b","R1",3,1,FALSE,0,TRUE,TRUE,NA,NA,0.204075879385494,FALSE,TRUE,FALSE
1024,0.7,107,"x9","x12","none","b<a","transitivity",NA,1,FALSE,0,TRUE,TRUE,NA,NA,0.115729318975541,FALSE,TRUE,FALSE
1024,0.7,107,"x9","x13","a<b","b<a","R1",1,2,FALSE,1,TRUE,TRUE,4,5,0.26092175996631,TRUE,TRUE,FALSE
1024,0.7,107,"x9","x14","none","a<b","transitivity",NA,1,FALSE,0,TRUE,TRUE,NA,NA,0.080563560570861,FALSE,TRUE,FALSE
1024,0.7,107,"x9","x15","none","a<b","R2",1,1,FALSE,0,TRUE,TRUE,NA,NA,0.188226326032677,FALSE,TRUE,FALSE
1024,0.7,108,"x1","x10","a<b","a<b","R1",2,1,TRUE,1,TRUE,FALSE,2,4,0.265815126029134,TRUE,TRUE,TRUE
1024,0.7,108,"x1","x11","a<b","NA","unresolved",NA,NA,TRUE,1,TRUE,FALSE,4,10,0.17573143791114,TRUE,FALSE,FALSE
1024,0.7,108,"x1","x12","a<b","none","R3",NA,1,FALSE,2,TRUE,FALSE,4,4,0.0673663265321537,TRUE,FALSE,FALSE
1024,0.7,108,"x1","x13","a<b","a<b","R1",2,1,FALSE,2,TRUE,FALSE,5,5,0.0754473992139992,TRUE,TRUE,TRUE
1024,0.7,108,"x1","x14","a<b","a<b","R1",2,1,TRUE,1,FALSE,FALSE,4,4,0.211569640780825,TRUE,TRUE,TRUE
1024,0.7,108,"x1","x15","a<b","a<b","transitivity",NA,1,TRUE,3,TRUE,FALSE,5,12,0.118890656532476,TRUE,TRUE,TRUE
1024,0.7,108,"x1","x2","none","none","R3",NA,1,FALSE,0,TRUE,FALSE,NA,NA,0.000192373988263635,FALSE,FALSE,TRUE
1024,0.7,108,"x1","x3","none","none","R3",NA,1,FALSE,0,TRUE,FALSE,NA,NA,0.00179397694209676,FALSE,FALSE,TRUE
1024,0.7,108,"x1","x4","none","none","R3",NA,1,FALSE,0,TRUE,FALSE,NA,NA,0.0142174487510679,FALSE,FALSE,TRUE
1024,0.7,108,"x1","x5","none","none","R3",NA,1,FALSE,0,TRUE,FALSE,NA,NA,0.0200065203420535,FALSE,FALSE,TRUE
1024,0.7,108,"x1","x6","none","a<b","transitivity",NA,1,FALSE,0,TRUE,FALSE,NA,NA,0.00606830358999634,FALSE,TRUE,FALSE
1024,0.7,108,"x1","x7","a<b","a<b","R1",1,1,TRUE,1,FALSE,FALSE,3,10,0.0801528399011467,TRUE,TRUE,TRUE
1024,0.7,108,"x1","x8","none","none","R3",NA,1,FALSE,0,FALSE,FALSE,NA,NA,0.0251300640654728,FALSE,FALSE,TRUE
1024,0.7,108,"x1","x9","none","none","R3",NA,1,FALSE,0,FALSE,FALSE,NA,NA,0.0346675493080289,FALSE,FALSE,TRUE
1024,0.7,108,"x10","x11","none","b<a","transitivity",NA,1,FALSE,0,TRUE,TRUE,NA,NA,0.0844293213289179,FALSE,TRUE,FALSE
1024,0.7,108,"x10","x12","none","none","R3",NA,1,FALSE,0,TRUE,TRUE,NA,NA,0.0032622249472773,FALSE,FALSE,TRUE
1024,0.7,108,"x10","x13","a<b","a<b","R1",1,1,TRUE,1,TRUE,TRUE,5,5,0.326057821785313,TRUE,TRUE,TRUE
1024,0.7,108,"x10","x14","none","b<a","transitivity",NA,1,FALSE,0,TRUE,TRUE,NA,NA,0.120718053337757,FALSE,TRUE,FALSE
1024,0.7,108,"x10","x15","a<b","none","R3",NA,1,FALSE,1,TRUE,TRUE,5,12,0.0662745539449612,TRUE,FALSE,FALSE
1024,0.7,108,"x11","x12","a<b","a<b","R1",1,1,TRUE,1,TRUE,TRUE,4,4,0.202478395850792,TRUE,TRUE,TRUE
1024,0.7,108,"x11","x13","none","a<b","R1",1,1,FALSE,0,TRUE,TRUE,NA,NA,0.109070269735077,FALSE,TRUE,FALSE
1024,0.7,108,"x11","x14","none","a<b","R1",1,1,FALSE,0,TRUE,TRUE,NA,NA,0.15010610122289,FALSE,TRUE,FALSE
1024,0.7,108,"x11","x15","none","a<b","transitivity",NA,1,FALSE,0,TRUE,TRUE,NA,NA,0.0526082185243768,FALSE,TRUE,FALSE
1024,0.7,108,"x12","x13","none","none","R3",NA,1,FALSE,0,TRUE,TRUE,NA,NA,0.10728269846965,FALSE,FALSE,TRUE
1024,0.7,108,"x12","x14","none","none","R3",NA,1,FALSE,0,FALSE,TRUE,NA,NA,0.0277568278746264,FALSE,FALSE,TRUE
1024,0.7,108,"x12","x15","none","none","R3",NA,1,FALSE,0,TRUE,TRUE,NA,NA,0.0216608166950998,FALSE,FALSE,TRUE
1024,0.7,108,"x13","x14","none","b<a","transitivity",NA,1,FALSE,0,TRUE,TRUE,NA,NA,0.12301345934577,FALSE,TRUE,FALSE
1024,0.7,108,"x13","x15","a<b","b<a","R1",2,1,TRUE,1,TRUE,TRUE,5,12,0.128985971267232,TRUE,TRUE,FALSE
1024,0.7,108,"x14","x15","none","a<b","transitivity",NA,1,FALSE,0,TRUE,TRUE,NA,NA,0.0227652389752982,FALSE,TRUE,FALSE
1024,0.7,108,"x2","x10","a<b","a<b","transitivity",NA,1,FALSE,1,FALSE,FALSE,2,4,0.076924062435715,TRUE,TRUE,TRUE
1024,0.7,108,"x2","x11","a<b","b<a","R2",1,1,TRUE,1,TRUE,FALSE,4,10,0.155926631203654,TRUE,TRUE,FALSE
1024,0.7,108,"x2","x12","a<b","none","R3",NA,1,FALSE,1,FALSE,FALSE,4,4,0.0252489310723882,TRUE,FALSE,FALSE
1024,0.7,108,"x2","x13","a<b","a<b","transitivity",NA,1,FALSE,2,TRUE,FALSE,5,5,0.0375404431081373,TRUE,TRUE,TRUE
1024,0.7,108,"x2","x14","a<b","a<b","transitivity",NA,1,TRUE,2,TRUE,FALSE,4,4,0.128308971440865,TRUE,TRUE,TRUE
1024,0.7,108,"x2","x15","a<b","a<b","transitivity",NA,1,FALSE,2,TRUE,FALSE,5,12,0.0800324209173011,TRUE,TRUE,TRUE
1024,0.7,108,"x2","x3","none","none","R3",NA,1,FALSE,0,TRUE,FALSE,NA,NA,0.0322458181485099,FALSE,FALSE,TRUE
1024,0.7,108,"x2","x4","none","none","R3",NA,1,FALSE,0,TRUE,FALSE,NA,NA,0.0208775606069801,FALSE,FALSE,TRUE
1024,0.7,108,"x2","x5","none","none","R3",NA,1,FALSE,0,FALSE,FALSE,NA,NA,0.00491053030463278,FALSE,FALSE,TRUE
1024,0.7,108,"x2","x6","none","a<b","R1",2,1,FALSE,0,FALSE,FALSE,NA,NA,0.0810979997715526,FALSE,TRUE,FALSE
1024,0.7,108,"x2","x7","none","none","R3",NA,1,FALSE,0,TRUE,FALSE,NA,NA,0.00982139768357254,FALSE,FALSE,TRUE
1024,0.7,108,"x2","x8","a<b","a<b","R1",2,1,TRUE,1,FALSE,FALSE,3,3,0.241689018906622,TRUE,TRUE,TRUE
1024,0.7,108,"x2","x9","none","none","R3",NA,1,FALSE,0,FALSE,FALSE,NA,NA,0.0689205193713751,FALSE,FALSE,TRUE
1024,0.7,108,"x3","x10","none","none","R3",NA,1,FALSE,0,FALSE,FALSE,NA,NA,0.0315767582676436,FALSE,FALSE,TRUE
1024,0.7,108,"x3","x11","a<b","b<a","R1",1,1,TRUE,1,TRUE,FALSE,4,10,0.108155416445614,TRUE,TRUE,FALSE
1024,0.7,108,"x3","x12","a<b","a<b","R1",1,1,TRUE,2,FALSE,FALSE,4,4,0.181846015399634,TRUE,TRUE,TRUE
1024,0.7,108,"x3","x13","a<b","a<b","R1",1,2,TRUE,1,FALSE,FALSE,5,5,0.216483132107806,TRUE,TRUE,TRUE
1024,0.7,108,"x3","x14","none","none","R3",NA,1,FALSE,0,TRUE,FALSE,NA,NA,0.0158909667546025,FALSE,FALSE,TRUE
1024,0.7,108,"x3","x15","a<b","a<b","R1",1,2,TRUE,2,TRUE,FALSE,5,12,0.0994097598649209,TRUE,TRUE,TRUE
1024,0.7,108,"x3","x4","none","none","R3",NA,1,FALSE,0,TRUE,FALSE,NA,NA,0.0274693792203475,FALSE,FALSE,TRUE
1024,0.7,108,"x3","x5","none","none","R3",NA,1,FALSE,0,TRUE,FALSE,NA,NA,0.00476787552733776,FALSE,FALSE,TRUE
1024,0.7,108,"x3","x6","none","none","R3",NA,1,FALSE,0,FALSE,FALSE,NA,NA,0.0160321082578214,FALSE,FALSE,TRUE
1024,0.7,108,"x3","x7","none","none","R3",NA,1,FALSE,0,TRUE,FALSE,NA,NA,0.0111728248338899,FALSE,FALSE,TRUE
1024,0.7,108,"x3","x8","none","none","R3",NA,1,FALSE,0,FALSE,FALSE,NA,NA,0.0436477737203257,FALSE,FALSE,TRUE
1024,0.7,108,"x3","x9","none","none","R3",NA,1,FALSE,0,TRUE,FALSE,NA,NA,0.00486266265041051,FALSE,FALSE,TRUE
1024,0.7,108,"x4","x10","none","none","R3",NA,1,FALSE,0,TRUE,FALSE,NA,NA,0.00837159353498031,FALSE,FALSE,TRUE
1024,0.7,108,"x4","x11","none","none","R3",NA,1,FALSE,0,TRUE,FALSE,NA,NA,0.0152056542786755,FALSE,FALSE,TRUE
1024,0.7,108,"x4","x12","a<b","a<b","R1",2,1,TRUE,2,FALSE,FALSE,4,4,0.292807603383483,TRUE,TRUE,TRUE
1024,0.7,108,"x4","x13","a<b","none","R3",NA,1,FALSE,1,TRUE,FALSE,5,5,0.0468362096509291,TRUE,FALSE,FALSE
1024,0.7,108,"x4","x14","none","none","R3",NA,1,FALSE,0,FALSE,FALSE,NA,NA,0.00355047428692082,FALSE,FALSE,TRUE
1024,0.7,108,"x4","x15","a<b","none","R3",NA,1,FALSE,1,TRUE,FALSE,5,12,0.0106391897179324,TRUE,FALSE,FALSE
1024,0.7,108,"x4","x5","none","none","R3",NA,1,FALSE,0,TRUE,FALSE,NA,NA,0.0475108851200871,FALSE,FALSE,TRUE
1024,0.7,108,"x4","x6","none","none","R3",NA,1,FALSE,0,TRUE,FALSE,NA,NA,0.00836022678108612,FALSE,FALSE,TRUE
1024,0.7,108,"x4","x7","a<b","a<b","R2",1,1,TRUE,1,TRUE,FALSE,3,10,0.231726804563076,TRUE,TRUE,TRUE
1024,0.7,108,"x4","x8","none","none","R3",NA,1,FALSE,0,TRUE,FALSE,NA,NA,0.0432203596143857,FALSE,FALSE,TRUE
1024,0.7,108,"x4","x9","none","none","R3",NA,1,FALSE,0,FALSE,FALSE,NA,NA,0.0227393169604097,FALSE,FALSE,TRUE
1024,0.7,108,"x5","x10","a<b","a<b","transitivity",NA,1,FALSE,1,FALSE,FALSE,2,4,0.0395551240596019,TRUE,TRUE,TRUE
1024,0.7,108,"x5","x11","none","none","R3",NA,1,FALSE,0,TRUE,FALSE,NA,NA,0.0352387475229363,FALSE,FALSE,TRUE
1024,0.7,108,"x5","x12","a<b","a<b","R1",1,1,FALSE,1,FALSE,FALSE,4,4,0.0700059380626581,TRUE,TRUE,TRUE
1024,0.7,108,"x5","x13","a<b","a<b","R1",1,1,FALSE,4,TRUE,FALSE,5,5,0.127552505142961,TRUE,TRUE,TRUE
1024,0.7,108,"x5","x14","a<b","a<b","transitivity",NA,1,FALSE,1,FALSE,FALSE,4,4,0.0445369180324785,TRUE,TRUE,TRUE
1024,0.7,108,"x5","x15","a<b","a<b","transitivity",NA,1,TRUE,5,TRUE,FALSE,5,12,0.151587675755674,TRUE,TRUE,TRUE
1024,0.7,108,"x5","x6","none","a<b","transitivity",NA,1,FALSE,0,FALSE,FALSE,NA,NA,0.0252933410806905,FALSE,TRUE,FALSE
1024,0.7,108,"x5","x7","a<b","a<b","R1",1,1,TRUE,1,TRUE,FALSE,3,10,0.221322461151698,TRUE,TRUE,TRUE
1024,0.7,108,"x5","x8","a<b","a<b","R1",2,1,TRUE,1,FALSE,FALSE,3,3,0.200632907033186,TRUE,TRUE,TRUE
1024,0.7,108,"x5","x9","a<b","a<b","R1",1,1,TRUE,1,TRUE,FALSE,1,6,0.284735272782514,TRUE,TRUE,TRUE
1024,0.7,108,"x6","x10","a<b","a<b","R1",1,1,FALSE,1,FALSE,FALSE,2,4,0.118028362692627,TRUE,TRUE,TRUE
1024,0.7,108,"x6","x11","a<b","b<a","transitivity",NA,1,TRUE,1,TRUE,FALSE,4,10,0.12997735490588,TRUE,TRUE,FALSE
1024,0.7,108,"x6","x12","a<b","none","R3",NA,1,FALSE,1,TRUE,FALSE,4,4,0.00253912102208355,TRUE,FALSE,FALSE
1024,0.7,108,"x6","x13","a<b","a<b","transitivity",NA,1,FALSE,2,TRUE,FALSE,5,5,0.124668044981717,TRUE,TRUE,TRUE
1024,0.7,108,"x6","x14","a<b","b<a","R1",2,1,TRUE,2,FALSE,FALSE,4,4,0.205196389071644,TRUE,TRUE,FALSE
1024,0.7,108,"x6","x15","a<b","a<b","R1",1,1,TRUE,3,TRUE,FALSE,5,12,0.151351736664024,TRUE,TRUE,TRUE
1024,0.7,108,"x6","x7","none","none","R3",NA,1,FALSE,0,TRUE,FALSE,NA,NA,0.0407607534580653,FALSE,FALSE,TRUE
1024,0.7,108,"x6","x8","a<b","b<a","R1",1,1,TRUE,1,TRUE,FALSE,3,3,0.303405011003918,TRUE,TRUE,FALSE
1024,0.7,108,"x6","x9","none","none","R3",NA,1,FALSE,0,TRUE,FALSE,NA,NA,0.0236154599708262,FALSE,FALSE,TRUE
1024,0.7,108,"x7","x10","none","none","R3",NA,1,FALSE,0,TRUE,TRUE,NA,NA,0.0688748998272604,FALSE,FALSE,TRUE
1024,0.7,108,"x7","x11","none","none","R3",NA,1,FALSE,0,TRUE,TRUE,NA,NA,0.0601477149039719,FALSE,FALSE,TRUE
1024,0.7,108,"x7","x12","a<b","b<a","R2",2,1,TRUE,1,TRUE,TRUE,4,4,0.258892254522393,TRUE,TRUE,FALSE
1024,0.7,108,"x7","x13","a<b","b<a","R2",1,1,TRUE,1,FALSE,TRUE,5,5,0.219150304054657,TRUE,TRUE,FALSE
1024,0.7,108,"x7","x14","none","none","R3",NA,1,FALSE,0,TRUE,TRUE,NA,NA,0.0538105866471531,FALSE,FALSE,TRUE
1024,0.7,108,"x7","x15","a<b","none","R3",NA,1,FALSE,1,TRUE,TRUE,5,12,0.0537976901736991,TRUE,FALSE,FALSE
1024,0.7,108,"x7","x8","none","none","R3",NA,1,FALSE,0,TRUE,TRUE,NA,NA,0.066218329465598,FALSE,FALSE,TRUE
1024,0.7,108,"x7","x9","none","none","R3",NA,1,FALSE,0,TRUE,TRUE,NA,NA,0.0470566645229813,FALSE,FALSE,TRUE
1024,0.7,108,"x8","x10","a<b","a<b","R1",1,1,TRUE,1,FALSE,FALSE,2,4,0.319079449325332,TRUE,TRUE,TRUE
1024,0.7,108,"x8","x11","none","none","R3",NA,1,FALSE,0,TRUE,TRUE,NA,NA,0.00103298971619133,FALSE,FALSE,TRUE
1024,0.7,108,"x8","x12","none","none","R3",NA,1,FALSE,0,FALSE,TRUE,NA,NA,0.00522743755792536,FALSE,FALSE,TRUE
1024,0.7,108,"x8","x13","a<b","a<b","R1",2,1,TRUE,2,FALSE,TRUE,5,5,0.333330356898544,TRUE,TRUE,TRUE
1024,0.7,108,"x8","x14","a<b","a<b","R1",2,1,TRUE,1,TRUE,TRUE,4,4,0.181162739418908,TRUE,TRUE,TRUE
1024,0.7,108,"x8","x15","a<b","a<b","transitivity",NA,1,FALSE,2,TRUE,TRUE,5,12,0.0473448413153539,TRUE,TRUE,TRUE
1024,0.7,108,"x8","x9","none","none","R3",NA,1,FALSE,0,TRUE,TRUE,NA,NA,0.0717881931172075,FALSE,FALSE,TRUE
1024,0.7,108,"x9","x10","none","none","R3",NA,1,FALSE,0,TRUE,TRUE,NA,NA,0.0399733759782346,FALSE,FALSE,TRUE
1024,0.7,108,"x9","x11","none","none","R3",NA,1,FALSE,0,FALSE,FALSE,NA,NA,0.0694216933409089,FALSE,FALSE,TRUE
1024,0.7,108,"x9","x12","none","none","R3",NA,1,FALSE,0,TRUE,TRUE,NA,NA,0.0323626496137063,FALSE,FALSE,TRUE
1024,0.7,108,"x9","x13","a<b","a<b","R1",1,1,TRUE,1,TRUE,TRUE,5,5,0.216256518815125,TRUE,TRUE,TRUE
1024,0.7,108,"x9","x14","none","none","R3",NA,1,FALSE,0,TRUE,TRUE,NA,NA,0.0427057541323915,FALSE,FALSE,TRUE
1024,0.7,108,"x9","x15","a<b","none","R3",NA,1,FALSE,1,TRUE,TRUE,5,12,0.0583679350981833,TRUE,FALSE,FALSE
1024,0.7,109,"x1","x10","a<b","a<b","transitivity",NA,2,FALSE,1,FALSE,FALSE,3,3,0.024854082041265,TRUE,TRUE,TRUE
1024,0.7,109,"x1","x11","a<b","a<b","transitivity",NA,1,FALSE,2,TRUE,FALSE,4,6,0.0437957425711275,TRUE,TRUE,TRUE
1024,0.7,109,"x1","x12","a<b","a<b","R1",3,1,TRUE,1,FALSE,FALSE,2,6,0.246018670220826,TRUE,TRUE,TRUE
1024,0.7,109,"x1","x13","a<b","a<b","transitivity",NA,1,FALSE,1,FALSE,FALSE,3,2,0.00925004339478141,TRUE,TRUE,TRUE
1024,0.7,109,"x1","x14","a<b","NA","unresolved",NA,NA,FALSE,3,FALSE,FALSE,4,5,0.0941225016595493,TRUE,FALSE,FALSE
1024,0.7,109,"x1","x15","a<b","a<b","transitivity",NA,1,FALSE,2,TRUE,FALSE,3,5,0.0467383683686192,TRUE,TRUE,TRUE
1024,0.7,109,"x1","x2","none","none","R3",NA,1,FALSE,0,TRUE,FALSE,NA,NA,0.0341516539397717,FALSE,FALSE,TRUE
1024,0.7,109,"x1","x3","a<b","a<b","R1",4,1,TRUE,1,FALSE,FALSE,1,4,0.306031040158144,TRUE,TRUE,TRUE
1024,0.7,109,"x1","x4","a<b","a<b","R1",1,1,TRUE,1,FALSE,FALSE,2,5,0.290267727406948,TRUE,TRUE,TRUE
1024,0.7,109,"x1","x5","none","none","R3",NA,1,FALSE,0,FALSE,FALSE,NA,NA,0.0231149092848636,FALSE,FALSE,TRUE
1024,0.7,109,"x1","x6","a<b","none","R3",NA,1,FALSE,1,FALSE,FALSE,1,5,0.0685101007499676,TRUE,FALSE,FALSE
1024,0.7,109,"x1","x7","none","a<b","transitivity",NA,1,FALSE,0,FALSE,FALSE,NA,NA,0.00589243707001704,FALSE,TRUE,FALSE
1024,0.7,109,"x1","x8","none","none","R3",NA,1,FALSE,0,TRUE,FALSE,NA,NA,0.0463032845488624,FALSE,FALSE,TRUE
1024,0.7,109,"x1","x9","a<b","a<b","R1",1,1,TRUE,2,FALSE,FALSE,3,0,0.271854450423751,TRUE,TRUE,TRUE
1024,0.7,109,"x10","x11","a<b","a<b","R2",3,1,TRUE,1,TRUE,TRUE,4,6,0.334941768878677,TRUE,TRUE,TRUE
1024,0.7,109,"x10","x12","none","none","R3",NA,1,FALSE,0,TRUE,TRUE,NA,NA,0.0495508118980396,FALSE,FALSE,TRUE
1024,0.7,109,"x10","x13","a<b","a<b","R2",2,1,TRUE,1,TRUE,TRUE,3,2,0.328944596214489,TRUE,TRUE,TRUE
1024,0.7,109,"x10","x14","a<b","none","R3",NA,1,FALSE,1,TRUE,TRUE,4,5,0.0455752406807252,TRUE,FALSE,FALSE
1024,0.7,109,"x10","x15","a<b","b<a","R1",1,2,FALSE,1,TRUE,TRUE,3,5,0.101166509735895,TRUE,TRUE,FALSE
1024,0.7,109,"x11","x12","none","none","R3",NA,1,FALSE,0,TRUE,TRUE,NA,NA,0.0434263843869674,FALSE,FALSE,TRUE
1024,0.7,109,"x11","x13","none","b<a","R1",1,1,FALSE,0,TRUE,TRUE,NA,NA,0.251053588359312,FALSE,TRUE,FALSE
1024,0.7,109,"x11","x14","a<b","b<a","transitivity",NA,1,TRUE,1,TRUE,TRUE,4,5,0.274290520127566,TRUE,TRUE,FALSE
1024,0.7,109,"x11","x15","none","none","R3",NA,2,FALSE,0,TRUE,TRUE,NA,NA,0.101616786387029,FALSE,FALSE,TRUE
1024,0.7,109,"x12","x13","none","b<a","transitivity",NA,1,FALSE,0,TRUE,TRUE,NA,NA,0.05757943050348,FALSE,TRUE,FALSE
1024,0.7,109,"x12","x14","none","b<a","transitivity",NA,1,FALSE,0,TRUE,TRUE,NA,NA,0.0705495063571939,FALSE,TRUE,FALSE
1024,0.7,109,"x12","x15","none","none","R3",NA,1,FALSE,0,FALSE,TRUE,NA,NA,0.0474663103095347,FALSE,FALSE,TRUE
1024,0.7,109,"x13","x14","none","b<a","transitivity",NA,1,FALSE,0,TRUE,TRUE,NA,NA,0.172711581527969,FALSE,TRUE,FALSE
1024,0.7,109,"x13","x15","a<b","NA","unresolved",NA,NA,TRUE,1,FALSE,TRUE,3,5,0.253658981210822,TRUE,FALSE,FALSE
1024,0.7,109,"x14","x15","none","none","R3",NA,1,FALSE,0,TRUE,TRUE,NA,NA,0.0457794397118207,FALSE,FALSE,TRUE
1024,0.7,109,"x2","x10","a<b","a<b","R1",1,1,TRUE,3,FALSE,FALSE,3,3,0.271287077778871,TRUE,TRUE,TRUE
1024,0.7,109,"x2","x11","a<b","a<b","transitivity",NA,1,TRUE,6,FALSE,FALSE,4,6,0.249840627587723,TRUE,TRUE,TRUE
1024,0.7,109,"x2","x12","a<b","a<b","transitivity",NA,1,FALSE,2,TRUE,FALSE,2,6,0.0731763282677842,TRUE,TRUE,TRUE
1024,0.7,109,"x2","x13","a<b","a<b","R1",3,1,TRUE,6,FALSE,FALSE,3,2,0.324206033796415,TRUE,TRUE,TRUE
1024,0.7,109,"x2","x14","a<b","a<b","transitivity",NA,1,FALSE,10,TRUE,FALSE,4,5,0.0518229349864439,TRUE,TRUE,TRUE
1024,0.7,109,"x2","x15","a<b","b<a","R2",1,1,FALSE,7,FALSE,FALSE,3,5,0.0856231472115263,TRUE,TRUE,FALSE
1024,0.7,109,"x2","x3","none","none","R3",NA,1,FALSE,0,TRUE,FALSE,NA,NA,0.0457023927055836,FALSE,FALSE,TRUE
1024,0.7,109,"x2","x4","a<b","a<b","R1",3,1,TRUE,1,FALSE,FALSE,2,5,0.28182868209015,TRUE,TRUE,TRUE
1024,0.7,109,"x2","x5","a<b","a<b","R1",2,1,TRUE,1,TRUE,FALSE,1,4,0.254273340451108,TRUE,TRUE,TRUE
1024,0.7,109,"x2","x6","a<b","NA","unresolved",NA,NA,FALSE,1,TRUE,FALSE,1,5,0.106440993282729,TRUE,FALSE,FALSE
1024,0.7,109,"x2","x7","a<b","a<b","R1",1,1,TRUE,2,TRUE,FALSE,2,7,0.202892010252384,TRUE,TRUE,TRUE
1024,0.7,109,"x2","x8","a<b","a<b","transitivity",NA,1,FALSE,1,TRUE,FALSE,1,5,0.0831122219172128,TRUE,TRUE,TRUE
1024,0.7,109,"x2","x9","a<b","a<b","transitivity",NA,1,FALSE,2,FALSE,FALSE,3,0,0.0459682543595335,TRUE,TRUE,TRUE
1024,0.7,109,"x3","x10","a<b","a<b","transitivity",NA,2,TRUE,1,FALSE,FALSE,3,3,0.191587398223235,TRUE,TRUE,TRUE
1024,0.7,109,"x3","x11","a<b","a<b","R1",1,1,TRUE,2,FALSE,FALSE,4,6,0.290122003403028,TRUE,TRUE,TRUE
1024,0.7,109,"x3","x12","none","none","R3",NA,2,FALSE,0,TRUE,TRUE,NA,NA,0.116805658284013,FALSE,FALSE,TRUE
1024,0.7,109,"x3","x13","a<b","none","R3",NA,1,FALSE,1,FALSE,FALSE,3,2,0.0620695916493608,TRUE,FALSE,FALSE
1024,0.7,109,"x3","x14","a<b","none","R3",NA,1,FALSE,2,TRUE,TRUE,4,5,0.0800214645107698,TRUE,FALSE,FALSE
1024,0.7,109,"x3","x15","a<b","a<b","R1",2,1,TRUE,2,FALSE,FALSE,3,5,0.251655889654303,TRUE,TRUE,TRUE
1024,0.7,109,"x3","x4","none","none","R3",NA,1,FALSE,0,TRUE,TRUE,NA,NA,0.0828476504740199,FALSE,FALSE,TRUE
1024,0.7,109,"x3","x5","none","none","R3",NA,1,FALSE,0,FALSE,FALSE,NA,NA,0.0169084038257003,FALSE,FALSE,TRUE
1024,0.7,109,"x3","x6","none","none","R3",NA,1,FALSE,0,TRUE,TRUE,NA,NA,0.0498501356530555,FALSE,FALSE,TRUE
1024,0.7,109,"x3","x7","none","none","R3",NA,1,FALSE,0,TRUE,FALSE,NA,NA,0.017732803449083,FALSE,FALSE,TRUE
1024,0.7,109,"x3","x8","none","none","R3",NA,1,FALSE,0,FALSE,FALSE,NA,NA,0.00299935384190782,FALSE,FALSE,TRUE
1024,0.7,109,"x3","x9","a<b","a<b","R1",3,1,TRUE,1,TRUE,TRUE,3,0,0.184465078358429,TRUE,TRUE,TRUE
1024,0.7,109,"x4","x10","none","none","R3",NA,2,FALSE,0,TRUE,TRUE,NA,NA,0.0725207404289823,FALSE,FALSE,TRUE
1024,0.7,109,"x4","x11","none","a<b","transitivity",NA,1,FALSE,0,TRUE,TRUE,NA,NA,0.0988169114275387,FALSE,TRUE,FALSE
1024,0.7,109,"x4","x12","none","a<b","transitivity",NA,1,FALSE,0,TRUE,TRUE,NA,NA,0.087484727120305,FALSE,TRUE,FALSE
1024,0.7,109,"x4","x13","none","a<b","R1",1,1,FALSE,0,TRUE,TRUE,NA,NA,0.134758889394923,FALSE,TRUE,FALSE
1024,0.7,109,"x4","x14","a<b","b<a","R1",1,1,TRUE,1,TRUE,TRUE,4,5,0.317101905966011,TRUE,TRUE,FALSE
1024,0.7,109,"x4","x15","none","none","R3",NA,1,FALSE,0,FALSE,TRUE,NA,NA,0.00251093002400026,FALSE,FALSE,TRUE
1024,0.7,109,"x4","x5","none","b<a","transitivity",NA,1,FALSE,0,TRUE,TRUE,NA,NA,0.112285242575294,FALSE,TRUE,FALSE
1024,0.7,109,"x4","x6","a<b","b<a","R1",1,1,TRUE,1,TRUE,FALSE,1,5,0.259184112817616,TRUE,TRUE,FALSE
1024,0.7,109,"x4","x7","none","a<b","transitivity",NA,1,FALSE,0,TRUE,TRUE,NA,NA,0.100874650773041,FALSE,TRUE,FALSE
1024,0.7,109,"x4","x8","none","b<a","transitivity",NA,1,FALSE,0,FALSE,TRUE,NA,NA,0.021727177234547,FALSE,TRUE,FALSE
1024,0.7,109,"x4","x9","none","a<b","transitivity",NA,1,FALSE,0,TRUE,TRUE,NA,NA,0.162730316615889,FALSE,TRUE,FALSE
1024,0.7,109,"x5","x10","a<b","b<a","R2",1,1,FALSE,1,TRUE,TRUE,3,3,0.0820748359218374,TRUE,TRUE,FALSE
1024,0.7,109,"x5","x11","a<b","a<b","transitivity",NA,1,FALSE,2,TRUE,TRUE,4,6,0.040845873040614,TRUE,TRUE,TRUE
1024,0.7,109,"x5","x12","a<b","a<b","transitivity",NA,1,FALSE,1,TRUE,TRUE,2,6,0.0035262562276876,TRUE,TRUE,TRUE
1024,0.7,109,"x5","x13","a<b","a<b","transitivity",NA,1,FALSE,2,TRUE,TRUE,3,2,0.0683301199968928,TRUE,TRUE,TRUE
1024,0.7,109,"x5","x14","a<b","a<b","transitivity",NA,1,FALSE,4,FALSE,TRUE,4,5,0.0116868490639333,TRUE,TRUE,TRUE
1024,0.7,109,"x5","x15","a<b","b<a","R2",1,1,FALSE,3,TRUE,TRUE,3,5,0.0989784672535917,TRUE,TRUE,FALSE
1024,0.7,109,"x5","x6","none","none","R3",NA,1,FALSE,0,FALSE,TRUE,NA,NA,0.0189119854864236,FALSE,FALSE,TRUE
1024,0.7,109,"x5","x7","a<b","a<b","R1",1,1,TRUE,1,TRUE,TRUE,2,7,0.162214015270117,TRUE,TRUE,TRUE
1024,0.7,109,"x5","x8","a<b","a<b","R1",2,1,TRUE,1,TRUE,FALSE,1,5,0.254696631872734,TRUE,TRUE,TRUE
1024,0.7,109,"x5","x9","a<b","a<b","transitivity",NA,1,FALSE,1,FALSE,TRUE,3,0,0.0296401333271076,TRUE,TRUE,TRUE
1024,0.7,109,"x6","x10","none","b<a","R2",1,1,FALSE,0,TRUE,TRUE,NA,NA,0.0749135992778928,FALSE,TRUE,FALSE
1024,0.7,109,"x6","x11","none","a<b","transitivity",NA,1,FALSE,0,FALSE,TRUE,NA,NA,0.0253412986566611,FALSE,TRUE,FALSE
1024,0.7,109,"x6","x12","none","a<b","transitivity",NA,1,FALSE,0,TRUE,TRUE,NA,NA,0.0189667835704764,FALSE,TRUE,FALSE
1024,0.7,109,"x6","x13","none","a<b","transitivity",NA,1,FALSE,0,TRUE,TRUE,NA,NA,0.0528851431482522,FALSE,TRUE,FALSE
1024,0.7,109,"x6","x14","none","a<b","R1",1,2,FALSE,0,TRUE,TRUE,NA,NA,0.135029784860454,FALSE,TRUE,FALSE
1024,0.7,109,"x6","x15","none","none","R3",NA,1,FALSE,0,FALSE,TRUE,NA,NA,0.0305084246514292,FALSE,FALSE,TRUE
1024,0.7,109,"x6","x7","none","a<b","transitivity",NA,1,FALSE,0,TRUE,TRUE,NA,NA,0.052741407158753,FALSE,TRUE,FALSE
1024,0.7,109,"x6","x8","none","a<b","R2",1,2,FALSE,0,FALSE,TRUE,NA,NA,0.0774477898950645,FALSE,TRUE,FALSE
1024,0.7,109,"x6","x9","none","a<b","transitivity",NA,1,FALSE,0,FALSE,TRUE,NA,NA,0.0290398469806787,FALSE,TRUE,FALSE
1024,0.7,109,"x7","x10","a<b","b<a","R2",1,1,TRUE,1,TRUE,TRUE,3,3,0.270865929200294,TRUE,TRUE,FALSE
1024,0.7,109,"x7","x11","a<b","none","R3",NA,1,TRUE,2,TRUE,TRUE,4,6,0.0538842172184576,TRUE,FALSE,FALSE
1024,0.7,109,"x7","x12","a<b","a<b","R1",1,1,TRUE,1,FALSE,FALSE,2,6,0.221023894006096,TRUE,TRUE,TRUE
1024,0.7,109,"x7","x13","a<b","b<a","R1",1,1,TRUE,2,TRUE,TRUE,3,2,0.151171130327168,TRUE,TRUE,FALSE
1024,0.7,109,"x7","x14","a<b","b<a","R1",1,1,TRUE,3,TRUE,TRUE,4,5,0.190604135835415,TRUE,TRUE,FALSE
1024,0.7,109,"x7","x15","a<b","NA","unresolved",NA,NA,FALSE,2,TRUE,TRUE,3,5,0.0739719638524906,TRUE,FALSE,FALSE
1024,0.7,109,"x7","x8","none","b<a","transitivity",NA,1,FALSE,0,TRUE,TRUE,NA,NA,0.0659488197632903,FALSE,TRUE,FALSE
1024,0.7,109,"x7","x9","a<b","a<b","R1",1,1,TRUE,1,FALSE,FALSE,3,0,0.324832891185888,TRUE,TRUE,TRUE
1024,0.7,109,"x8","x10","none","none","R3",NA,1,FALSE,0,FALSE,TRUE,NA,NA,0.0302599794198382,FALSE,FALSE,TRUE
1024,0.7,109,"x8","x11","none","a<b","transitivity",NA,1,FALSE,0,TRUE,TRUE,NA,NA,0.0437826689773713,FALSE,TRUE,FALSE
1024,0.7,109,"x8","x12","none","a<b","transitivity",NA,1,FALSE,0,FALSE,TRUE,NA,NA,0.0632729718450112,FALSE,TRUE,FALSE
1024,0.7,109,"x8","x13","none","a<b","transitivity",NA,1,FALSE,0,TRUE,TRUE,NA,NA,0.0309797778022238,FALSE,TRUE,FALSE
1024,0.7,109,"x8","x14","a<b","a<b","R1",1,1,TRUE,1,FALSE,TRUE,4,5,0.211562932547883,TRUE,TRUE,TRUE
1024,0.7,109,"x8","x15","a<b","b<a","R2",1,2,TRUE,1,FALSE,TRUE,3,5,0.188326634976007,TRUE,TRUE,FALSE
1024,0.7,109,"x8","x9","none","a<b","transitivity",NA,1,FALSE,0,FALSE,TRUE,NA,NA,0.0467824332845402,FALSE,TRUE,FALSE
1024,0.7,109,"x9","x10","none","b<a","R1",1,1,FALSE,0,TRUE,TRUE,NA,NA,0.156548001823029,FALSE,TRUE,FALSE
1024,0.7,109,"x9","x11","none","none","R3",NA,2,FALSE,0,TRUE,TRUE,NA,NA,0.0852764640037391,FALSE,FALSE,TRUE
1024,0.7,109,"x9","x12","none","b<a","R1",2,1,FALSE,0,TRUE,TRUE,NA,NA,0.181157495756641,FALSE,TRUE,FALSE
1024,0.7,109,"x9","x13","none","b<a","transitivity",NA,1,FALSE,0,TRUE,TRUE,NA,NA,0.026894623273557,FALSE,TRUE,FALSE
1024,0.7,109,"x9","x14","none","b<a","transitivity",NA,1,FALSE,0,TRUE,TRUE,NA,NA,0.134415163350295,FALSE,TRUE,FALSE
1024,0.7,109,"x9","x15","none","b<a","transitivity",NA,2,FALSE,0,TRUE,TRUE,NA,NA,0.111843276188209,FALSE,TRUE,FALSE
1024,0.7,110,"x1","x10","a<b","none","R3",NA,1,FALSE,7,FALSE,FALSE,3,5,0.050659377800973,TRUE,FALSE,FALSE
1024,0.7,110,"x1","x11","a<b","a<b","transitivity",NA,1,FALSE,8,TRUE,FALSE,4,5,0.0389899743319769,TRUE,TRUE,TRUE
1024,0.7,110,"x1","x12","a<b","a<b","R1",1,1,FALSE,2,FALSE,FALSE,1,1,0.0556020925112826,TRUE,TRUE,TRUE
1024,0.7,110,"x1","x13","a<b","a<b","transitivity",NA,1,TRUE,12,FALSE,FALSE,4,7,0.195955429343858,TRUE,TRUE,TRUE
1024,0.7,110,"x1","x14","a<b","a<b","transitivity",NA,2,FALSE,12,TRUE,FALSE,2,12,0.040501305768788,TRUE,TRUE,TRUE
1024,0.7,110,"x1","x15","a<b","a<b","R1",2,1,TRUE,1,TRUE,FALSE,2,2,0.278200437740272,TRUE,TRUE,TRUE
1024,0.7,110,"x1","x2","none","none","R3",NA,1,FALSE,0,TRUE,FALSE,NA,NA,0.0255090001864216,FALSE,FALSE,TRUE
1024,0.7,110,"x1","x3","none","a<b","transitivity",NA,2,FALSE,0,FALSE,FALSE,NA,NA,0.000244447011278683,FALSE,TRUE,FALSE
1024,0.7,110,"x1","x4","a<b","a<b","R1",2,1,TRUE,1,FALSE,FALSE,1,5,0.296328128839383,TRUE,TRUE,TRUE
1024,0.7,110,"x1","x5","a<b","NA","unresolved",NA,NA,TRUE,2,FALSE,FALSE,3,8,0.1143527345461,TRUE,FALSE,FALSE
1024,0.7,110,"x1","x6","a<b","b<a","R2",1,1,TRUE,3,FALSE,FALSE,2,5,0.2250252203496,TRUE,TRUE,FALSE
1024,0.7,110,"x1","x7","a<b","a<b","R1",2,1,TRUE,1,TRUE,FALSE,2,4,0.21328714128623,TRUE,TRUE,TRUE
1024,0.7,110,"x1","x8","a<b","a<b","transitivity",NA,1,TRUE,3,TRUE,FALSE,4,7,0.207602085408567,TRUE,TRUE,TRUE
1024,0.7,110,"x1","x9","a<b","a<b","R1",3,1,TRUE,4,FALSE,FALSE,3,2,0.224643771953345,TRUE,TRUE,TRUE
1024,0.7,110,"x10","x11","none","a<b","R1",1,1,FALSE,0,TRUE,TRUE,NA,NA,0.16666637240718,FALSE,TRUE,FALSE
1024,0.7,110,"x10","x12","none","none","R3",NA,1,FALSE,0,TRUE,TRUE,NA,NA,0.103705406709316,FALSE,FALSE,TRUE
1024,0.7,110,"x10","x13","none","a<b","transitivity",NA,1,FALSE,0,TRUE,TRUE,NA,NA,0.0167164691664742,FALSE,TRUE,FALSE
1024,0.7,110,"x10","x14","none","a<b","transitivity",NA,2,FALSE,0,TRUE,TRUE,NA,NA,0.0114691473565851,FALSE,TRUE,FALSE
1024,0.7,110,"x10","x15","none","a<b","transitivity",NA,1,FALSE,0,FALSE,TRUE,NA,NA,0.00596743192391662,FALSE,TRUE,FALSE
1024,0.7,110,"x11","x12","none","none","R3",NA,1,FALSE,0,FALSE,TRUE,NA,NA,0.0100492109902235,FALSE,FALSE,TRUE
1024,0.7,110,"x11","x13","a<b","a<b","R1",1,1,TRUE,1,TRUE,TRUE,4,7,0.203655455645553,TRUE,TRUE,TRUE
1024,0.7,110,"x11","x14","a<b","b<a","transitivity",NA,1,FALSE,1,TRUE,TRUE,2,12,0.131934573339352,TRUE,TRUE,FALSE
1024,0.7,110,"x11","x15","none","none","R3",NA,1,FALSE,0,FALSE,TRUE,NA,NA,0.00714461737810139,FALSE,FALSE,TRUE
1024,0.7,110,"x12","x13","none","none","R3",NA,1,FALSE,0,FALSE,TRUE,NA,NA,0.00693862346526679,FALSE,FALSE,TRUE
1024,0.7,110,"x12","x14","none","none","R3",NA,1,FALSE,0,FALSE,TRUE,NA,NA,0.0350473779263445,FALSE,FALSE,TRUE
1024,0.7,110,"x12","x15","none","none","R3",NA,1,FALSE,0,FALSE,TRUE,NA,NA,0.0478651020995269,FALSE,FALSE,TRUE
1024,0.7,110,"x13","x14","a<b","b<a","transitivity",NA,1,TRUE,1,TRUE,TRUE,2,12,0.202231017189492,TRUE,TRUE,FALSE
1024,0.7,110,"x13","x15","none","none","R3",NA,1,FALSE,0,TRUE,TRUE,NA,NA,0.0555818196313526,FALSE,FALSE,TRUE
1024,0.7,110,"x14","x15","none","none","R3",NA,1,FALSE,0,TRUE,TRUE,NA,NA,0.0659743858875184,FALSE,FALSE,TRUE
1024,0.7,110,"x2","x10","a<b","NA","unresolved",NA,NA,FALSE,4,FALSE,FALSE,3,5,0.0785849525565286,TRUE,FALSE,FALSE
1024,0.7,110,"x2","x11","a<b","a<b","R1",2,1,TRUE,6,TRUE,FALSE,4,5,0.307729049725145,TRUE,TRUE,TRUE
1024,0.7,110,"x2","x12","a<b","none","R3",NA,1,FALSE,1,FALSE,FALSE,1,1,0.0677426056386937,TRUE,FALSE,FALSE
1024,0.7,110,"x2","x13","a<b","a<b","transitivity",NA,1,TRUE,8,TRUE,FALSE,4,7,0.153354065823222,TRUE,TRUE,TRUE
1024,0.7,110,"x2","x14","a<b","a<b","R1",1,1,TRUE,9,TRUE,FALSE,2,12,0.128924476318705,TRUE,TRUE,TRUE
1024,0.7,110,"x2","x15","a<b","a<b","transitivity",NA,1,FALSE,1,FALSE,FALSE,2,2,0.0594613549285684,TRUE,TRUE,TRUE
1024,0.7,110,"x2","x3","a<b","a<b","R1",3,1,TRUE,1,TRUE,FALSE,1,3,0.38971658422233,TRUE,TRUE,TRUE
1024,0.7,110,"x2","x4","none","none","R3",NA,1,FALSE,0,FALSE,FALSE,NA,NA,0.0107765353188486,FALSE,FALSE,TRUE
1024,0.7,110,"x2","x5","a<b","NA","unresolved",NA,NA,TRUE,1,FALSE,FALSE,3,8,0.157105120449946,TRUE,FALSE,FALSE
1024,0.7,110,"x2","x6","a<b","none","R3",NA,1,FALSE,1,TRUE,FALSE,2,5,0.0501627767510479,TRUE,FALSE,FALSE
1024,0.7,110,"x2","x7","a<b","b<a","R2",1,1,FALSE,1,FALSE,FALSE,2,4,0.13540156945823,TRUE,TRUE,FALSE
1024,0.7,110,"x2","x8","a<b","b<a","R2",3,1,TRUE,2,FALSE,FALSE,4,7,0.20851036724603,TRUE,TRUE,FALSE
1024,0.7,110,"x2","x9","a<b","a<b","transitivity",NA,1,TRUE,3,FALSE,FALSE,3,2,0.299773212807407,TRUE,TRUE,TRUE
1024,0.7,110,"x3","x10","a<b","b<a","transitivity",NA,2,FALSE,2,TRUE,TRUE,3,5,0.0563094996561655,TRUE,TRUE,FALSE
1024,0.7,110,"x3","x11","a<b","a<b","R1",1,1,FALSE,2,TRUE,TRUE,4,5,0.16097185550467,TRUE,TRUE,TRUE
1024,0.7,110,"x3","x12","none","none","R3",NA,1,FALSE,0,FALSE,TRUE,NA,NA,0.0209522723924392,FALSE,FALSE,TRUE
1024,0.7,110,"x3","x13","a<b","a<b","transitivity",NA,1,FALSE,2,TRUE,TRUE,4,7,0.0266960162853327,TRUE,TRUE,TRUE
1024,0.7,110,"x3","x14","a<b","a<b","R1",1,1,FALSE,2,TRUE,TRUE,2,12,0.0860734199206594,TRUE,TRUE,TRUE
1024,0.7,110,"x3","x15","a<b","a<b","R1",1,1,TRUE,1,FALSE,FALSE,2,2,0.262231029480504,TRUE,TRUE,TRUE
1024,0.7,110,"x3","x4","none","none","R3",NA,1,FALSE,0,TRUE,FALSE,NA,NA,0.0355933888879221,FALSE,FALSE,TRUE
1024,0.7,110,"x3","x5","none","b<a","transitivity",NA,2,FALSE,0,TRUE,TRUE,NA,NA,0.0190835651831347,FALSE,TRUE,FALSE
1024,0.7,110,"x3","x6","none","b<a","transitivity",NA,2,FALSE,0,FALSE,TRUE,NA,NA,0.000464997869097186,FALSE,TRUE,FALSE
1024,0.7,110,"x3","x7","a<b","b<a","R1",1,2,TRUE,1,FALSE,FALSE,2,4,0.259016220535916,TRUE,TRUE,FALSE
1024,0.7,110,"x3","x8","a<b","b<a","R2",2,1,FALSE,1,TRUE,TRUE,4,7,0.114545288792702,TRUE,TRUE,FALSE
1024,0.7,110,"x3","x9","a<b","a<b","R1",1,1,FALSE,1,TRUE,TRUE,3,2,0.138679211105933,TRUE,TRUE,TRUE
1024,0.7,110,"x4","x10","a<b","none","R3",NA,1,FALSE,2,TRUE,TRUE,3,5,0.00453368554661032,TRUE,FALSE,FALSE
1024,0.7,110,"x4","x11","a<b","a<b","transitivity",NA,1,FALSE,2,TRUE,TRUE,4,5,0.0272135688067138,TRUE,TRUE,TRUE
1024,0.7,110,"x4","x12","a<b","b<a","R2",1,1,FALSE,1,FALSE,TRUE,1,1,0.0309699960273798,TRUE,TRUE,FALSE
1024,0.7,110,"x4","x13","a<b","a<b","transitivity",NA,1,FALSE,3,TRUE,TRUE,4,7,0.10752529567196,TRUE,TRUE,TRUE
1024,0.7,110,"x4","x14","a<b","none","R3",NA,1,FALSE,3,TRUE,TRUE,2,12,0.0471520640233597,TRUE,FALSE,FALSE
1024,0.7,110,"x4","x15","none","a<b","R1",2,1,FALSE,0,TRUE,TRUE,NA,NA,0.201739096083184,FALSE,TRUE,FALSE
1024,0.7,110,"x4","x5","a<b","b<a","R1",1,2,TRUE,1,TRUE,TRUE,3,8,0.0846980282694982,TRUE,TRUE,FALSE
1024,0.7,110,"x4","x6","a<b","none","R3",NA,1,FALSE,1,TRUE,TRUE,2,5,0.0269959681368582,TRUE,FALSE,FALSE
1024,0.7,110,"x4","x7","none","none","R3",NA,1,FALSE,0,TRUE,TRUE,NA,NA,0.120599593311572,FALSE,FALSE,TRUE
1024,0.7,110,"x4","x8","a<b","a<b","R1",2,1,TRUE,1,TRUE,TRUE,4,7,0.210246162594972,TRUE,TRUE,TRUE
1024,0.7,110,"x4","x9","a<b","a<b","transitivity",NA,1,FALSE,1,TRUE,TRUE,3,2,0.0237003919132687,TRUE,TRUE,TRUE
1024,0.7,110,"x5","x10","a<b","none","R3",NA,1,FALSE,1,TRUE,TRUE,3,5,0.0735295255375278,TRUE,FALSE,FALSE
1024,0.7,110,"x5","x11","a<b","a<b","transitivity",NA,1,FALSE,1,TRUE,TRUE,4,5,0.0180305849095815,TRUE,TRUE,TRUE
1024,0.7,110,"x5","x12","a<b","a<b","R1",4,1,TRUE,1,FALSE,FALSE,1,1,0.488564601668577,TRUE,TRUE,TRUE
1024,0.7,110,"x5","x13","a<b","a<b","transitivity",NA,1,FALSE,2,TRUE,TRUE,4,7,0.0665156197928152,TRUE,TRUE,TRUE
1024,0.7,110,"x5","x14","a<b","a<b","transitivity",NA,2,FALSE,2,TRUE,TRUE,2,12,0.002055897069722,TRUE,TRUE,TRUE
1024,0.7,110,"x5","x15","none","a<b","transitivity",NA,1,FALSE,0,TRUE,TRUE,NA,NA,0.0464432437954165,FALSE,TRUE,FALSE
1024,0.7,110,"x5","x6","a<b","a<b","R1",4,1,TRUE,1,TRUE,TRUE,2,5,0.244809033728972,TRUE,TRUE,TRUE
1024,0.7,110,"x5","x7","none","a<b","transitivity",NA,1,FALSE,0,TRUE,TRUE,NA,NA,0.0727564702679675,FALSE,TRUE,FALSE
1024,0.7,110,"x5","x8","none","a<b","transitivity",NA,2,FALSE,0,TRUE,TRUE,NA,NA,0.0134732865018105,FALSE,TRUE,FALSE
1024,0.7,110,"x5","x9","none","a<b","transitivity",NA,1,FALSE,0,TRUE,TRUE,NA,NA,0.0287022108960162,FALSE,TRUE,FALSE
1024,0.7,110,"x6","x10","a<b","b<a","R1",2,1,TRUE,1,FALSE,TRUE,3,5,0.258270495875436,TRUE,TRUE,FALSE
1024,0.7,110,"x6","x11","a<b","a<b","transitivity",NA,1,TRUE,1,TRUE,TRUE,4,5,0.209446547614644,TRUE,TRUE,TRUE
1024,0.7,110,"x6","x12","none","a<b","R2",1,1,FALSE,0,TRUE,TRUE,NA,NA,0.156345363368719,FALSE,TRUE,FALSE
1024,0.7,110,"x6","x13","a<b","a<b","transitivity",NA,1,TRUE,2,TRUE,TRUE,4,7,0.179979494440932,TRUE,TRUE,TRUE
1024,0.7,110,"x6","x14","a<b","a<b","transitivity",NA,2,FALSE,2,TRUE,TRUE,2,12,0.0120752427520795,TRUE,TRUE,TRUE
1024,0.7,110,"x6","x15","none","a<b","transitivity",NA,1,FALSE,0,TRUE,TRUE,NA,NA,0.0869475813613006,FALSE,TRUE,FALSE
1024,0.7,110,"x6","x7","none","a<b","R1",1,1,FALSE,0,TRUE,TRUE,NA,NA,0.122541597554454,FALSE,TRUE,FALSE
1024,0.7,110,"x6","x8","none","none","R3",NA,1,FALSE,0,TRUE,TRUE,NA,NA,0.0373774981593892,FALSE,FALSE,TRUE
1024,0.7,110,"x6","x9","none","a<b","transitivity",NA,1,FALSE,0,TRUE,TRUE,NA,NA,0.080230393080604,FALSE,TRUE,FALSE
1024,0.7,110,"x7","x10","a<b","b<a","R1",1,1,TRUE,2,FALSE,TRUE,3,5,0.281339005097835,TRUE,TRUE,FALSE
1024,0.7,110,"x7","x11","a<b","a<b","R1",2,1,TRUE,2,FALSE,TRUE,4,5,0.175154605331763,TRUE,TRUE,TRUE
1024,0.7,110,"x7","x12","none","none","R3",NA,1,FALSE,0,FALSE,TRUE,NA,NA,0.0941997811793199,FALSE,FALSE,TRUE
1024,0.7,110,"x7","x13","a<b","a<b","transitivity",NA,1,FALSE,2,TRUE,TRUE,4,7,0.052029020944758,TRUE,TRUE,TRUE
1024,0.7,110,"x7","x14","a<b","a<b","transitivity",NA,2,FALSE,2,TRUE,TRUE,2,12,0.0787159812296066,TRUE,TRUE,TRUE
1024,0.7,110,"x7","x15","none","a<b","R1",1,1,FALSE,0,TRUE,TRUE,NA,NA,0.219420092287461,FALSE,TRUE,FALSE
1024,0.7,110,"x7","x8","a<b","a<b","R2",1,1,TRUE,1,TRUE,TRUE,4,7,0.193158344586008,TRUE,TRUE,TRUE
1024,0.7,110,"x7","x9","a<b","a<b","R1",1,1,FALSE,1,TRUE,TRUE,3,2,0.139911326965303,TRUE,TRUE,TRUE
1024,0.7,110,"x8","x10","a<b","NA","unresolved",NA,NA,TRUE,1,TRUE,TRUE,3,5,0.302753417882712,TRUE,FALSE,FALSE
1024,0.7,110,"x8","x11","a<b","a<b","transitivity",NA,1,FALSE,1,TRUE,TRUE,4,5,0.0539220708623037,TRUE,TRUE,TRUE
1024,0.7,110,"x8","x12","none","none","R3",NA,1,FALSE,0,TRUE,TRUE,NA,NA,0.0181290368230757,FALSE,FALSE,TRUE
1024,0.7,110,"x8","x13","a<b","a<b","transitivity",NA,1,FALSE,1,TRUE,TRUE,4,7,0.101416670295828,TRUE,TRUE,TRUE
1024,0.7,110,"x8","x14","a<b","none","R3",NA,1,FALSE,1,TRUE,TRUE,2,12,0.000547126149312081,TRUE,FALSE,FALSE
1024,0.7,110,"x8","x15","none","none","R3",NA,1,FALSE,0,TRUE,TRUE,NA,NA,0.0569317166881598,FALSE,FALSE,TRUE
1024,0.7,110,"x8","x9","a<b","a<b","R1",1,1,TRUE,1,TRUE,TRUE,3,2,0.218586998937965,TRUE,TRUE,TRUE
1024,0.7,110,"x9","x10","none","b<a","transitivity",NA,1,FALSE,0,TRUE,TRUE,NA,NA,0.135648118283632,FALSE,TRUE,FALSE
1024,0.7,110,"x9","x11","a<b","a<b","R1",2,1,TRUE,1,TRUE,TRUE,4,5,0.3270563006828,TRUE,TRUE,TRUE
1024,0.7,110,"x9","x12","none","none","R3",NA,1,FALSE,0,FALSE,TRUE,NA,NA,0.0158428613116255,FALSE,FALSE,TRUE
1024,0.7,110,"x9","x13","a<b","a<b","transitivity",NA,1,FALSE,1,TRUE,TRUE,4,7,0.0386818586157555,TRUE,TRUE,TRUE
1024,0.7,110,"x9","x14","a<b","b<a","R1",1,1,FALSE,1,TRUE,TRUE,2,12,0.0957846700681009,TRUE,TRUE,FALSE
1024,0.7,110,"x9","x15","none","a<b","R2",1,1,FALSE,0,TRUE,TRUE,NA,NA,0.113508523452356,FALSE,TRUE,FALSE
4096,0.7,101,"x1","x10","a<b","a<b","transitivity",NA,1,FALSE,12,FALSE,FALSE,4,9,0.0540883129374433,TRUE,TRUE,TRUE
4096,0.7,101,"x1","x11","a<b","a<b","R1",6,1,TRUE,13,FALSE,FALSE,3,4,0.334021601870289,TRUE,TRUE,TRUE
4096,0.7,101,"x1","x12","a<b","a<b","R1",1,1,FALSE,22,TRUE,FALSE,3,6,0.0526343376607972,TRUE,TRUE,TRUE
4096,0.7,101,"x1","x13","a<b","a<b","R1",2,1,FALSE,27,TRUE,FALSE,3,6,0.113857458536842,TRUE,TRUE,TRUE
4096,0.7,101,"x1","x14","a<b","b<a","R2",2,1,FALSE,10,FALSE,FALSE,2,3,0.0852441805716034,TRUE,TRUE,FALSE
4096,0.7,101,"x1","x15","a<b","a<b","R2",1,1,TRUE,12,TRUE,FALSE,5,10,0.105639389001792,TRUE,TRUE,TRUE
4096,0.7,101,"x1","x2","a<b","a<b","R1",3,1,TRUE,1,TRUE,FALSE,1,4,0.254929754973242,TRUE,TRUE,TRUE
4096,0.7,101,"x1","x3","a<b","a<b","R1",2,1,TRUE,1,TRUE,FALSE,1,8,0.190805400966659,TRUE,TRUE,TRUE
4096,0.7,101,"x1","x4","a<b","a<b","R1",2,1,TRUE,2,TRUE,FALSE,2,5,0.177559152797229,TRUE,TRUE,TRUE
4096,0.7,101,"x1","x5","a<b","a<b","R1",5,1,TRUE,1,TRUE,FALSE,1,6,0.280399752595866,TRUE,TRUE,TRUE
4096,0.7,101,"x1","x6","a<b","a<b","transitivity",NA,1,FALSE,1,FALSE,FALSE,1,5,0.0600719624581072,TRUE,TRUE,TRUE
4096,0.7,101,"x1","x7","a<b","a<b","R1",1,1,FALSE,2,FALSE,FALSE,1,2,0.0816485835684498,TRUE,TRUE,TRUE
4096,0.7,101,"x1","x8","a<b","a<b","R1",1,1,TRUE,4,FALSE,FALSE,3,2,0.155712825893781,TRUE,TRUE,TRUE
4096,0.7,101,"x1","x9","a<b","a<b","R1",2,1,TRUE,8,TRUE,FALSE,4,10,0.18715914631171,TRUE,TRUE,TRUE
4096,0.7,101,"x10","x11","none","b<a","R1",1,1,FALSE,0,TRUE,TRUE,NA,NA,0.0696009896267815,FALSE,TRUE,FALSE
4096,0.7,101,"x10","x12","none","a<b","R1",1,1,FALSE,0,TRUE,TRUE,NA,NA,0.0769529998678069,FALSE,TRUE,FALSE
4096,0.7,101,"x10","x13","a<b","a<b","transitivity",NA,1,TRUE,1,FALSE,TRUE,3,6,0.155269254769497,TRUE,TRUE,TRUE
4096,0.7,101,"x10","x14","none","NA","unresolved",NA,NA,FALSE,0,TRUE,TRUE,NA,NA,0.160627611165942,FALSE,FALSE,FALSE
4096,0.7,101,"x10","x15","none","none","R3",NA,1,FALSE,0,TRUE,TRUE,NA,NA,0.0142868953235814,FALSE,FALSE,TRUE
4096,0.7,101,"x11","x12","a<b","a<b","R1",2,1,TRUE,1,TRUE,TRUE,3,6,0.148895144440164,TRUE,TRUE,TRUE
4096,0.7,101,"x11","x13","a<b","a<b","R1",1,1,TRUE,1,FALSE,TRUE,3,6,0.21558320278091,TRUE,TRUE,TRUE
4096,0.7,101,"x11","x14","none","b<a","R2",1,1,FALSE,0,TRUE,TRUE,NA,NA,0.0544669302997173,FALSE,TRUE,FALSE
4096,0.7,101,"x11","x15","none","none","R3",NA,1,FALSE,0,TRUE,TRUE,NA,NA,0.016839745720705,FALSE,FALSE,TRUE
4096,0.7,101,"x12","x13","none","a<b","R1",1,1,FALSE,0,TRUE,TRUE,NA,NA,0.0678335219220331,FALSE,TRUE,FALSE
4096,0.7,101,"x12","x14","none","b<a","transitivity",NA,1,FALSE,0,TRUE,TRUE,NA,NA,0.0964436257062768,FALSE,TRUE,FALSE
4096,0.7,101,"x12","x15","none","b<a","R1",1,1,FALSE,0,TRUE,TRUE,NA,NA,0.0636647797162768,FALSE,TRUE,FALSE
4096,0.7,101,"x13","x14","none","b<a","transitivity",NA,1,FALSE,0,FALSE,TRUE,NA,NA,0.00729734442721129,FALSE,TRUE,FALSE
4096,0.7,101,"x13","x15","none","b<a","transitivity",NA,1,FALSE,0,TRUE,TRUE,NA,NA,0.0346170487341389,FALSE,TRUE,FALSE
4096,0.7,101,"x14","x15","none","none","R3",NA,1,FALSE,0,TRUE,TRUE,NA,NA,0.0216571717881106,FALSE,FALSE,TRUE
4096,0.7,101,"x2","x10","a<b","b<a","R1",2,1,TRUE,1,FALSE,TRUE,4,9,0.205378083992025,TRUE,TRUE,FALSE
4096,0.7,101,"x2","x11","none","b<a","transitivity",NA,1,FALSE,0,TRUE,TRUE,NA,NA,0.122352767895811,FALSE,TRUE,FALSE
4096,0.7,101,"x2","x12","none","a<b","transitivity",NA,1,FALSE,0,TRUE,TRUE,NA,NA,0.00420896822939193,FALSE,TRUE,FALSE
4096,0.7,101,"x2","x13","a<b","a<b","R1",2,1,FALSE,1,FALSE,TRUE,3,6,0.0885035467459807,TRUE,TRUE,TRUE
4096,0.7,101,"x2","x14","none","none","R3",NA,1,FALSE,0,FALSE,TRUE,NA,NA,0.0233029097286085,FALSE,FALSE,TRUE
4096,0.7,101,"x2","x15","none","none","R3",NA,2,FALSE,0,TRUE,TRUE,NA,NA,0.050617740840015,FALSE,FALSE,TRUE
4096,0.7,101,"x2","x3","none","a<b","R1",1,1,FALSE,0,TRUE,TRUE,NA,NA,0.0760214202952227,FALSE,TRUE,FALSE
4096,0.7,101,"x2","x4","none","a<b","transitivity",NA,1,FALSE,0,TRUE,TRUE,NA,NA,0.0686747289154674,FALSE,TRUE,FALSE
4096,0.7,101,"x2","x5","none","a<b","R2",1,1,FALSE,0,TRUE,TRUE,NA,NA,0.0918307079618933,FALSE,TRUE,FALSE
4096,0.7,101,"x2","x6","none","a<b","transitivity",NA,1,FALSE,0,FALSE,TRUE,NA,NA,0.00657635281162685,FALSE,TRUE,FALSE
4096,0.7,101,"x2","x7","none","b<a","transitivity",NA,1,FALSE,0,FALSE,TRUE,NA,NA,0.0159776073417624,FALSE,TRUE,FALSE
4096,0.7,101,"x2","x8","none","a<b","R1",1,1,FALSE,0,TRUE,TRUE,NA,NA,0.104958939737601,FALSE,TRUE,FALSE
4096,0.7,101,"x2","x9","none","a<b","transitivity",NA,1,FALSE,0,TRUE,TRUE,NA,NA,0.0168649069823583,FALSE,TRUE,FALSE
4096,0.7,101,"x3","x10","a<b","b<a","transitivity",NA,1,TRUE,6,FALSE,TRUE,4,9,0.27639503878205,TRUE,TRUE,FALSE
4096,0.7,101,"x3","x11","a<b","b<a","R1",1,1,FALSE,6,TRUE,TRUE,3,4,0.076726209664776,TRUE,TRUE,FALSE
4096,0.7,101,"x3","x12","a<b","a<b","R1",1,1,FALSE,10,FALSE,TRUE,3,6,0.0665067400264067,TRUE,TRUE,TRUE
4096,0.7,101,"x3","x13","a<b","a<b","transitivity",NA,1,FALSE,13,FALSE,TRUE,3,6,0.0112200640257663,TRUE,TRUE,TRUE
4096,0.7,101,"x3","x14","a<b","b<a","R1",1,1,FALSE,5,FALSE,TRUE,2,3,0.102272794503698,TRUE,TRUE,FALSE
4096,0.7,101,"x3","x15","a<b","b<a","R1",1,1,TRUE,6,TRUE,TRUE,5,10,0.072593931192142,TRUE,TRUE,FALSE
4096,0.7,101,"x3","x4","a<b","a<b","R1",3,1,TRUE,1,TRUE,TRUE,2,5,0.170312599415085,TRUE,TRUE,TRUE
4096,0.7,101,"x3","x5","none","b<a","R1",1,1,FALSE,0,TRUE,TRUE,NA,NA,0.0729819290516997,FALSE,TRUE,FALSE
4096,0.7,101,"x3","x6","a<b","a<b","R1",2,1,TRUE,1,FALSE,FALSE,1,5,0.290904599813078,TRUE,TRUE,TRUE
4096,0.7,101,"x3","x7","a<b","b<a","R1",1,1,FALSE,1,FALSE,TRUE,1,2,0.0511977739033516,TRUE,TRUE,FALSE
4096,0.7,101,"x3","x8","a<b","a<b","R1",4,1,TRUE,2,TRUE,TRUE,3,2,0.226176403855386,TRUE,TRUE,TRUE
4096,0.7,101,"x3","x9","a<b","a<b","R1",2,1,TRUE,4,TRUE,TRUE,4,10,0.285617392572386,TRUE,TRUE,TRUE
4096,0.7,101,"x4","x10","a<b","b<a","R1",3,1,FALSE,3,TRUE,TRUE,4,9,0.129808840932777,TRUE,TRUE,FALSE
4096,0.7,101,"x4","x11","a<b","b<a","transitivity",NA,1,FALSE,3,TRUE,TRUE,3,4,0.011048900514345,TRUE,TRUE,FALSE
4096,0.7,101,"x4","x12","a<b","none","R3",NA,1,FALSE,5,TRUE,TRUE,3,6,0.0091675515864671,TRUE,FALSE,FALSE
4096,0.7,101,"x4","x13","a<b","a<b","R2",4,1,TRUE,7,TRUE,TRUE,3,6,0.148384448621951,TRUE,TRUE,TRUE
4096,0.7,101,"x4","x14","a<b","b<a","transitivity",NA,1,FALSE,3,FALSE,TRUE,2,3,0.12530292386869,TRUE,TRUE,FALSE
4096,0.7,101,"x4","x15","a<b","b<a","transitivity",NA,1,FALSE,2,TRUE,TRUE,5,10,0.0505190403659943,TRUE,TRUE,FALSE
4096,0.7,101,"x4","x5","none","b<a","transitivity",NA,1,FALSE,0,TRUE,TRUE,NA,NA,0.056599171577894,FALSE,TRUE,FALSE
4096,0.7,101,"x4","x6","none","b<a","transitivity",NA,1,FALSE,0,TRUE,TRUE,NA,NA,0.0214835411793453,FALSE,TRUE,FALSE
4096,0.7,101,"x4","x7","a<b","b<a","transitivity",NA,1,TRUE,1,FALSE,FALSE,1,2,0.420039104367109,TRUE,TRUE,FALSE
4096,0.7,101,"x4","x8","a<b","b<a","R1",1,1,FALSE,1,TRUE,TRUE,3,2,0.118891704229135,TRUE,TRUE,FALSE
4096,0.7,101,"x4","x9","a<b","none","R3",NA,1,FALSE,2,TRUE,TRUE,4,10,0.0175004113204893,TRUE,FALSE,FALSE
4096,0.7,101,"x5","x10","none","none","R3",NA,1,FALSE,0,TRUE,TRUE,NA,NA,0.0116939483582915,FALSE,FALSE,TRUE
4096,0.7,101,"x5","x11","none","b<a","R1",1,1,FALSE,0,TRUE,TRUE,NA,NA,0.126164275489984,FALSE,TRUE,FALSE
4096,0.7,101,"x5","x12","a<b","a<b","R1",3,1,TRUE,1,FALSE,TRUE,3,6,0.195286342154918,TRUE,TRUE,TRUE
4096,0.7,101,"x5","x13","none","a<b","transitivity",NA,1,FALSE,0,TRUE,TRUE,NA,NA,0.0217616806882288,FALSE,TRUE,FALSE
4096,0.7,101,"x5","x14","none","none","R3",NA,1,FALSE,0,FALSE,TRUE,NA,NA,0.0205274425086045,FALSE,FALSE,TRUE
4096,0.7,101,"x5","x15","a<b","b<a","R1",2,1,TRUE,1,TRUE,TRUE,5,10,0.100477276839115,TRUE,TRUE,FALSE
4096,0.7,101,"x5","x6","none","a<b","transitivity",NA,1,FALSE,0,TRUE,TRUE,NA,NA,0.0380320396244776,FALSE,TRUE,FALSE
4096,0.7,101,"x5","x7","none","none","R3",NA,1,FALSE,0,FALSE,TRUE,NA,NA,0.00190801610514449,FALSE,FALSE,TRUE
4096,0.7,101,"x5","x8","none","a<b","transitivity",NA,1,FALSE,0,TRUE,TRUE,NA,NA,0.0979598928768903,FALSE,TRUE,FALSE
4096,0.7,101,"x5","x9","none","a<b","transitivity",NA,1,FALSE,0,TRUE,TRUE,NA,NA,0.0575100581726661,FALSE,TRUE,FALSE
4096,0.7,101,"x6","x10","none","b<a","transitivity",NA,1,FALSE,0,TRUE,TRUE,NA,NA,0.0893295794621503,FALSE,TRUE,FALSE
4096,0.7,101,"x6","x11","none","b<a","transitivity",NA,1,FALSE,0,TRUE,TRUE,NA,NA,0.00497762474157183,FALSE,TRUE,FALSE
4096,0.7,101,"x6","x12","none","a<b","transitivity",NA,1,FALSE,0,TRUE,TRUE,NA,NA,0.03250374555095,FALSE,TRUE,FALSE
4096,0.7,101,"x6","x13","none","a<b","transitivity",NA,1,FALSE,0,TRUE,TRUE,NA,NA,0.00746240288092785,FALSE,TRUE,FALSE
4096,0.7,101,"x6","x14","none","b<a","transitivity",NA,1,FALSE,0,TRUE,TRUE,NA,NA,0.0279894420841643,FALSE,TRUE,FALSE
4096,0.7,101,"x6","x15","a<b","b<a","R1",1,1,TRUE,1,TRUE,TRUE,5,10,0.106368766133941,TRUE,TRUE,FALSE
4096,0.7,101,"x6","x7","none","b<a","transitivity",NA,1,FALSE,0,TRUE,TRUE,NA,NA,0.0150857975146952,FALSE,TRUE,FALSE
4096,0.7,101,"x6","x8","none","a<b","R1",1,1,FALSE,0,TRUE,TRUE,NA,NA,0.0608493398120816,FALSE,TRUE,FALSE
4096,0.7,101,"x6","x9","none","a<b","R1",1,1,FALSE,0,TRUE,TRUE,NA,NA,0.0893588163412742,FALSE,TRUE,FALSE
4096,0.7,101,"x7","x10","a<b","a<b","R1",1,1,TRUE,3,TRUE,TRUE,4,9,0.227867621598602,TRUE,TRUE,TRUE
4096,0.7,101,"x7","x11","a<b","a<b","R2",1,2,FALSE,3,TRUE,TRUE,3,4,0.0851683140362616,TRUE,TRUE,TRUE
4096,0.7,101,"x7","x12","a<b","a<b","transitivity",NA,1,FALSE,5,FALSE,TRUE,3,6,0.0128183758612513,TRUE,TRUE,TRUE
4096,0.7,101,"x7","x13","a<b","a<b","transitivity",NA,1,FALSE,6,TRUE,TRUE,3,6,0.039694291801138,TRUE,TRUE,TRUE
4096,0.7,101,"x7","x14","a<b","NA","unresolved",NA,NA,TRUE,3,FALSE,TRUE,2,3,0.219030134063001,TRUE,FALSE,FALSE
4096,0.7,101,"x7","x15","a<b","a<b","R2",1,1,FALSE,2,FALSE,TRUE,5,10,0.0696828805891733,TRUE,TRUE,TRUE
4096,0.7,101,"x7","x8","a<b","a<b","R1",2,1,TRUE,1,FALSE,TRUE,3,2,0.311770883281506,TRUE,TRUE,TRUE
4096,0.7,101,"x7","x9","a<b","a<b","R1",2,1,TRUE,2,FALSE,TRUE,4,10,0.117293304054984,TRUE,TRUE,TRUE
4096,0.7,101,"x8","x10","a<b","b<a","transitivity",NA,1,FALSE,1,TRUE,TRUE,4,9,0.190197402523695,TRUE,TRUE,FALSE
4096,0.7,101,"x8","x11","a<b","b<a","R1",2,1,TRUE,2,TRUE,TRUE,3,4,0.285065578045283,TRUE,TRUE,FALSE
4096,0.7,101,"x8","x12","a<b","a<b","R1",1,1,FALSE,3,TRUE,TRUE,3,6,0.11104410958839,TRUE,TRUE,TRUE
4096,0.7,101,"x8","x13","a<b","a<b","transitivity",NA,1,FALSE,3,FALSE,TRUE,3,6,0.0876798711813154,TRUE,TRUE,TRUE
4096,0.7,101,"x8","x14","a<b","b<a","R1",2,1,FALSE,1,TRUE,TRUE,2,3,0.159686303067247,TRUE,TRUE,FALSE
4096,0.7,101,"x8","x15","a<b","b<a","transitivity",NA,1,FALSE,1,TRUE,TRUE,5,10,0.00615766185890444,TRUE,TRUE,FALSE
4096,0.7,101,"x8","x9","a<b","a<b","R1",2,1,TRUE,1,TRUE,TRUE,4,10,0.166398895346105,TRUE,TRUE,TRUE
4096,0.7,101,"x9","x10","a<b","b<a","R1",3,1,TRUE,1,TRUE,TRUE,4,9,0.267558933524917,TRUE,TRUE,FALSE
4096,0.7,101,"x9","x11","a<b","b<a","transitivity",NA,1,TRUE,1,TRUE,TRUE,3,4,0.258737451766893,TRUE,TRUE,FALSE
4096,0.7,101,"x9","x12","a<b","b<a","R1",4,1,TRUE,2,TRUE,TRUE,3,6,0.19625199738343,TRUE,TRUE,FALSE
4096,0.7,101,"x9","x13","a<b","none","R3",NA,1,FALSE,2,TRUE,TRUE,3,6,0.00466391380702398,TRUE,FALSE,FALSE
4096,0.7,101,"x9","x14","a<b","b<a","transitivity",NA,1,TRUE,1,TRUE,TRUE,2,3,0.245496532982845,TRUE,TRUE,FALSE
4096,0.7,101,"x9","x15","a<b","b<a","transitivity",NA,1,TRUE,1,TRUE,TRUE,5,10,0.112635103570522,TRUE,TRUE,FALSE
4096,0.7,102,"x1","x10","a<b","a<b","R1",1,1,FALSE,2,FALSE,FALSE,1,4,0.0612417794291387,TRUE,TRUE,TRUE
4096,0.7,102,"x1","x11","a<b","a<b","R1",2,1,TRUE,6,TRUE,FALSE,5,2,0.26295068137476,TRUE,TRUE,TRUE
4096,0.7,102,"x1","x12","a<b","a<b","transitivity",NA,1,FALSE,2,FALSE,FALSE,1,2,0.139610073860774,TRUE,TRUE,TRUE
4096,0.7,102,"x1","x13","a<b","a<b","R1",1,1,FALSE,14,FALSE,FALSE,5,3,0.0630694190595372,TRUE,TRUE,TRUE
4096,0.7,102,"x1","x14","a<b","a<b","transitivity",NA,1,FALSE,14,FALSE,FALSE,2,7,0.0347134252586359,TRUE,TRUE,TRUE
4096,0.7,102,"x1","x15","a<b","a<b","transitivity",NA,1,FALSE,30,TRUE,FALSE,5,9,0.0462125415752046,TRUE,TRUE,TRUE
4096,0.7,102,"x1","x2","none","a<b","transitivity",NA,1,FALSE,0,FALSE,FALSE,NA,NA,0.000166734380018503,FALSE,TRUE,FALSE
4096,0.7,102,"x1","x3","none","a<b","transitivity",NA,1,FALSE,0,FALSE,FALSE,NA,NA,0.00758499716489379,FALSE,TRUE,FALSE
4096,0.7,102,"x1","x4","a<b","a<b","R1",2,1,TRUE,1,FALSE,FALSE,3,8,0.18720368618543,TRUE,TRUE,TRUE
4096,0.7,102,"x1","x5","a<b","a<b","transitivity",NA,1,FALSE,1,FALSE,FALSE,1,4,0.0703969500153539,TRUE,TRUE,TRUE
4096,0.7,102,"x1","x6","a<b","a<b","transitivity",NA,1,TRUE,1,TRUE,FALSE,1,8,0.233974546538161,TRUE,TRUE,TRUE
4096,0.7,102,"x1","x7","a<b","a<b","R1",3,1,TRUE,1,FALSE,FALSE,1,5,0.290186403001864,TRUE,TRUE,TRUE
4096,0.7,102,"x1","x8","a<b","a<b","R1",2,1,TRUE,2,FALSE,FALSE,2,2,0.250464689945841,TRUE,TRUE,TRUE
4096,0.7,102,"x1","x9","a<b","a<b","transitivity",NA,1,FALSE,5,FALSE,FALSE,4,6,0.0728514423300116,TRUE,TRUE,TRUE
4096,0.7,102,"x10","x11","a<b","a<b","R1",2,1,TRUE,1,TRUE,TRUE,5,2,0.189139478121617,TRUE,TRUE,TRUE
4096,0.7,102,"x10","x12","none","a<b","R1",1,1,FALSE,0,TRUE,TRUE,NA,NA,0.130698052396088,FALSE,TRUE,FALSE
4096,0.7,102,"x10","x13","a<b","a<b","transitivity",NA,1,FALSE,1,TRUE,TRUE,5,3,0.0389170614799648,TRUE,TRUE,TRUE
4096,0.7,102,"x10","x14","a<b","none","R3",NA,1,FALSE,1,TRUE,TRUE,2,7,0.00190635960317234,TRUE,FALSE,FALSE
4096,0.7,102,"x10","x15","a<b","none","R3",NA,1,FALSE,2,FALSE,TRUE,5,9,0.0148331191807417,TRUE,FALSE,FALSE
4096,0.7,102,"x11","x12","none","a<b","R2",1,1,FALSE,0,TRUE,TRUE,NA,NA,0.0329373976459439,FALSE,TRUE,FALSE
4096,0.7,102,"x11","x13","a<b","a<b","R1",5,1,TRUE,1,TRUE,TRUE,5,3,0.370786719330988,TRUE,TRUE,TRUE
4096,0.7,102,"x11","x14","a<b","b<a","R1",1,1,FALSE,1,FALSE,TRUE,2,7,0.148866494458505,TRUE,TRUE,FALSE
4096,0.7,102,"x11","x15","a<b","b<a","R1",4,2,FALSE,2,FALSE,TRUE,5,9,0.031216679024342,TRUE,TRUE,FALSE
4096,0.7,102,"x12","x13","none","a<b","R1",1,1,FALSE,0,TRUE,TRUE,NA,NA,0.170753297462805,FALSE,TRUE,FALSE
4096,0.7,102,"x12","x14","none","b<a","R1",1,1,FALSE,0,FALSE,TRUE,NA,NA,0.0308109679391052,FALSE,TRUE,FALSE
4096,0.7,102,"x12","x15","none","none","R3",NA,1,FALSE,0,FALSE,TRUE,NA,NA,0.0115483260475158,FALSE,FALSE,TRUE
4096,0.7,102,"x13","x14","a<b","b<a","R1",1,1,TRUE,1,TRUE,TRUE,2,7,0.236731983969353,TRUE,TRUE,FALSE
4096,0.7,102,"x13","x15","a<b","b<a","transitivity",NA,2,TRUE,2,TRUE,TRUE,5,9,0.138769839828834,TRUE,TRUE,FALSE
4096,0.7,102,"x14","x15","a<b","a<b","R1",3,1,TRUE,1,TRUE,TRUE,5,9,0.185669057964856,TRUE,TRUE,TRUE
4096,0.7,102,"x2","x10","a<b","b<a","R2",1,1,FALSE,1,FALSE,FALSE,1,4,0.0357517765451084,TRUE,TRUE,FALSE
4096,0.7,102,"x2","x11","a<b","a<b","R1",3,1,TRUE,3,FALSE,FALSE,5,2,0.227138696405887,TRUE,TRUE,TRUE
4096,0.7,102,"x2","x12","a<b","a<b","transitivity",NA,1,FALSE,1,FALSE,FALSE,1,2,0.00306585580049103,TRUE,TRUE,TRUE
4096,0.7,102,"x2","x13","a<b","a<b","transitivity",NA,1,FALSE,8,FALSE,FALSE,5,3,0.119242181084381,TRUE,TRUE,TRUE
4096,0.7,102,"x2","x14","a<b","a<b","transitivity",NA,1,FALSE,8,FALSE,FALSE,2,7,0.0479156315148184,TRUE,TRUE,TRUE
4096,0.7,102,"x2","x15","a<b","a<b","transitivity",NA,1,FALSE,17,FALSE,FALSE,5,9,0.00622163057683649,TRUE,TRUE,TRUE
4096,0.7,102,"x2","x3","none","none","R3",NA,1,FALSE,0,FALSE,FALSE,NA,NA,0.000972785028276895,FALSE,FALSE,TRUE
4096,0.7,102,"x2","x4","a<b","a<b","R1",3,1,TRUE,1,FALSE,FALSE,3,8,0.134722529518248,TRUE,TRUE,TRUE
4096,0.7,102,"x2","x5","a<b","b<a","R1",1,1,FALSE,1,FALSE,FALSE,1,4,0.0510823847108646,TRUE,TRUE,FALSE
4096,0.7,102,"x2","x6","none","b<a","transitivity",NA,1,FALSE,0,FALSE,FALSE,NA,NA,0.00200238840312756,FALSE,TRUE,FALSE
4096,0.7,102,"x2","x7","none","b<a","transitivity",NA,1,FALSE,0,FALSE,FALSE,NA,NA,0.0124157039685139,FALSE,TRUE,FALSE
4096,0.7,102,"x2","x8","a<b","none","R3",NA,1,FALSE,1,FALSE,FALSE,2,2,0.0344088964044193,TRUE,FALSE,FALSE
4096,0.7,102,"x2","x9","a<b","b<a","transitivity",NA,1,FALSE,3,TRUE,FALSE,4,6,0.0233679609033402,TRUE,TRUE,FALSE
4096,0.7,102,"x3","x10","a<b","none","R3",NA,1,FALSE,1,FALSE,FALSE,1,4,0.00303179000655272,TRUE,FALSE,FALSE
4096,0.7,102,"x3","x11","a<b","a<b","transitivity",NA,1,FALSE,2,FALSE,FALSE,5,2,0.00485058301030859,TRUE,TRUE,TRUE
4096,0.7,102,"x3","x12","a<b","a<b","transitivity",NA,1,FALSE,1,FALSE,FALSE,1,2,0.0179574284251424,TRUE,TRUE,TRUE
4096,0.7,102,"x3","x13","a<b","a<b","R1",1,1,TRUE,8,TRUE,FALSE,5,3,0.215692633134694,TRUE,TRUE,TRUE
4096,0.7,102,"x3","x14","a<b","a<b","R1",1,1,TRUE,9,FALSE,FALSE,2,7,0.176573516216546,TRUE,TRUE,TRUE
4096,0.7,102,"x3","x15","a<b","a<b","R1",4,1,TRUE,19,TRUE,FALSE,5,9,0.260955141766749,TRUE,TRUE,TRUE
4096,0.7,102,"x3","x4","a<b","a<b","R1",2,1,TRUE,1,FALSE,FALSE,3,8,0.191319005903584,TRUE,TRUE,TRUE
4096,0.7,102,"x3","x5","a<b","NA","unresolved",NA,NA,FALSE,1,FALSE,FALSE,1,4,0.0549017753569941,TRUE,FALSE,FALSE
4096,0.7,102,"x3","x6","none","b<a","transitivity",NA,1,FALSE,0,TRUE,FALSE,NA,NA,0.0151529965541895,FALSE,TRUE,FALSE
4096,0.7,102,"x3","x7","none","b<a","transitivity",NA,1,FALSE,0,TRUE,FALSE,NA,NA,0.00874643613814681,FALSE,TRUE,FALSE
4096,0.7,102,"x3","x8","a<b","none","R3",NA,1,FALSE,1,TRUE,FALSE,2,2,0.0164456148245811,TRUE,FALSE,FALSE
4096,0.7,102,"x3","x9","a<b","b<a","R1",1,1,FALSE,3,FALSE,FALSE,4,6,0.031924772968151,TRUE,TRUE,FALSE
4096,0.7,102,"x4","x10","a<b","none","R3",NA,1,FALSE,1,FALSE,TRUE,1,4,0.00163586791055366,TRUE,FALSE,FALSE
4096,0.7,102,"x4","x11","a<b","a<b","transitivity",NA,1,FALSE,2,TRUE,TRUE,5,2,0.135132019818764,TRUE,TRUE,TRUE
4096,0.7,102,"x4","x12","a<b","a<b","transitivity",NA,1,FALSE,1,TRUE,TRUE,1,2,0.0138866298736334,TRUE,TRUE,TRUE
4096,0.7,102,"x4","x13","a<b","a<b","R1",5,1,TRUE,7,TRUE,TRUE,5,3,0.19286954648377,TRUE,TRUE,TRUE
4096,0.7,102,"x4","x14","a<b","a<b","R1",1,1,FALSE,7,TRUE,TRUE,2,7,0.138607886789112,TRUE,TRUE,TRUE
4096,0.7,102,"x4","x15","a<b","a<b","transitivity",NA,1,FALSE,15,TRUE,TRUE,5,9,0.0512709017115949,TRUE,TRUE,TRUE
4096,0.7,102,"x4","x5","a<b","b<a","transitivity",NA,1,TRUE,1,TRUE,FALSE,1,4,0.319392412826061,TRUE,TRUE,FALSE
4096,0.7,102,"x4","x6","none","b<a","transitivity",NA,1,FALSE,0,TRUE,TRUE,NA,NA,0.0547476185778256,FALSE,TRUE,FALSE
4096,0.7,102,"x4","x7","none","b<a","transitivity",NA,1,FALSE,0,TRUE,TRUE,NA,NA,0.0710278552549601,FALSE,TRUE,FALSE
4096,0.7,102,"x4","x8","a<b","none","R3",NA,1,FALSE,1,TRUE,TRUE,2,2,0.00469154237593457,TRUE,FALSE,FALSE
4096,0.7,102,"x4","x9","a<b","b<a","transitivity",NA,1,TRUE,3,FALSE,TRUE,4,6,0.140741866468021,TRUE,TRUE,FALSE
4096,0.7,102,"x5","x10","a<b","a<b","transitivity",NA,1,FALSE,1,FALSE,TRUE,1,4,0.0357540792443192,TRUE,TRUE,TRUE
4096,0.7,102,"x5","x11","a<b","a<b","R1",1,1,FALSE,2,FALSE,TRUE,5,2,0.115148492905785,TRUE,TRUE,TRUE
4096,0.7,102,"x5","x12","a<b","a<b","R1",2,1,FALSE,1,FALSE,TRUE,1,2,0.137573153161909,TRUE,TRUE,TRUE
4096,0.7,102,"x5","x13","a<b","a<b","R1",4,1,FALSE,5,TRUE,TRUE,5,3,0.156758647211836,TRUE,TRUE,TRUE
4096,0.7,102,"x5","x14","a<b","a<b","transitivity",NA,1,FALSE,5,TRUE,TRUE,2,7,0.093920214375521,TRUE,TRUE,TRUE
4096,0.7,102,"x5","x15","a<b","a<b","R1",2,1,TRUE,11,TRUE,TRUE,5,9,0.168237164967265,TRUE,TRUE,TRUE
4096,0.7,102,"x5","x6","none","b<a","transitivity",NA,1,FALSE,0,FALSE,TRUE,NA,NA,0.0349021928993571,FALSE,TRUE,FALSE
4096,0.7,102,"x5","x7","none","b<a","transitivity",NA,1,FALSE,0,TRUE,TRUE,NA,NA,0.0516015751294962,FALSE,TRUE,FALSE
4096,0.7,102,"x5","x8","a<b","a<b","R1",3,1,TRUE,1,FALSE,TRUE,2,2,0.224855737319946,TRUE,TRUE,TRUE
4096,0.7,102,"x5","x9","a<b","b<a","R1",1,1,TRUE,2,TRUE,TRUE,4,6,0.0408142669032372,TRUE,TRUE,FALSE
4096,0.7,102,"x6","x10","none","a<b","transitivity",NA,1,FALSE,0,TRUE,TRUE,NA,NA,0.0264483321251219,FALSE,TRUE,FALSE
4096,0.7,102,"x6","x11","none","a<b","R1",1,1,FALSE,0,TRUE,TRUE,NA,NA,0.0903395848332532,FALSE,TRUE,FALSE
4096,0.7,102,"x6","x12","none","a<b","transitivity",NA,1,FALSE,0,FALSE,TRUE,NA,NA,0.0268304599788608,FALSE,TRUE,FALSE
4096,0.7,102,"x6","x13","a<b","a<b","transitivity",NA,1,FALSE,1,TRUE,TRUE,5,3,0.0788446847867008,TRUE,TRUE,TRUE
4096,0.7,102,"x6","x14","a<b","a<b","transitivity",NA,1,FALSE,1,TRUE,TRUE,2,7,0.0444728635199373,TRUE,TRUE,TRUE
4096,0.7,102,"x6","x15","a<b","a<b","R1",1,1,TRUE,3,TRUE,TRUE,5,9,0.165774515132524,TRUE,TRUE,TRUE
4096,0.7,102,"x6","x7","none","b<a","R1",2,1,FALSE,0,TRUE,TRUE,NA,NA,0.0717659044234663,FALSE,TRUE,FALSE
4096,0.7,102,"x6","x8","none","a<b","transitivity",NA,1,FALSE,0,TRUE,TRUE,NA,NA,0.04688601756098,FALSE,TRUE,FALSE
4096,0.7,102,"x6","x9","a<b","a<b","R1",4,1,TRUE,1,FALSE,TRUE,4,6,0.206392174520818,TRUE,TRUE,TRUE
4096,0.7,102,"x7","x10","none","a<b","transitivity",NA,1,FALSE,0,TRUE,TRUE,NA,NA,0.0311736358214158,FALSE,TRUE,FALSE
4096,0.7,102,"x7","x11","a<b","a<b","R1",4,1,TRUE,1,TRUE,TRUE,5,2,0.316433707990877,TRUE,TRUE,TRUE
4096,0.7,102,"x7","x12","none","a<b","transitivity",NA,1,FALSE,0,FALSE,TRUE,NA,NA,0.0530767708694135,FALSE,TRUE,FALSE
4096,0.7,102,"x7","x13","a<b","a<b","R1",1,1,FALSE,1,FALSE,TRUE,5,3,0.0913213593648362,TRUE,TRUE,TRUE
4096,0.7,102,"x7","x14","a<b","a<b","transitivity",NA,1,FALSE,1,TRUE,TRUE,2,7,0.0541559528083398,TRUE,TRUE,TRUE
4096,0.7,102,"x7","x15","a<b","a<b","transitivity",NA,1,FALSE,2,FALSE,TRUE,5,9,0.00891056099747884,TRUE,TRUE,TRUE
4096,0.7,102,"x7","x8","none","a<b","R1",1,1,FALSE,0,TRUE,TRUE,NA,NA,0.0827306546581023,FALSE,TRUE,FALSE
4096,0.7,102,"x7","x9","none","a<b","transitivity",NA,1,FALSE,0,TRUE,TRUE,NA,NA,0.0201371627337777,FALSE,TRUE,FALSE
4096,0.7,102,"x8","x10","a<b","a<b","R1",4,1,TRUE,1,FALSE,FALSE,1,4,0.227596147781222,TRUE,TRUE,TRUE
4096,0.7,102,"x8","x11","a<b","a<b","R1",1,1,TRUE,2,TRUE,TRUE,5,2,0.079069807881459,TRUE,TRUE,TRUE
4096,0.7,102,"x8","x12","a<b","a<b","R1",5,1,TRUE,1,FALSE,FALSE,1,2,0.549349691764627,TRUE,TRUE,TRUE
4096,0.7,102,"x8","x13","a<b","a<b","R1",4,1,TRUE,4,FALSE,TRUE,5,3,0.304479939185444,TRUE,TRUE,TRUE
4096,0.7,102,"x8","x14","a<b","a<b","R2",1,1,FALSE,4,FALSE,TRUE,2,7,0.0601722166207715,TRUE,TRUE,TRUE
4096,0.7,102,"x8","x15","a<b","none","R3",NA,1,FALSE,8,TRUE,TRUE,5,9,0.00372332421130113,TRUE,FALSE,FALSE
4096,0.7,102,"x8","x9","a<b","b<a","transitivity",NA,1,TRUE,1,TRUE,TRUE,4,6,0.145396106419094,TRUE,TRUE,FALSE
4096,0.7,102,"x9","x10","none","a<b","transitivity",NA,1,FALSE,0,TRUE,TRUE,NA,NA,0.051901055766349,FALSE,TRUE,FALSE
4096,0.7,102,"x9","x11","none","a<b","transitivity",NA,1,FALSE,0,TRUE,TRUE,NA,NA,0.00803425736129577,FALSE,TRUE,FALSE
4096,0.7,102,"x9","x12","none","a<b","transitivity",NA,1,FALSE,0,TRUE,TRUE,NA,NA,0.0962734663854176,FALSE,TRUE,FALSE
4096,0.7,102,"x9","x13","a<b","a<b","transitivity",NA,1,TRUE,1,TRUE,TRUE,5,3,0.205791517554575,TRUE,TRUE,TRUE
4096,0.7,102,"x9","x14","a<b","a<b","transitivity",NA,1,FALSE,1,FALSE,TRUE,2,7,0.0208533091375257,TRUE,TRUE,TRUE
4096,0.7,102,"x9","x15","a<b","a<b","transitivity",NA,1,FALSE,2,TRUE,TRUE,5,9,0.0444727220730444,TRUE,TRUE,TRUE
4096,0.7,103,"x1","x10","a<b","b<a","R2",1,1,FALSE,2,FALSE,FALSE,2,1,0.0912646358276137,TRUE,TRUE,FALSE
4096,0.7,103,"x1","x11","a<b","a<b","transitivity",NA,1,FALSE,2,FALSE,FALSE,1,5,0.0198102662374213,TRUE,TRUE,TRUE
4096,0.7,103,"x1","x12","a<b","none","R3",NA,1,FALSE,3,FALSE,FALSE,4,3,0.004042990023261,TRUE,FALSE,FALSE
4096,0.7,103,"x1","x13","a<b","a<b","transitivity",NA,1,TRUE,8,TRUE,FALSE,6,5,0.23515320770126,TRUE,TRUE,TRUE
4096,0.7,103,"x1","x14","a<b","a<b","R1",2,1,TRUE,3,FALSE,FALSE,3,2,0.169102807167796,TRUE,TRUE,TRUE
4096,0.7,103,"x1","x15","a<b","NA","unresolved",NA,NA,FALSE,11,TRUE,FALSE,3,6,0.0653653516762075,TRUE,FALSE,FALSE
4096,0.7,103,"x1","x2","none","none","R3",NA,1,FALSE,0,FALSE,FALSE,NA,NA,0.0053762020900931,FALSE,FALSE,TRUE
4096,0.7,103,"x1","x3","none","none","R3",NA,1,FALSE,0,FALSE,FALSE,NA,NA,0.00317047952791492,FALSE,FALSE,TRUE
4096,0.7,103,"x1","x4","a<b","a<b","R1",3,1,TRUE,1,FALSE,FALSE,1,3,0.231114389737652,TRUE,TRUE,TRUE
4096,0.7,103,"x1","x5","a<b","a<b","R1",3,1,TRUE,2,FALSE,FALSE,2,4,0.346536737959829,TRUE,TRUE,TRUE
4096,0.7,103,"x1","x6","none","none","R3",NA,1,FALSE,0,FALSE,FALSE,NA,NA,0.0119537180831722,FALSE,FALSE,TRUE
4096,0.7,103,"x1","x7","a<b","a<b","R1",3,1,TRUE,1,FALSE,FALSE,1,6,0.230792818187643,TRUE,TRUE,TRUE
4096,0.7,103,"x1","x8","a<b","a<b","transitivity",NA,1,FALSE,1,TRUE,FALSE,1,5,0.0482902759683278,TRUE,TRUE,TRUE
4096,0.7,103,"x1","x9","a<b","a<b","transitivity",NA,1,FALSE,2,TRUE,FALSE,2,5,0.1055660467942,TRUE,TRUE,TRUE
4096,0.7,103,"x10","x11","none","none","R3",NA,1,FALSE,0,FALSE,TRUE,NA,NA,0.0231364579880711,FALSE,FALSE,TRUE
4096,0.7,103,"x10","x12","a<b","a<b","R2",3,1,TRUE,1,TRUE,TRUE,4,3,0.185773214224205,TRUE,TRUE,TRUE
4096,0.7,103,"x10","x13","a<b","a<b","R1",3,1,TRUE,2,TRUE,TRUE,6,5,0.290327109812568,TRUE,TRUE,TRUE
4096,0.7,103,"x10","x14","none","none","R3",NA,1,FALSE,0,FALSE,TRUE,NA,NA,0.0311560903587193,FALSE,FALSE,TRUE
4096,0.7,103,"x10","x15","a<b","a<b","R1",1,1,TRUE,3,TRUE,TRUE,3,6,0.168932104838102,TRUE,TRUE,TRUE
4096,0.7,103,"x11","x12","none","b<a","R2",1,1,FALSE,0,FALSE,TRUE,NA,NA,0.0435618101592072,FALSE,TRUE,FALSE
4096,0.7,103,"x11","x13","none","a<b","R1",1,1,FALSE,0,FALSE,TRUE,NA,NA,0.0278836213447782,FALSE,TRUE,FALSE
4096,0.7,103,"x11","x14","none","b<a","R1",1,1,FALSE,0,FALSE,TRUE,NA,NA,0.0493024516850776,FALSE,TRUE,FALSE
4096,0.7,103,"x11","x15","none","none","R3",NA,1,FALSE,0,FALSE,TRUE,NA,NA,0.00136145690386633,FALSE,FALSE,TRUE
4096,0.7,103,"x12","x13","a<b","a<b","R1",3,1,TRUE,1,TRUE,TRUE,6,5,0.166310278481433,TRUE,TRUE,TRUE
4096,0.7,103,"x12","x14","none","a<b","R2",1,1,FALSE,0,TRUE,TRUE,NA,NA,0.205362875220742,FALSE,TRUE,FALSE
4096,0.7,103,"x12","x15","a<b","a<b","R1",2,1,FALSE,1,TRUE,TRUE,3,6,0.145299468421553,TRUE,TRUE,TRUE
4096,0.7,103,"x13","x14","none","b<a","transitivity",NA,1,FALSE,0,TRUE,TRUE,NA,NA,0.0304299260262677,FALSE,TRUE,FALSE
4096,0.7,103,"x13","x15","a<b","b<a","R2",3,1,TRUE,1,TRUE,TRUE,3,6,0.265533250721035,TRUE,TRUE,FALSE
4096,0.7,103,"x14","x15","none","none","R3",NA,1,FALSE,0,FALSE,TRUE,NA,NA,0.0277691794750198,FALSE,FALSE,TRUE
4096,0.7,103,"x2","x10","none","none","R3",NA,1,FALSE,0,FALSE,FALSE,NA,NA,0.0169566347449853,FALSE,FALSE,TRUE
4096,0.7,103,"x2","x11","none","a<b","transitivity",NA,1,FALSE,0,FALSE,FALSE,NA,NA,0.0118341197229468,FALSE,TRUE,FALSE
4096,0.7,103,"x2","x12","a<b","a<b","R2",6,1,TRUE,1,FALSE,FALSE,4,3,0.255691213980648,TRUE,TRUE,TRUE
4096,0.7,103,"x2","x13","a<b","a<b","R1",1,1,TRUE,2,FALSE,FALSE,6,5,0.156966780972835,TRUE,TRUE,TRUE
4096,0.7,103,"x2","x14","a<b","a<b","R1",3,1,TRUE,1,FALSE,FALSE,3,2,0.351977214043767,TRUE,TRUE,TRUE
4096,0.7,103,"x2","x15","a<b","a<b","R1",1,1,FALSE,2,FALSE,FALSE,3,6,0.0447414323224591,TRUE,TRUE,TRUE
4096,0.7,103,"x2","x3","none","none","R3",NA,1,FALSE,0,FALSE,FALSE,NA,NA,0.0146169508188657,FALSE,FALSE,TRUE
4096,0.7,103,"x2","x4","none","none","R3",NA,1,FALSE,0,FALSE,FALSE,NA,NA,0.0230848697434623,FALSE,FALSE,TRUE
4096,0.7,103,"x2","x5","none","none","R3",NA,1,FALSE,0,FALSE,FALSE,NA,NA,0.0180229369936225,FALSE,FALSE,TRUE
4096,0.7,103,"x2","x6","none","none","R3",NA,1,FALSE,0,FALSE,FALSE,NA,NA,0.0209915539362963,FALSE,FALSE,TRUE
4096,0.7,103,"x2","x7","none","none","R3",NA,1,FALSE,0,FALSE,FALSE,NA,NA,0.019564924123412,FALSE,FALSE,TRUE
4096,0.7,103,"x2","x8","none","a<b","transitivity",NA,1,FALSE,0,FALSE,FALSE,NA,NA,0.0342273406512411,FALSE,TRUE,FALSE
4096,0.7,103,"x2","x9","none","a<b","transitivity",NA,1,FALSE,0,FALSE,FALSE,NA,NA,0.0214437693025397,FALSE,TRUE,FALSE
4096,0.7,103,"x3","x10","none","none","R3",NA,1,FALSE,0,FALSE,FALSE,NA,NA,0.0129954985832092,FALSE,FALSE,TRUE
4096,0.7,103,"x3","x11","none","none","R3",NA,1,FALSE,0,FALSE,FALSE,NA,NA,0.00589208517840396,FALSE,FALSE,TRUE
4096,0.7,103,"x3","x12","none","none","R3",NA,1,FALSE,0,FALSE,FALSE,NA,NA,0.00815960169451358,FALSE,FALSE,TRUE
4096,0.7,103,"x3","x13","none","none","R3",NA,1,FALSE,0,TRUE,FALSE,NA,NA,0.00334864124375669,FALSE,FALSE,TRUE
4096,0.7,103,"x3","x14","none","none","R3",NA,1,FALSE,0,TRUE,FALSE,NA,NA,0.019527640519251,FALSE,FALSE,TRUE
4096,0.7,103,"x3","x15","none","none","R3",NA,1,FALSE,0,FALSE,FALSE,NA,NA,0.0322345782759841,FALSE,FALSE,TRUE
4096,0.7,103,"x3","x4","none","none","R3",NA,1,FALSE,0,TRUE,FALSE,NA,NA,0.00964459743565545,FALSE,FALSE,TRUE
4096,0.7,103,"x3","x5","none","none","R3",NA,1,FALSE,0,TRUE,FALSE,NA,NA,0.00051366758511269,FALSE,FALSE,TRUE
4096,0.7,103,"x3","x6","none","none","R3",NA,1,FALSE,0,TRUE,FALSE,NA,NA,0.0146925552956333,FALSE,FALSE,TRUE
4096,0.7,103,"x3","x7","none","none","R3",NA,1,FALSE,0,FALSE,FALSE,NA,NA,6.3004736014497e-05,FALSE,FALSE,TRUE
4096,0.7,103,"x3","x8","none","none","R3",NA,1,FALSE,0,FALSE,FALSE,NA,NA,0.0075631543971814,FALSE,FALSE,TRUE
4096,0.7,103,"x3","x9","none","none","R3",NA,1,FALSE,0,TRUE,FALSE,NA,NA,0.00365588425502151,FALSE,FALSE,TRUE
4096,0.7,103,"x4","x10","a<b","NA","unresolved",NA,NA,TRUE,1,FALSE,TRUE,2,1,0.346177200504277,TRUE,FALSE,FALSE
4096,0.7,103,"x4","x11","a<b","a<b","transitivity",NA,1,FALSE,1,FALSE,TRUE,1,5,0.0116257431697964,TRUE,TRUE,TRUE
4096,0.7,103,"x4","x12","a<b","NA","unresolved",NA,NA,FALSE,1,TRUE,TRUE,4,3,0.0799259287958705,TRUE,FALSE,FALSE
4096,0.7,103,"x4","x13","a<b","a<b","transitivity",NA,1,TRUE,3,TRUE,TRUE,6,5,0.00254359733759713,TRUE,TRUE,TRUE
4096,0.7,103,"x4","x14","a<b","a<b","transitivity",NA,1,FALSE,1,TRUE,TRUE,3,2,0.00442900625987155,TRUE,TRUE,TRUE
4096,0.7,103,"x4","x15","a<b","b<a","R2",1,1,FALSE,4,FALSE,TRUE,3,6,0.0677109251731372,TRUE,TRUE,FALSE
4096,0.7,103,"x4","x5","a<b","a<b","R1",3,1,TRUE,1,TRUE,TRUE,2,4,0.34422597582882,TRUE,TRUE,TRUE
4096,0.7,103,"x4","x6","none","none","R3",NA,1,FALSE,0,FALSE,FALSE,NA,NA,0.013961722150624,FALSE,FALSE,TRUE
4096,0.7,103,"x4","x7","none","none","R3",NA,2,FALSE,0,TRUE,TRUE,NA,NA,0.0624129905878288,FALSE,FALSE,TRUE
4096,0.7,103,"x4","x8","none","a<b","transitivity",NA,1,FALSE,0,FALSE,TRUE,NA,NA,0.00797685867109105,FALSE,TRUE,FALSE
4096,0.7,103,"x4","x9","a<b","a<b","transitivity",NA,1,FALSE,1,FALSE,TRUE,2,5,0.0942356751410912,TRUE,TRUE,TRUE
4096,0.7,103,"x5","x10","none","b<a","R2",1,1,FALSE,0,TRUE,TRUE,NA,NA,0.14576656212567,FALSE,TRUE,FALSE
4096,0.7,103,"x5","x11","a<b","a<b","R1",3,1,FALSE,1,FALSE,FALSE,1,5,0.112486407688477,TRUE,TRUE,TRUE
4096,0.7,103,"x5","x12","none","none","R3",NA,1,FALSE,0,FALSE,TRUE,NA,NA,0.0521035681876666,FALSE,FALSE,TRUE
4096,0.7,103,"x5","x13","none","a<b","transitivity",NA,1,FALSE,0,TRUE,TRUE,NA,NA,0.0812182815124097,FALSE,TRUE,FALSE
4096,0.7,103,"x5","x14","a<b","a<b","R1",2,1,TRUE,1,TRUE,TRUE,3,2,0.205353474383967,TRUE,TRUE,TRUE
4096,0.7,103,"x5","x15","none","none","R3",NA,1,FALSE,0,FALSE,TRUE,NA,NA,0.0126018470900393,FALSE,FALSE,TRUE
4096,0.7,103,"x5","x6","none","none","R3",NA,1,FALSE,0,FALSE,FALSE,NA,NA,0.00850399534463488,FALSE,FALSE,TRUE
4096,0.7,103,"x5","x7","none","b<a","R2",2,1,FALSE,0,TRUE,TRUE,NA,NA,0.102417391606971,FALSE,TRUE,FALSE
4096,0.7,103,"x5","x8","none","a<b","transitivity",NA,1,FALSE,0,FALSE,TRUE,NA,NA,0.0185812562458709,FALSE,TRUE,FALSE
4096,0.7,103,"x5","x9","a<b","a<b","R1",3,1,TRUE,1,TRUE,FALSE,2,5,0.315268591574169,TRUE,TRUE,TRUE
4096,0.7,103,"x6","x10","none","none","R3",NA,1,FALSE,0,FALSE,FALSE,NA,NA,0.0271716467769022,FALSE,FALSE,TRUE
4096,0.7,103,"x6","x11","a<b","a<b","R1",2,1,FALSE,1,FALSE,FALSE,1,5,0.0843551033404841,TRUE,TRUE,TRUE
4096,0.7,103,"x6","x12","a<b","a<b","R1",2,1,TRUE,1,FALSE,FALSE,4,3,0.20509769568069,TRUE,TRUE,TRUE
4096,0.7,103,"x6","x13","a<b","a<b","R1",1,1,FALSE,1,FALSE,FALSE,6,5,0.0593095620447441,TRUE,TRUE,TRUE
4096,0.7,103,"x6","x14","none","none","R3",NA,1,FALSE,0,FALSE,FALSE,NA,NA,0.0315390172791744,FALSE,FALSE,TRUE
4096,0.7,103,"x6","x15","a<b","a<b","transitivity",NA,1,FALSE,1,FALSE,FALSE,3,6,0.0312229638009269,TRUE,TRUE,TRUE
4096,0.7,103,"x6","x7","none","a<b","transitivity",NA,1,FALSE,0,FALSE,FALSE,NA,NA,0.0101242980949016,FALSE,TRUE,FALSE
4096,0.7,103,"x6","x8","none","a<b","transitivity",NA,1,FALSE,0,FALSE,FALSE,NA,NA,0.00988327099295285,FALSE,TRUE,FALSE
4096,0.7,103,"x6","x9","a<b","a<b","R1",3,1,TRUE,1,FALSE,FALSE,2,5,0.275468121891455,TRUE,TRUE,TRUE
4096,0.7,103,"x7","x10","a<b","b<a","R2",1,2,FALSE,1,FALSE,TRUE,2,1,0.0877955469557862,TRUE,TRUE,FALSE
4096,0.7,103,"x7","x11","none","none","R3",NA,1,FALSE,0,TRUE,TRUE,NA,NA,0.00245563597255565,FALSE,FALSE,TRUE
4096,0.7,103,"x7","x12","a<b","b<a","R1",1,1,FALSE,2,TRUE,TRUE,4,3,0.0282144489869591,TRUE,TRUE,FALSE
4096,0.7,103,"x7","x13","a<b","a<b","R1",5,1,TRUE,4,TRUE,TRUE,6,5,0.296542771914505,TRUE,TRUE,TRUE
4096,0.7,103,"x7","x14","none","a<b","R2",1,1,FALSE,0,TRUE,TRUE,NA,NA,0.0752769636648345,FALSE,TRUE,FALSE
4096,0.7,103,"x7","x15","a<b","none","R3",NA,1,FALSE,6,TRUE,TRUE,3,6,0.0394534207233585,TRUE,FALSE,FALSE
4096,0.7,103,"x7","x8","a<b","a<b","R1",6,1,TRUE,1,FALSE,FALSE,1,5,0.288511260606491,TRUE,TRUE,TRUE
4096,0.7,103,"x7","x9","none","none","R3",NA,2,FALSE,0,FALSE,TRUE,NA,NA,0.029596056829044,FALSE,FALSE,TRUE
4096,0.7,103,"x8","x10","a<b","b<a","transitivity",NA,1,TRUE,1,FALSE,TRUE,2,1,0.348267837842363,TRUE,TRUE,FALSE
4096,0.7,103,"x8","x11","none","b<a","transitivity",NA,1,FALSE,0,TRUE,TRUE,NA,NA,0.00161349557464111,FALSE,TRUE,FALSE
4096,0.7,103,"x8","x12","a<b","b<a","transitivity",NA,1,TRUE,2,FALSE,TRUE,4,3,0.173293208821522,TRUE,TRUE,FALSE
4096,0.7,103,"x8","x13","a<b","b<a","R1",2,1,FALSE,3,TRUE,TRUE,6,5,0.165250881338481,TRUE,TRUE,FALSE
4096,0.7,103,"x8","x14","none","b<a","transitivity",NA,1,FALSE,0,FALSE,TRUE,NA,NA,0.00882167888092776,FALSE,TRUE,FALSE
4096,0.7,103,"x8","x15","a<b","b<a","R1",1,1,TRUE,5,FALSE,TRUE,3,6,0.0673148663630031,TRUE,TRUE,FALSE
4096,0.7,103,"x8","x9","none","b<a","transitivity",NA,1,FALSE,0,FALSE,TRUE,NA,NA,0.0186887560222473,FALSE,TRUE,FALSE
4096,0.7,103,"x9","x10","none","b<a","R2",1,2,FALSE,0,FALSE,TRUE,NA,NA,0.0915864811885204,FALSE,TRUE,FALSE
4096,0.7,103,"x9","x11","a<b","a<b","R1",5,1,TRUE,1,TRUE,FALSE,1,5,0.271219139414241,TRUE,TRUE,TRUE
4096,0.7,103,"x9","x12","none","b<a","R2",2,1,FALSE,0,TRUE,TRUE,NA,NA,0.0901190997902568,FALSE,TRUE,FALSE
4096,0.7,103,"x9","x13","none","a<b","R1",2,1,FALSE,0,FALSE,TRUE,NA,NA,0.0719056785248116,FALSE,TRUE,FALSE
4096,0.7,103,"x9","x14","none","b<a","R1",2,1,FALSE,0,TRUE,TRUE,NA,NA,0.0806448220348738,FALSE,TRUE,FALSE
4096,0.7,103,"x9","x15","none","none","R3",NA,1,FALSE,0,TRUE,TRUE,NA,NA,0.0275878260176441,FALSE,FALSE,TRUE
4096,0.7,104,"x1","x10","a<b","a<b","R1",2,1,TRUE,1,TRUE,FALSE,4,5,0.250301506789871,TRUE,TRUE,TRUE
4096,0.7,104,"x1","x11","none","none","R3",NA,1,FALSE,0,FALSE,FALSE,NA,NA,0.0246060446509787,FALSE,FALSE,TRUE
4096,0.7,104,"x1","x12","a<b","a<b","R1",2,1,TRUE,1,FALSE,FALSE,2,5,0.237323010984416,TRUE,TRUE,TRUE
4096,0.7,104,"x1","x13","a<b","b<a","R1",1,2,TRUE,1,TRUE,FALSE,4,7,0.187126827804634,TRUE,TRUE,FALSE
4096,0.7,104,"x1","x14","a<b","b<a","transitivity",NA,2,FALSE,2,FALSE,FALSE,6,5,0.0136218747279443,TRUE,TRUE,FALSE
4096,0.7,104,"x1","x15","a<b","none","R3",NA,1,FALSE,3,TRUE,FALSE,6,6,0.0262822196132842,TRUE,FALSE,FALSE
4096,0.7,104,"x1","x2","none","none","R3",NA,1,FALSE,0,FALSE,FALSE,NA,NA,0.000282826621093751,FALSE,FALSE,TRUE
4096,0.7,104,"x1","x3","none","none","R3",NA,1,FALSE,0,FALSE,FALSE,NA,NA,0.0162302026986327,FALSE,FALSE,TRUE
4096,0.7,104,"x1","x4","none","b<a","transitivity",NA,2,FALSE,0,FALSE,FALSE,NA,NA,0.00418392241710954,FALSE,TRUE,FALSE
4096,0.7,104,"x1","x5","none","none","R3",NA,1,FALSE,0,TRUE,FALSE,NA,NA,0.0135208695243113,FALSE,FALSE,TRUE
4096,0.7,104,"x1","x6","none","none","R3",NA,1,FALSE,0,TRUE,FALSE,NA,NA,0.00236789509531751,FALSE,FALSE,TRUE
4096,0.7,104,"x1","x7","none","none","R3",NA,1,FALSE,0,FALSE,FALSE,NA,NA,0.00564836519864263,FALSE,FALSE,TRUE
4096,0.7,104,"x1","x8","none","none","R3",NA,1,FALSE,0,FALSE,FALSE,NA,NA,0.00126135587800116,FALSE,FALSE,TRUE
4096,0.7,104,"x1","x9","none","none","R3",NA,1,FALSE,0,TRUE,FALSE,NA,NA,0.00376353237630107,FALSE,FALSE,TRUE
4096,0.7,104,"x10","x11","none","none","R3",NA,1,FALSE,0,FALSE,TRUE,NA,NA,0.0310137758571938,FALSE,FALSE,TRUE
4096,0.7,104,"x10","x12","none","a<b","R2",1,1,FALSE,0,TRUE,TRUE,NA,NA,0.132453964797773,FALSE,TRUE,FALSE
4096,0.7,104,"x10","x13","none","b<a","transitivity",NA,1,FALSE,0,TRUE,TRUE,NA,NA,0.0127181298488093,FALSE,TRUE,FALSE
4096,0.7,104,"x10","x14","a<b","b<a","transitivity",NA,1,TRUE,1,TRUE,TRUE,6,5,0.216980125863756,TRUE,TRUE,FALSE
4096,0.7,104,"x10","x15","a<b","b<a","transitivity",NA,1,FALSE,1,TRUE,TRUE,6,6,0.00493795136121101,TRUE,TRUE,FALSE
4096,0.7,104,"x11","x12","none","none","R3",NA,1,FALSE,0,FALSE,TRUE,NA,NA,0.0372705443791668,FALSE,FALSE,TRUE
4096,0.7,104,"x11","x13","none","b<a","transitivity",NA,1,FALSE,0,FALSE,TRUE,NA,NA,0.0374967118233696,FALSE,TRUE,FALSE
4096,0.7,104,"x11","x14","none","b<a","transitivity",NA,1,FALSE,0,TRUE,TRUE,NA,NA,0.115667294325288,FALSE,TRUE,FALSE
4096,0.7,104,"x11","x15","none","b<a","transitivity",NA,1,FALSE,0,FALSE,TRUE,NA,NA,0.0624841147370576,FALSE,TRUE,FALSE
4096,0.7,104,"x12","x13","none","b<a","transitivity",NA,1,FALSE,0,TRUE,TRUE,NA,NA,0.0800650222498363,FALSE,TRUE,FALSE
4096,0.7,104,"x12","x14","a<b","b<a","transitivity",NA,1,TRUE,1,FALSE,TRUE,6,5,0.176759307816841,TRUE,TRUE,FALSE
4096,0.7,104,"x12","x15","a<b","b<a","transitivity",NA,1,FALSE,1,TRUE,TRUE,6,6,0.0571331056160249,TRUE,TRUE,FALSE
4096,0.7,104,"x13","x14","none","b<a","R1",1,1,FALSE,0,TRUE,TRUE,NA,NA,0.102010061880547,FALSE,TRUE,FALSE
4096,0.7,104,"x13","x15","a<b","a<b","R1",1,1,TRUE,1,TRUE,TRUE,6,6,0.0777738568113565,TRUE,TRUE,TRUE
4096,0.7,104,"x14","x15","a<b","a<b","R1",1,1,TRUE,1,TRUE,TRUE,6,6,0.219034692391517,TRUE,TRUE,TRUE
4096,0.7,104,"x2","x10","a<b","a<b","R1",1,1,TRUE,1,TRUE,FALSE,4,5,0.224761932828809,TRUE,TRUE,TRUE
4096,0.7,104,"x2","x11","a<b","a<b","transitivity",NA,1,FALSE,1,FALSE,FALSE,1,4,0.159283439175039,TRUE,TRUE,TRUE
4096,0.7,104,"x2","x12","a<b","a<b","R1",1,1,TRUE,1,TRUE,FALSE,2,5,0.238999866315294,TRUE,TRUE,TRUE
4096,0.7,104,"x2","x13","a<b","b<a","transitivity",NA,1,TRUE,1,FALSE,FALSE,4,7,0.156882825808377,TRUE,TRUE,FALSE
4096,0.7,104,"x2","x14","a<b","b<a","transitivity",NA,1,FALSE,3,FALSE,FALSE,6,5,0.138564438892261,TRUE,TRUE,FALSE
4096,0.7,104,"x2","x15","a<b","b<a","R1",1,1,TRUE,5,FALSE,FALSE,6,6,0.216938237364056,TRUE,TRUE,FALSE
4096,0.7,104,"x2","x3","none","b<a","transitivity",NA,1,FALSE,0,TRUE,FALSE,NA,NA,0.00870667545779522,FALSE,TRUE,FALSE
4096,0.7,104,"x2","x4","none","b<a","transitivity",NA,1,FALSE,0,FALSE,FALSE,NA,NA,0.00211516734589744,FALSE,TRUE,FALSE
4096,0.7,104,"x2","x5","none","b<a","transitivity",NA,1,FALSE,0,FALSE,FALSE,NA,NA,0.00865570935275114,FALSE,TRUE,FALSE
4096,0.7,104,"x2","x6","none","none","R3",NA,1,FALSE,0,TRUE,FALSE,NA,NA,0.0244141217773067,FALSE,FALSE,TRUE
4096,0.7,104,"x2","x7","a<b","a<b","R1",3,1,TRUE,1,FALSE,FALSE,1,2,0.433552459749584,TRUE,TRUE,TRUE
4096,0.7,104,"x2","x8","a<b","a<b","R1",2,1,TRUE,1,FALSE,FALSE,1,2,0.286891613023825,TRUE,TRUE,TRUE
4096,0.7,104,"x2","x9","none","none","R3",NA,1,FALSE,0,FALSE,FALSE,NA,NA,0.00277848757561021,FALSE,FALSE,TRUE
4096,0.7,104,"x3","x10","none","a<b","transitivity",NA,1,FALSE,0,TRUE,FALSE,NA,NA,0.00425047884222892,FALSE,TRUE,FALSE
4096,0.7,104,"x3","x11","none","a<b","transitivity",NA,1,FALSE,0,TRUE,FALSE,NA,NA,0.00125703358144879,FALSE,TRUE,FALSE
4096,0.7,104,"x3","x12","none","a<b","transitivity",NA,1,FALSE,0,FALSE,FALSE,NA,NA,0.0023869530312443,FALSE,TRUE,FALSE
4096,0.7,104,"x3","x13","none","none","R3",NA,1,FALSE,0,TRUE,FALSE,NA,NA,0.0228699221037654,FALSE,FALSE,TRUE
4096,0.7,104,"x3","x14","none","none","R3",NA,1,FALSE,0,FALSE,FALSE,NA,NA,0.0148864616396856,FALSE,FALSE,TRUE
4096,0.7,104,"x3","x15","a<b","a<b","R1",1,1,TRUE,1,TRUE,FALSE,6,6,0.216986557845597,TRUE,TRUE,TRUE
4096,0.7,104,"x3","x4","none","none","R3",NA,1,FALSE,0,FALSE,FALSE,NA,NA,0.00101580654489906,FALSE,FALSE,TRUE
4096,0.7,104,"x3","x5","none","none","R3",NA,1,FALSE,0,FALSE,FALSE,NA,NA,0.0113774582215141,FALSE,FALSE,TRUE
4096,0.7,104,"x3","x6","none","none","R3",NA,1,FALSE,0,FALSE,FALSE,NA,NA,0.0288027915699478,FALSE,FALSE,TRUE
4096,0.7,104,"x3","x7","none","a<b","transitivity",NA,1,FALSE,0,TRUE,FALSE,NA,NA,0.0046942468373255,FALSE,TRUE,FALSE
4096,0.7,104,"x3","x8","none","a<b","transitivity",NA,1,FALSE,0,FALSE,FALSE,NA,NA,0.00379563303731357,FALSE,TRUE,FALSE
4096,0.7,104,"x3","x9","none","none","R3",NA,1,FALSE,0,TRUE,FALSE,NA,NA,0.00593254614934201,FALSE,FALSE,TRUE
4096,0.7,104,"x4","x10","a<b","a<b","R1",3,1,TRUE,1,TRUE,FALSE,4,5,0.247441033794223,TRUE,TRUE,TRUE
4096,0.7,104,"x4","x11","none","a<b","transitivity",NA,1,FALSE,0,FALSE,FALSE,NA,NA,0.0168524522534511,FALSE,TRUE,FALSE
4096,0.7,104,"x4","x12","none","a<b","transitivity",NA,1,FALSE,0,FALSE,FALSE,NA,NA,0.0228753434533749,FALSE,TRUE,FALSE
4096,0.7,104,"x4","x13","a<b","a<b","R1",1,1,TRUE,2,TRUE,FALSE,4,7,0.225230869084324,TRUE,TRUE,TRUE
4096,0.7,104,"x4","x14","a<b","b<a","R2",2,1,FALSE,3,FALSE,FALSE,6,5,0.112046893955597,TRUE,TRUE,FALSE
4096,0.7,104,"x4","x15","a<b","a<b","R1",2,1,TRUE,6,FALSE,FALSE,6,6,0.213865202598421,TRUE,TRUE,TRUE
4096,0.7,104,"x4","x5","a<b","a<b","R1",3,1,TRUE,1,FALSE,FALSE,1,4,0.356990630085585,TRUE,TRUE,TRUE
4096,0.7,104,"x4","x6","none","none","R3",NA,1,FALSE,0,FALSE,FALSE,NA,NA,0.0131247476648767,FALSE,FALSE,TRUE
4096,0.7,104,"x4","x7","none","a<b","transitivity",NA,1,FALSE,0,FALSE,FALSE,NA,NA,0.00237105488979555,FALSE,TRUE,FALSE
4096,0.7,104,"x4","x8","none","a<b","transitivity",NA,1,FALSE,0,FALSE,FALSE,NA,NA,0.00415248657537812,FALSE,TRUE,FALSE
4096,0.7,104,"x4","x9","a<b","a<b","transitivity",NA,1,FALSE,1,FALSE,FALSE,2,4,0.0851438413887954,TRUE,TRUE,TRUE
4096,0.7,104,"x5","x10","none","a<b","transitivity",NA,1,FALSE,0,TRUE,TRUE,NA,NA,0.104081675585239,FALSE,TRUE,FALSE
4096,0.7,104,"x5","x11","none","a<b","transitivity",NA,1,FALSE,0,TRUE,FALSE,NA,NA,0.0115431163872044,FALSE,TRUE,FALSE
4096,0.7,104,"x5","x12","none","a<b","transitivity",NA,1,FALSE,0,FALSE,FALSE,NA,NA,0.0101724413660255,FALSE,TRUE,FALSE
4096,0.7,104,"x5","x13","a<b","b<a","R1",1,1,TRUE,1,TRUE,TRUE,4,7,0.253527794595612,TRUE,TRUE,FALSE
4096,0.7,104,"x5","x14","a<b","b<a","transitivity",NA,1,TRUE,2,FALSE,TRUE,6,5,0.175225125853325,TRUE,TRUE,FALSE
4096,0.7,104,"x5","x15","a<b","a<b","R1",1,1,FALSE,3,TRUE,TRUE,6,6,0.110256392231422,TRUE,TRUE,TRUE
4096,0.7,104,"x5","x6","none","none","R3",NA,1,FALSE,0,FALSE,FALSE,NA,NA,0.00665451384712813,FALSE,FALSE,TRUE
4096,0.7,104,"x5","x7","none","a<b","transitivity",NA,1,FALSE,0,FALSE,FALSE,NA,NA,0.00429526269353687,FALSE,TRUE,FALSE
4096,0.7,104,"x5","x8","none","a<b","transitivity",NA,1,FALSE,0,FALSE,FALSE,NA,NA,0.0172741474937856,FALSE,TRUE,FALSE
4096,0.7,104,"x5","x9","a<b","a<b","R1",3,1,TRUE,1,FALSE,FALSE,2,4,0.234131632178401,TRUE,TRUE,TRUE
4096,0.7,104,"x6","x10","a<b","a<b","R1",3,1,TRUE,1,FALSE,FALSE,4,5,0.239401893476953,TRUE,TRUE,TRUE
4096,0.7,104,"x6","x11","none","none","R3",NA,1,FALSE,0,FALSE,FALSE,NA,NA,0.00560643949158383,FALSE,FALSE,TRUE
4096,0.7,104,"x6","x12","none","none","R3",NA,1,FALSE,0,TRUE,FALSE,NA,NA,0.0199588164296019,FALSE,FALSE,TRUE
4096,0.7,104,"x6","x13","none","none","R3",NA,1,FALSE,0,FALSE,FALSE,NA,NA,0.00329769401152723,FALSE,FALSE,TRUE
4096,0.7,104,"x6","x14","a<b","NA","unresolved",NA,NA,TRUE,3,FALSE,FALSE,6,5,0.266748099938592,TRUE,FALSE,FALSE
4096,0.7,104,"x6","x15","a<b","b<a","R2",1,1,TRUE,4,TRUE,FALSE,6,6,0.158155418935717,TRUE,TRUE,FALSE
4096,0.7,104,"x6","x7","none","none","R3",NA,1,FALSE,0,FALSE,FALSE,NA,NA,0.0101336405037615,FALSE,FALSE,TRUE
4096,0.7,104,"x6","x8","none","b<a","R2",2,1,FALSE,0,FALSE,FALSE,NA,NA,0.0409673464961959,FALSE,TRUE,FALSE
4096,0.7,104,"x6","x9","a<b","a<b","R1",4,1,TRUE,1,FALSE,FALSE,2,4,0.196057055972873,TRUE,TRUE,TRUE
4096,0.7,104,"x7","x10","none","a<b","R2",3,1,FALSE,0,TRUE,TRUE,NA,NA,0.117602096764457,FALSE,TRUE,FALSE
4096,0.7,104,"x7","x11","a<b","a<b","R1",2,1,TRUE,1,FALSE,FALSE,1,4,0.371094796611718,TRUE,TRUE,TRUE
4096,0.7,104,"x7","x12","none","a<b","R1",1,1,FALSE,0,TRUE,TRUE,NA,NA,0.0862752670550077,FALSE,TRUE,FALSE
4096,0.7,104,"x7","x13","none","b<a","transitivity",NA,1,FALSE,0,TRUE,TRUE,NA,NA,0.103290450617538,FALSE,TRUE,FALSE
4096,0.7,104,"x7","x14","a<b","b<a","R1",2,1,TRUE,1,FALSE,TRUE,6,5,0.271635026580183,TRUE,TRUE,FALSE
4096,0.7,104,"x7","x15","a<b","b<a","transitivity",NA,1,FALSE,1,TRUE,TRUE,6,6,0.185244578168733,TRUE,TRUE,FALSE
4096,0.7,104,"x7","x8","none","b<a","R2",2,1,FALSE,0,TRUE,TRUE,NA,NA,0.194317548708381,FALSE,TRUE,FALSE
4096,0.7,104,"x7","x9","none","none","R3",NA,1,FALSE,0,TRUE,FALSE,NA,NA,0.0456312077057517,FALSE,FALSE,TRUE
4096,0.7,104,"x8","x10","none","none","R3",NA,2,FALSE,0,TRUE,TRUE,NA,NA,0.0659606487065591,FALSE,FALSE,TRUE
4096,0.7,104,"x8","x11","none","none","R3",NA,2,FALSE,0,FALSE,TRUE,NA,NA,0.0604858492006635,FALSE,FALSE,TRUE
4096,0.7,104,"x8","x12","none","none","R3",NA,2,FALSE,0,TRUE,TRUE,NA,NA,0.0735723183397735,FALSE,FALSE,TRUE
4096,0.7,104,"x8","x13","none","b<a","R1",1,1,FALSE,0,TRUE,TRUE,NA,NA,0.0778465970519392,FALSE,TRUE,FALSE
4096,0.7,104,"x8","x14","none","b<a","transitivity",NA,1,FALSE,0,FALSE,TRUE,NA,NA,0.0924419692366567,FALSE,TRUE,FALSE
4096,0.7,104,"x8","x15","none","b<a","transitivity",NA,1,FALSE,0,TRUE,TRUE,NA,NA,0.0923607564237675,FALSE,TRUE,FALSE
4096,0.7,104,"x8","x9","none","none","R3",NA,1,FALSE,0,FALSE,FALSE,NA,NA,0.0197888028738371,FALSE,FALSE,TRUE
4096,0.7,104,"x9","x10","none","none","R3",NA,1,FALSE,0,TRUE,TRUE,NA,NA,0.013007036855226,FALSE,FALSE,TRUE
4096,0.7,104,"x9","x11","none","none","R3",NA,1,FALSE,0,FALSE,FALSE,NA,NA,0.0262188354453227,FALSE,FALSE,TRUE
4096,0.7,104,"x9","x12","none","none","R3",NA,1,FALSE,0,FALSE,FALSE,NA,NA,0.013598179526808,FALSE,FALSE,TRUE
4096,0.7,104,"x9","x13","none","b<a","transitivity",NA,1,FALSE,0,TRUE,TRUE,NA,NA,0.0389409895841005,FALSE,TRUE,FALSE
4096,0.7,104,"x9","x14","a<b","b<a","R1",2,1,TRUE,1,TRUE,TRUE,6,5,0.206831978649879,TRUE,TRUE,FALSE
4096,0.7,104,"x9","x15","a<b","none","R3",NA,1,FALSE,1,TRUE,TRUE,6,6,0.0197060123054323,TRUE,FALSE,FALSE
4096,0.7,105,"x1","x10","none","none","R3",NA,1,FALSE,0,FALSE,FALSE,NA,NA,0.00979066922699925,FALSE,FALSE,TRUE
4096,0.7,105,"x1","x11","a<b","a<b","transitivity",NA,1,FALSE,1,FALSE,FALSE,6,4,0.0884191983308806,TRUE,TRUE,TRUE
4096,0.7,105,"x1","x12","a<b","a<b","transitivity",NA,1,FALSE,1,FALSE,FALSE,1,7,0.0540047338798658,TRUE,TRUE,TRUE
4096,0.7,105,"x1","x13","a<b","a<b","R1",1,1,TRUE,2,FALSE,FALSE,4,2,0.253571533536978,TRUE,TRUE,TRUE
4096,0.7,105,"x1","x14","a<b","a<b","R1",1,1,TRUE,3,FALSE,FALSE,5,5,0.179136320330539,TRUE,TRUE,TRUE
4096,0.7,105,"x1","x15","a<b","b<a","R2",1,1,FALSE,3,TRUE,FALSE,5,6,0.0752663874799211,TRUE,TRUE,FALSE
4096,0.7,105,"x1","x2","none","none","R3",NA,1,FALSE,0,FALSE,FALSE,NA,NA,0.02062384046331,FALSE,FALSE,TRUE
4096,0.7,105,"x1","x3","none","none","R3",NA,1,FALSE,0,FALSE,FALSE,NA,NA,0.0109169762169838,FALSE,FALSE,TRUE
4096,0.7,105,"x1","x4","none","none","R3",NA,1,FALSE,0,FALSE,FALSE,NA,NA,0.00250600613521784,FALSE,FALSE,TRUE
4096,0.7,105,"x1","x5","none","none","R3",NA,1,FALSE,0,FALSE,FALSE,NA,NA,0.00931881107605301,FALSE,FALSE,TRUE
4096,0.7,105,"x1","x6","none","none","R3",NA,1,FALSE,0,TRUE,FALSE,NA,NA,0.0262032781686619,FALSE,FALSE,TRUE
4096,0.7,105,"x1","x7","a<b","a<b","R1",2,1,TRUE,1,FALSE,FALSE,3,2,0.266408652128732,TRUE,TRUE,TRUE
4096,0.7,105,"x1","x8","none","a<b","transitivity",NA,1,FALSE,0,FALSE,FALSE,NA,NA,0.00817810004917491,FALSE,TRUE,FALSE
4096,0.7,105,"x1","x9","a<b","b<a","R2",1,1,FALSE,1,FALSE,FALSE,3,3,0.0639048920966857,TRUE,TRUE,FALSE
4096,0.7,105,"x10","x11","a<b","b<a","R2",1,2,TRUE,1,TRUE,TRUE,6,4,0.14726593820044,TRUE,TRUE,FALSE
4096,0.7,105,"x10","x12","none","a<b","transitivity",NA,1,FALSE,0,TRUE,FALSE,NA,NA,0.0161501557030271,FALSE,TRUE,FALSE
4096,0.7,105,"x10","x13","none","a<b","transitivity",NA,1,FALSE,0,TRUE,TRUE,NA,NA,0.147795619209912,FALSE,TRUE,FALSE
4096,0.7,105,"x10","x14","a<b","a<b","R1",2,1,TRUE,1,FALSE,FALSE,5,5,0.225949411755639,TRUE,TRUE,TRUE
4096,0.7,105,"x10","x15","none","b<a","R1",2,1,FALSE,0,TRUE,TRUE,NA,NA,0.135505671026635,FALSE,TRUE,FALSE
4096,0.7,105,"x11","x12","none","none","R3",NA,2,FALSE,0,TRUE,TRUE,NA,NA,0.0534987216506473,FALSE,FALSE,TRUE
4096,0.7,105,"x11","x13","none","NA","unresolved",NA,NA,FALSE,0,TRUE,TRUE,NA,NA,0.0633848158808339,FALSE,FALSE,FALSE
4096,0.7,105,"x11","x14","none","none","R3",NA,1,FALSE,0,TRUE,TRUE,NA,NA,0.0330458339747793,FALSE,FALSE,TRUE
4096,0.7,105,"x11","x15","none","b<a","transitivity",NA,2,FALSE,0,TRUE,TRUE,NA,NA,0.0188014451163047,FALSE,TRUE,FALSE
4096,0.7,105,"x12","x13","a<b","a<b","R1",5,1,TRUE,1,FALSE,TRUE,4,2,0.310845353508738,TRUE,TRUE,TRUE
4096,0.7,105,"x12","x14","a<b","b<a","R1",2,1,TRUE,1,FALSE,TRUE,5,5,0.179130437266358,TRUE,TRUE,FALSE
4096,0.7,105,"x12","x15","a<b","b<a","transitivity",NA,1,FALSE,1,TRUE,TRUE,5,6,0.0529916339880823,TRUE,TRUE,FALSE
4096,0.7,105,"x13","x14","none","b<a","transitivity",NA,1,FALSE,0,TRUE,TRUE,NA,NA,0.000471975169474081,FALSE,TRUE,FALSE
4096,0.7,105,"x13","x15","a<b","b<a","R1",2,1,TRUE,1,TRUE,TRUE,5,6,0.28797711716713,TRUE,TRUE,FALSE
4096,0.7,105,"x14","x15","none","b<a","transitivity",NA,1,FALSE,0,TRUE,TRUE,NA,NA,0.0196979496874573,FALSE,TRUE,FALSE
4096,0.7,105,"x2","x10","none","none","R3",NA,1,FALSE,0,FALSE,FALSE,NA,NA,0.00832331194056796,FALSE,FALSE,TRUE
4096,0.7,105,"x2","x11","a<b","a<b","transitivity",NA,1,TRUE,3,FALSE,FALSE,6,4,0.0611766585477717,TRUE,TRUE,TRUE
4096,0.7,105,"x2","x12","a<b","a<b","transitivity",NA,1,FALSE,1,FALSE,FALSE,1,7,0.0703763811622756,TRUE,TRUE,TRUE
4096,0.7,105,"x2","x13","a<b","a<b","R1",1,1,FALSE,2,FALSE,FALSE,4,2,0.118586295112726,TRUE,TRUE,TRUE
4096,0.7,105,"x2","x14","a<b","none","R3",NA,1,FALSE,3,FALSE,FALSE,5,5,0.00912635160456319,TRUE,FALSE,FALSE
4096,0.7,105,"x2","x15","a<b","NA","unresolved",NA,NA,FALSE,4,FALSE,FALSE,5,6,0.0613291200982627,TRUE,FALSE,FALSE
4096,0.7,105,"x2","x3","none","none","R3",NA,1,FALSE,0,FALSE,FALSE,NA,NA,0.0046861992217283,FALSE,FALSE,TRUE
4096,0.7,105,"x2","x4","none","none","R3",NA,1,FALSE,0,FALSE,FALSE,NA,NA,0.00331231044704638,FALSE,FALSE,TRUE
4096,0.7,105,"x2","x5","none","none","R3",NA,1,FALSE,0,FALSE,FALSE,NA,NA,0.00678416909707518,FALSE,FALSE,TRUE
4096,0.7,105,"x2","x6","none","none","R3",NA,1,FALSE,0,FALSE,FALSE,NA,NA,0.00296584537120349,FALSE,FALSE,TRUE
4096,0.7,105,"x2","x7","a<b","a<b","R1",3,1,TRUE,1,FALSE,FALSE,3,2,0.27251900899325,TRUE,TRUE,TRUE
4096,0.7,105,"x2","x8","a<b","a<b","R1",3,1,TRUE,1,FALSE,FALSE,1,4,0.353659822638402,TRUE,TRUE,TRUE
4096,0.7,105,"x2","x9","a<b","a<b","R1",2,1,FALSE,2,FALSE,FALSE,3,3,0.162637989575488,TRUE,TRUE,TRUE
4096,0.7,105,"x3","x10","a<b","a<b","R1",1,1,TRUE,1,FALSE,FALSE,1,7,0.324535845543926,TRUE,TRUE,TRUE
4096,0.7,105,"x3","x11","a<b","b<a","R2",1,1,TRUE,2,FALSE,FALSE,6,4,0.127539069489586,TRUE,TRUE,FALSE
4096,0.7,105,"x3","x12","none","a<b","transitivity",NA,1,FALSE,0,FALSE,FALSE,NA,NA,0.015925658033849,FALSE,TRUE,FALSE
4096,0.7,105,"x3","x13","a<b","a<b","R1",1,1,TRUE,1,FALSE,FALSE,4,2,0.236322399320127,TRUE,TRUE,TRUE
4096,0.7,105,"x3","x14","a<b","a<b","transitivity",NA,1,FALSE,1,FALSE,FALSE,5,5,0.0817753809410461,TRUE,TRUE,TRUE
4096,0.7,105,"x3","x15","a<b","NA","unresolved",NA,NA,TRUE,2,FALSE,FALSE,5,6,0.217227866352864,TRUE,FALSE,FALSE
4096,0.7,105,"x3","x4","none","none","R3",NA,1,FALSE,0,FALSE,FALSE,NA,NA,0.00169827264167672,FALSE,FALSE,TRUE
4096,0.7,105,"x3","x5","none","none","R3",NA,1,FALSE,0,FALSE,FALSE,NA,NA,0.000704217934627662,FALSE,FALSE,TRUE
4096,0.7,105,"x3","x6","none","none","R3",NA,1,FALSE,0,FALSE,FALSE,NA,NA,0.00380655895728969,FALSE,FALSE,TRUE
4096,0.7,105,"x3","x7","none","none","R3",NA,1,FALSE,0,FALSE,FALSE,NA,NA,0.00358399687026694,FALSE,FALSE,TRUE
4096,0.7,105,"x3","x8","none","none","R3",NA,1,FALSE,0,FALSE,FALSE,NA,NA,0.000742858124735963,FALSE,FALSE,TRUE
4096,0.7,105,"x3","x9","none","none","R3",NA,1,FALSE,0,TRUE,FALSE,NA,NA,0.00831378611957279,FALSE,FALSE,TRUE
4096,0.7,105,"x4","x10","none","none","R3",NA,1,FALSE,0,TRUE,FALSE,NA,NA,0.00587362766922411,FALSE,FALSE,TRUE
4096,0.7,105,"x4","x11","a<b","a<b","transitivity",NA,1,FALSE,1,FALSE,FALSE,6,4,0.0298757371971315,TRUE,TRUE,TRUE
4096,0.7,105,"x4","x12","a<b","a<b","transitivity",NA,1,FALSE,1,TRUE,FALSE,1,7,0.0139245715639356,TRUE,TRUE,TRUE
4096,0.7,105,"x4","x13","a<b","a<b","transitivity",NA,1,FALSE,1,FALSE,FALSE,4,2,0.00615242862473675,TRUE,TRUE,TRUE
4096,0.7,105,"x4","x14","a<b","a<b","transitivity",NA,1,FALSE,4,FALSE,FALSE,5,5,0.0546705862616554,TRUE,TRUE,TRUE
4096,0.7,105,"x4","x15","a<b","b<a","R2",1,1,TRUE,5,FALSE,FALSE,5,6,0.198084880647394,TRUE,TRUE,FALSE
4096,0.7,105,"x4","x5","a<b","a<b","R1",4,1,TRUE,1,TRUE,FALSE,1,5,0.356615017656128,TRUE,TRUE,TRUE
4096,0.7,105,"x4","x6","none","none","R3",NA,1,FALSE,0,FALSE,FALSE,NA,NA,0.00288954266510221,FALSE,FALSE,TRUE
4096,0.7,105,"x4","x7","a<b","b<a","R2",2,1,FALSE,1,TRUE,FALSE,3,2,0.0928343543823188,TRUE,TRUE,FALSE
4096,0.7,105,"x4","x8","none","none","R3",NA,1,FALSE,0,FALSE,FALSE,NA,NA,0.015028836115757,FALSE,FALSE,TRUE
4096,0.7,105,"x4","x9","a<b","NA","unresolved",NA,NA,FALSE,2,FALSE,FALSE,3,3,0.106831595971474,TRUE,FALSE,FALSE
4096,0.7,105,"x5","x10","none","none","R3",NA,1,FALSE,0,TRUE,FALSE,NA,NA,0.00611458254697029,FALSE,FALSE,TRUE
4096,0.7,105,"x5","x11","a<b","a<b","R1",2,1,FALSE,1,FALSE,FALSE,6,4,0.0819395667179663,TRUE,TRUE,TRUE
4096,0.7,105,"x5","x12","a<b","a<b","transitivity",NA,1,FALSE,1,FALSE,FALSE,1,7,0.101521045263858,TRUE,TRUE,TRUE
4096,0.7,105,"x5","x13","a<b","a<b","transitivity",NA,1,FALSE,1,TRUE,FALSE,4,2,0.0532554732197439,TRUE,TRUE,TRUE
4096,0.7,105,"x5","x14","a<b","a<b","R1",2,1,TRUE,4,FALSE,FALSE,5,5,0.150411586597457,TRUE,TRUE,TRUE
4096,0.7,105,"x5","x15","a<b","b<a","R2",1,1,TRUE,4,TRUE,TRUE,5,6,0.160861030927362,TRUE,TRUE,FALSE
4096,0.7,105,"x5","x6","none","none","R3",NA,1,FALSE,0,FALSE,FALSE,NA,NA,0.0235396271328387,FALSE,FALSE,TRUE
4096,0.7,105,"x5","x7","a<b","b<a","R2",1,2,TRUE,1,TRUE,FALSE,3,2,0.291898773313831,TRUE,TRUE,FALSE
4096,0.7,105,"x5","x8","none","none","R3",NA,1,FALSE,0,FALSE,FALSE,NA,NA,0.0130995113025237,FALSE,FALSE,TRUE
4096,0.7,105,"x5","x9","a<b","NA","unresolved",NA,NA,TRUE,2,FALSE,FALSE,3,3,0.329146068928516,TRUE,FALSE,FALSE
4096,0.7,105,"x6","x10","none","none","R3",NA,1,FALSE,0,FALSE,FALSE,NA,NA,0.0112487900083132,FALSE,FALSE,TRUE
4096,0.7,105,"x6","x11","a<b","a<b","R1",2,1,TRUE,1,TRUE,FALSE,6,4,0.210352434174131,TRUE,TRUE,TRUE
4096,0.7,105,"x6","x12","none","none","R3",NA,1,FALSE,0,TRUE,FALSE,NA,NA,0.0102073905100721,FALSE,FALSE,TRUE
4096,0.7,105,"x6","x13","none","none","R3",NA,1,FALSE,0,FALSE,FALSE,NA,NA,0.0119095654238784,FALSE,FALSE,TRUE
4096,0.7,105,"x6","x14","none","none","R3",NA,1,FALSE,0,TRUE,FALSE,NA,NA,0.00415554580359774,FALSE,FALSE,TRUE
4096,0.7,105,"x6","x15","none","none","R3",NA,1,FALSE,0,TRUE,FALSE,NA,NA,0.00209981157232702,FALSE,FALSE,TRUE
4096,0.7,105,"x6","x7","none","none","R3",NA,1,FALSE,0,TRUE,FALSE,NA,NA,0.0208274874873025,FALSE,FALSE,TRUE
4096,0.7,105,"x6","x8","none","none","R3",NA,1,FALSE,0,FALSE,FALSE,NA,NA,0.0063776924082913,FALSE,FALSE,TRUE
4096,0.7,105,"x6","x9","none","none","R3",NA,1,FALSE,0,FALSE,FALSE,NA,NA,0.0193879594094458,FALSE,FALSE,TRUE
4096,0.7,105,"x7","x10","none","none","R3",NA,1,FALSE,0,FALSE,FALSE,NA,NA,0.0406193816032013,FALSE,FALSE,TRUE
4096,0.7,105,"x7","x11","a<b","a<b","R1",1,1,TRUE,1,TRUE,TRUE,6,4,0.183925460429205,TRUE,TRUE,TRUE
4096,0.7,105,"x7","x12","a<b","a<b","R1",2,1,TRUE,1,FALSE,FALSE,1,7,0.292337517652578,TRUE,TRUE,TRUE
4096,0.7,105,"x7","x13","a<b","a<b","transitivity",NA,1,FALSE,1,TRUE,TRUE,4,2,0.246044562908009,TRUE,TRUE,TRUE
4096,0.7,105,"x7","x14","a<b","none","R3",NA,1,FALSE,2,TRUE,TRUE,5,5,0.0298598779517036,TRUE,FALSE,FALSE
4096,0.7,105,"x7","x15","a<b","NA","unresolved",NA,NA,FALSE,2,TRUE,TRUE,5,6,0.0654258639625494,TRUE,FALSE,FALSE
4096,0.7,105,"x7","x8","none","a<b","R1",1,1,FALSE,0,TRUE,TRUE,NA,NA,0.152845171049228,FALSE,TRUE,FALSE
4096,0.7,105,"x7","x9","a<b","NA","unresolved",NA,NA,TRUE,1,TRUE,TRUE,3,3,0.366215393870318,TRUE,FALSE,FALSE
4096,0.7,105,"x8","x10","none","none","R3",NA,1,FALSE,0,TRUE,FALSE,NA,NA,0.0357946399896335,FALSE,FALSE,TRUE
4096,0.7,105,"x8","x11","a<b","a<b","R1",2,1,TRUE,1,TRUE,TRUE,6,4,0.135822594786275,TRUE,TRUE,TRUE
4096,0.7,105,"x8","x12","none","none","R3",NA,1,FALSE,0,TRUE,TRUE,NA,NA,0.0553429379529005,FALSE,FALSE,TRUE
4096,0.7,105,"x8","x13","a<b","a<b","R1",3,1,TRUE,1,TRUE,TRUE,4,2,0.333206567222754,TRUE,TRUE,TRUE
4096,0.7,105,"x8","x14","a<b","NA","unresolved",NA,NA,FALSE,1,FALSE,TRUE,5,5,0.0605421517246104,TRUE,FALSE,FALSE
4096,0.7,105,"x8","x15","a<b","b<a","R1",2,2,FALSE,2,FALSE,TRUE,5,6,0.104366254727089,TRUE,TRUE,FALSE
4096,0.7,105,"x8","x9","a<b","NA","unresolved",NA,NA,TRUE,1,TRUE,TRUE,3,3,0.284441282918712,TRUE,FALSE,FALSE
4096,0.7,105,"x9","x10","none","none","R3",NA,1,FALSE,0,TRUE,FALSE,NA,NA,0.0300611163514917,FALSE,FALSE,TRUE
4096,0.7,105,"x9","x11","none","a<b","R2",3,2,FALSE,0,TRUE,TRUE,NA,NA,0.146302451647231,FALSE,TRUE,FALSE
4096,0.7,105,"x9","x12","none","a<b","R1",2,2,FALSE,0,TRUE,TRUE,NA,NA,0.114313637126956,FALSE,TRUE,FALSE
4096,0.7,105,"x9","x13","none","a<b","transitivity",NA,2,FALSE,0,TRUE,TRUE,NA,NA,0.143762140437728,FALSE,TRUE,FALSE
4096,0.7,105,"x9","x14","a<b","a<b","R2",3,1,TRUE,1,TRUE,TRUE,5,5,0.124712458881468,TRUE,TRUE,TRUE
4096,0.7,105,"x9","x15","a<b","b<a","R2",2,1,TRUE,1,TRUE,TRUE,5,6,0.127782821409504,TRUE,TRUE,FALSE
4096,0.7,106,"x1","x10","a<b","a<b","transitivity",NA,1,FALSE,7,TRUE,FALSE,2,7,0.0681830524804657,TRUE,TRUE,TRUE
4096,0.7,106,"x1","x11","a<b","a<b","R1",4,1,TRUE,7,FALSE,FALSE,3,3,0.230023052282449,TRUE,TRUE,TRUE
4096,0.7,106,"x1","x12","a<b","b<a","R2",2,1,FALSE,10,FALSE,FALSE,2,5,0.103637342064435,TRUE,TRUE,FALSE
4096,0.7,106,"x1","x13","a<b","a<b","transitivity",NA,1,FALSE,23,FALSE,FALSE,6,10,0.0606932867427871,TRUE,TRUE,TRUE
4096,0.7,106,"x1","x14","a<b","a<b","R1",5,1,TRUE,9,FALSE,FALSE,4,2,0.267538080712476,TRUE,TRUE,TRUE
4096,0.7,106,"x1","x15","a<b","a<b","R1",2,1,TRUE,4,FALSE,FALSE,2,6,0.281977608165757,TRUE,TRUE,TRUE
4096,0.7,106,"x1","x2","a<b","a<b","R1",6,1,TRUE,1,FALSE,FALSE,1,3,0.310400591686925,TRUE,TRUE,TRUE
4096,0.7,106,"x1","x3","none","a<b","transitivity",NA,1,FALSE,0,TRUE,FALSE,NA,NA,0.00138183400254307,FALSE,TRUE,FALSE
4096,0.7,106,"x1","x4","a<b","a<b","R1",4,1,TRUE,1,TRUE,FALSE,2,7,0.217590430054417,TRUE,TRUE,TRUE
4096,0.7,106,"x1","x5","a<b","a<b","transitivity",NA,1,FALSE,2,TRUE,FALSE,2,3,0.0240940557611982,TRUE,TRUE,TRUE
4096,0.7,106,"x1","x6","a<b","a<b","R1",6,1,TRUE,3,TRUE,FALSE,2,6,0.302347011319068,TRUE,TRUE,TRUE
4096,0.7,106,"x1","x7","a<b","a<b","transitivity",NA,1,FALSE,3,TRUE,FALSE,2,2,0.0734756164251956,TRUE,TRUE,TRUE
4096,0.7,106,"x1","x8","a<b","a<b","R2",1,1,FALSE,6,FALSE,FALSE,3,4,0.0760028483327588,TRUE,TRUE,TRUE
4096,0.7,106,"x1","x9","a<b","a<b","transitivity",NA,1,FALSE,2,FALSE,FALSE,2,5,0.0162491126039628,TRUE,TRUE,TRUE
4096,0.7,106,"x10","x11","none","b<a","R1",1,1,FALSE,0,TRUE,TRUE,NA,NA,0.0875404686208286,FALSE,TRUE,FALSE
4096,0.7,106,"x10","x12","a<b","b<a","transitivity",NA,1,TRUE,1,TRUE,TRUE,2,5,0.288703268449766,TRUE,TRUE,FALSE
4096,0.7,106,"x10","x13","a<b","a<b","R1",1,1,TRUE,2,TRUE,TRUE,6,10,0.183584283151007,TRUE,TRUE,TRUE
4096,0.7,106,"x10","x14","none","b<a","transitivity",NA,1,FALSE,0,TRUE,TRUE,NA,NA,0.107992679085859,FALSE,TRUE,FALSE
4096,0.7,106,"x10","x15","none","a<b","transitivity",NA,1,FALSE,0,FALSE,TRUE,NA,NA,0.0483270127459744,FALSE,TRUE,FALSE
4096,0.7,106,"x11","x12","none","b<a","transitivity",NA,1,FALSE,0,TRUE,TRUE,NA,NA,0.021096961389655,FALSE,TRUE,FALSE
4096,0.7,106,"x11","x13","none","a<b","transitivity",NA,1,FALSE,0,TRUE,TRUE,NA,NA,0.0820814256745828,FALSE,TRUE,FALSE
4096,0.7,106,"x11","x14","none","b<a","R1",1,1,FALSE,0,TRUE,TRUE,NA,NA,0.0637159196670648,FALSE,TRUE,FALSE
4096,0.7,106,"x11","x15","none","a<b","R1",2,1,FALSE,0,TRUE,TRUE,NA,NA,0.0865836014012148,FALSE,TRUE,FALSE
4096,0.7,106,"x12","x13","a<b","a<b","transitivity",NA,1,TRUE,1,TRUE,TRUE,6,10,0.212104790910013,TRUE,TRUE,TRUE
4096,0.7,106,"x12","x14","none","a<b","R1",1,2,FALSE,0,FALSE,TRUE,NA,NA,0.08258981766712,FALSE,TRUE,FALSE
4096,0.7,106,"x12","x15","none","a<b","transitivity",NA,1,FALSE,0,FALSE,TRUE,NA,NA,0.00618121068149841,FALSE,TRUE,FALSE
4096,0.7,106,"x13","x14","none","b<a","transitivity",NA,1,FALSE,0,TRUE,TRUE,NA,NA,0.0327443759455784,FALSE,TRUE,FALSE
4096,0.7,106,"x13","x15","none","a<b","R2",1,1,FALSE,0,TRUE,TRUE,NA,NA,0.0420045343101173,FALSE,TRUE,FALSE
4096,0.7,106,"x14","x15","none","a<b","transitivity",NA,1,FALSE,0,TRUE,TRUE,NA,NA,0.0574963582407738,FALSE,TRUE,FALSE
4096,0.7,106,"x2","x10","a<b","a<b","R1",2,1,TRUE,3,TRUE,TRUE,2,7,0.214524101601761,TRUE,TRUE,TRUE
4096,0.7,106,"x2","x11","a<b","a<b","R1",2,1,FALSE,2,TRUE,TRUE,3,3,0.109981681660089,TRUE,TRUE,TRUE
4096,0.7,106,"x2","x12","a<b","b<a","R1",1,2,FALSE,4,FALSE,TRUE,2,5,0.0531519939389789,TRUE,TRUE,FALSE
4096,0.7,106,"x2","x13","a<b","a<b","R1",2,1,TRUE,10,FALSE,TRUE,6,10,0.192291574385876,TRUE,TRUE,TRUE
4096,0.7,106,"x2","x14","a<b","b<a","R1",1,1,FALSE,3,TRUE,TRUE,4,2,0.20508801077419,TRUE,TRUE,FALSE
4096,0.7,106,"x2","x15","a<b","a<b","transitivity",NA,1,FALSE,1,TRUE,TRUE,2,6,0.0870897597992549,TRUE,TRUE,TRUE
4096,0.7,106,"x2","x3","none","a<b","transitivity",NA,1,FALSE,0,TRUE,FALSE,NA,NA,0.0138361533427014,FALSE,TRUE,FALSE
4096,0.7,106,"x2","x4","none","a<b","transitivity",NA,1,FALSE,0,TRUE,TRUE,NA,NA,0.10186642998711,FALSE,TRUE,FALSE
4096,0.7,106,"x2","x5","a<b","a<b","R1",3,1,TRUE,1,FALSE,TRUE,2,3,0.270899000690326,TRUE,TRUE,TRUE
4096,0.7,106,"x2","x6","a<b","a<b","R1",1,1,FALSE,1,TRUE,TRUE,2,6,0.203319959171213,TRUE,TRUE,TRUE
4096,0.7,106,"x2","x7","a<b","a<b","R1",1,1,FALSE,1,FALSE,TRUE,2,2,0.0524899063409265,TRUE,TRUE,TRUE
4096,0.7,106,"x2","x8","a<b","b<a","transitivity",NA,1,FALSE,2,FALSE,TRUE,3,4,0.0208040565567162,TRUE,TRUE,FALSE
4096,0.7,106,"x2","x9","a<b","a<b","R1",1,1,FALSE,1,FALSE,TRUE,2,5,0.0697527409284377,TRUE,TRUE,TRUE
4096,0.7,106,"x3","x10","a<b","a<b","transitivity",NA,1,FALSE,4,FALSE,FALSE,2,7,0.00612890131860972,TRUE,TRUE,TRUE
4096,0.7,106,"x3","x11","a<b","a<b","R1",3,1,TRUE,5,FALSE,FALSE,3,3,0.222156508790212,TRUE,TRUE,TRUE
4096,0.7,106,"x3","x12","a<b","b<a","transitivity",NA,1,FALSE,5,FALSE,FALSE,2,5,0.0102090746064188,TRUE,TRUE,FALSE
4096,0.7,106,"x3","x13","a<b","a<b","R1",3,1,TRUE,14,FALSE,FALSE,6,10,0.186998062491614,TRUE,TRUE,TRUE
4096,0.7,106,"x3","x14","a<b","b<a","transitivity",NA,1,TRUE,6,FALSE,FALSE,4,2,0.244450559099854,TRUE,TRUE,FALSE
4096,0.7,106,"x3","x15","a<b","a<b","transitivity",NA,1,FALSE,2,FALSE,FALSE,2,6,0.0312966415315945,TRUE,TRUE,TRUE
4096,0.7,106,"x3","x4","a<b","a<b","R1",3,1,TRUE,1,FALSE,FALSE,2,7,0.230515022570528,TRUE,TRUE,TRUE
4096,0.7,106,"x3","x5","a<b","b<a","R1",1,1,FALSE,1,FALSE,FALSE,2,3,0.0549634588390032,TRUE,TRUE,FALSE
4096,0.7,106,"x3","x6","a<b","a<b","transitivity",NA,1,FALSE,1,FALSE,FALSE,2,6,0.0263218135078445,TRUE,TRUE,TRUE
4096,0.7,106,"x3","x7","a<b","b<a","R1",1,1,FALSE,2,FALSE,FALSE,2,2,0.0749015680080623,TRUE,TRUE,FALSE
4096,0.7,106,"x3","x8","a<b","b<a","transitivity",NA,1,FALSE,4,TRUE,FALSE,3,4,0.0647387317231576,TRUE,TRUE,FALSE
4096,0.7,106,"x3","x9","a<b","a<b","R1",4,1,TRUE,2,FALSE,FALSE,2,5,0.255155824599804,TRUE,TRUE,TRUE
4096,0.7,106,"x4","x10","a<b","b<a","R1",1,1,FALSE,4,TRUE,TRUE,2,7,0.0613275562829406,TRUE,TRUE,FALSE
4096,0.7,106,"x4","x11","a<b","b<a","transitivity",NA,1,FALSE,4,TRUE,TRUE,3,3,0.0576433753046392,TRUE,TRUE,FALSE
4096,0.7,106,"x4","x12","a<b","b<a","transitivity",NA,1,FALSE,5,TRUE,TRUE,2,5,0.0286283570004827,TRUE,TRUE,FALSE
4096,0.7,106,"x4","x13","a<b","none","R3",NA,2,FALSE,12,TRUE,TRUE,6,10,0.0634919630187324,TRUE,FALSE,FALSE
4096,0.7,106,"x4","x14","a<b","b<a","R1",2,1,FALSE,5,TRUE,TRUE,4,2,0.163875289592719,TRUE,TRUE,FALSE
4096,0.7,106,"x4","x15","a<b","a<b","R1",2,1,FALSE,2,TRUE,TRUE,2,6,0.1995178519874,TRUE,TRUE,TRUE
4096,0.7,106,"x4","x5","a<b","b<a","transitivity",NA,1,TRUE,1,FALSE,TRUE,2,3,0.283156736581921,TRUE,TRUE,FALSE
4096,0.7,106,"x4","x6","a<b","none","R3",NA,1,FALSE,1,TRUE,TRUE,2,6,0.00365844978677744,TRUE,FALSE,FALSE
4096,0.7,106,"x4","x7","a<b","b<a","transitivity",NA,1,TRUE,2,FALSE,TRUE,2,2,0.388942346005722,TRUE,TRUE,FALSE
4096,0.7,106,"x4","x8","a<b","b<a","transitivity",NA,1,TRUE,4,FALSE,TRUE,3,4,0.24352319677224,TRUE,TRUE,FALSE
4096,0.7,106,"x4","x9","a<b","a<b","R1",2,1,FALSE,1,TRUE,TRUE,2,5,0.00515658017790138,TRUE,TRUE,TRUE
4096,0.7,106,"x5","x10","a<b","a<b","transitivity",NA,1,FALSE,2,TRUE,TRUE,2,7,0.0705835848191799,TRUE,TRUE,TRUE
4096,0.7,106,"x5","x11","a<b","a<b","transitivity",NA,1,FALSE,2,FALSE,TRUE,3,3,0.0248216998497416,TRUE,TRUE,TRUE
4096,0.7,106,"x5","x12","a<b","b<a","R1",1,1,FALSE,3,FALSE,TRUE,2,5,0.0886665585925096,TRUE,TRUE,FALSE
4096,0.7,106,"x5","x13","a<b","a<b","transitivity",NA,1,FALSE,7,TRUE,TRUE,6,10,0.0925679326803591,TRUE,TRUE,TRUE
4096,0.7,106,"x5","x14","a<b","b<a","transitivity",NA,1,TRUE,3,TRUE,TRUE,4,2,0.257407661257612,TRUE,TRUE,FALSE
4096,0.7,106,"x5","x15","a<b","a<b","transitivity",NA,1,FALSE,1,FALSE,TRUE,2,6,0.129515694419357,TRUE,TRUE,TRUE
4096,0.7,106,"x5","x6","a<b","a<b","R1",1,1,TRUE,1,TRUE,TRUE,2,6,0.337025711654426,TRUE,TRUE,TRUE
4096,0.7,106,"x5","x7","a<b","a<b","R1",3,1,TRUE,1,TRUE,TRUE,2,2,0.409254241904555,TRUE,TRUE,TRUE
4096,0.7,106,"x5","x8","a<b","b<a","transitivity",NA,1,TRUE,2,TRUE,TRUE,3,4,0.0810861254522783,TRUE,TRUE,FALSE
4096,0.7,106,"x5","x9","a<b","a<b","R1",5,1,TRUE,1,FALSE,TRUE,2,5,0.295535188442802,TRUE,TRUE,TRUE
4096,0.7,106,"x6","x10","none","b<a","transitivity",NA,1,FALSE,0,FALSE,TRUE,NA,NA,0.0351619944629886,FALSE,TRUE,FALSE
4096,0.7,106,"x6","x11","none","b<a","transitivity",NA,1,FALSE,0,TRUE,TRUE,NA,NA,0.104896190870585,FALSE,TRUE,FALSE
4096,0.7,106,"x6","x12","a<b","b<a","transitivity",NA,1,TRUE,1,FALSE,TRUE,2,5,0.273634568877107,TRUE,TRUE,FALSE
4096,0.7,106,"x6","x13","a<b","b<a","R1",1,1,FALSE,1,TRUE,TRUE,6,10,0.104883248996148,TRUE,TRUE,FALSE
4096,0.7,106,"x6","x14","none","b<a","transitivity",NA,1,FALSE,0,TRUE,TRUE,NA,NA,0.204819084527944,FALSE,TRUE,FALSE
4096,0.7,106,"x6","x15","none","none","R3",NA,2,FALSE,0,TRUE,TRUE,NA,NA,0.0542378660590858,FALSE,FALSE,TRUE
4096,0.7,106,"x6","x7","none","b<a","R1",1,1,FALSE,0,TRUE,TRUE,NA,NA,0.120166733879236,FALSE,TRUE,FALSE
4096,0.7,106,"x6","x8","none","b<a","transitivity",NA,1,FALSE,0,TRUE,TRUE,NA,NA,0.0335958715767084,FALSE,TRUE,FALSE
4096,0.7,106,"x6","x9","none","a<b","R1",1,1,FALSE,0,TRUE,TRUE,NA,NA,0.0807495990411032,FALSE,TRUE,FALSE
4096,0.7,106,"x7","x10","a<b","a<b","transitivity",NA,1,FALSE,1,TRUE,TRUE,2,7,0.0458308870287762,TRUE,TRUE,TRUE
4096,0.7,106,"x7","x11","a<b","a<b","transitivity",NA,1,FALSE,1,FALSE,TRUE,3,3,0.0652106891140376,TRUE,TRUE,TRUE
4096,0.7,106,"x7","x12","a<b","b<a","transitivity",NA,1,FALSE,1,FALSE,TRUE,2,5,0.0268739081657906,TRUE,TRUE,FALSE
4096,0.7,106,"x7","x13","a<b","a<b","transitivity",NA,1,TRUE,3,FALSE,TRUE,6,10,0.142719001879701,TRUE,TRUE,TRUE
4096,0.7,106,"x7","x14","a<b","b<a","transitivity",NA,1,FALSE,1,TRUE,TRUE,4,2,0.0188013136605452,TRUE,TRUE,FALSE
4096,0.7,106,"x7","x15","a<b","a<b","R1",2,1,TRUE,1,FALSE,TRUE,2,6,0.319044679765485,TRUE,TRUE,TRUE
4096,0.7,106,"x7","x8","a<b","b<a","transitivity",NA,1,TRUE,1,TRUE,TRUE,3,4,0.206679104473747,TRUE,TRUE,FALSE
4096,0.7,106,"x7","x9","none","a<b","transitivity",NA,1,FALSE,0,TRUE,TRUE,NA,NA,0.116816180214508,FALSE,TRUE,FALSE
4096,0.7,106,"x8","x10","a<b","a<b","R1",4,1,TRUE,1,FALSE,TRUE,2,7,0.250093488762208,TRUE,TRUE,TRUE
4096,0.7,106,"x8","x11","a<b","a<b","transitivity",NA,1,TRUE,1,FALSE,TRUE,3,3,0.227091815415325,TRUE,TRUE,TRUE
4096,0.7,106,"x8","x12","a<b","b<a","R2",1,1,FALSE,1,TRUE,TRUE,2,5,0.0653046130876944,TRUE,TRUE,FALSE
4096,0.7,106,"x8","x13","a<b","a<b","transitivity",NA,1,FALSE,2,TRUE,TRUE,6,10,0.00498059958085393,TRUE,TRUE,TRUE
4096,0.7,106,"x8","x14","a<b","a<b","R1",3,1,TRUE,1,TRUE,TRUE,4,2,0.303722370371927,TRUE,TRUE,TRUE
4096,0.7,106,"x8","x15","none","a<b","R1",1,1,FALSE,0,TRUE,TRUE,NA,NA,0.0901758264163137,FALSE,TRUE,FALSE
4096,0.7,106,"x8","x9","none","a<b","transitivity",NA,1,FALSE,0,TRUE,TRUE,NA,NA,0.0603183843369996,FALSE,TRUE,FALSE
4096,0.7,106,"x9","x10","none","b<a","transitivity",NA,1,FALSE,0,FALSE,TRUE,NA,NA,0.0415630434535262,FALSE,TRUE,FALSE
4096,0.7,106,"x9","x11","none","b<a","transitivity",NA,1,FALSE,0,TRUE,TRUE,NA,NA,0.0976706850874501,FALSE,TRUE,FALSE
4096,0.7,106,"x9","x12","none","b<a","transitivity",NA,1,FALSE,0,FALSE,TRUE,NA,NA,0.0503989409871041,FALSE,TRUE,FALSE
4096,0.7,106,"x9","x13","a<b","b<a","transitivity",NA,1,TRUE,1,TRUE,TRUE,6,10,0.183550957488387,TRUE,TRUE,FALSE
4096,0.7,106,"x9","x14","none","b<a","transitivity",NA,1,FALSE,0,TRUE,TRUE,NA,NA,0.255207166732062,FALSE,TRUE,FALSE
4096,0.7,106,"x9","x15","none","b<a","R1",2,1,FALSE,0,FALSE,TRUE,NA,NA,0.0599964840154246,FALSE,TRUE,FALSE
4096,0.7,107,"x1","x10","a<b","none","R3",NA,1,FALSE,3,TRUE,FALSE,2,6,0.00683807049812823,TRUE,FALSE,FALSE
4096,0.7,107,"x1","x11","a<b","b<a","R2",1,1,FALSE,1,TRUE,FALSE,3,4,0.080748546178682,TRUE,TRUE,FALSE
4096,0.7,107,"x1","x12","a<b","b<a","R2",1,1,FALSE,2,TRUE,FALSE,3,4,0.113935368329111,TRUE,TRUE,FALSE
4096,0.7,107,"x1","x13","a<b","a<b","R1",1,1,FALSE,4,TRUE,FALSE,4,5,0.0355371769051431,TRUE,TRUE,TRUE
4096,0.7,107,"x1","x14","a<b","a<b","transitivity",NA,1,FALSE,3,FALSE,FALSE,3,5,0.0568488646815547,TRUE,TRUE,TRUE
4096,0.7,107,"x1","x15","none","a<b","R1",1,1,FALSE,0,FALSE,FALSE,NA,NA,0.0326531761872573,FALSE,TRUE,FALSE
4096,0.7,107,"x1","x2","none","none","R3",NA,1,FALSE,0,TRUE,FALSE,NA,NA,0.00396616055966493,FALSE,FALSE,TRUE
4096,0.7,107,"x1","x3","none","a<b","transitivity",NA,1,FALSE,0,FALSE,FALSE,NA,NA,0.0115707320239173,FALSE,TRUE,FALSE
4096,0.7,107,"x1","x4","a<b","a<b","R1",3,1,TRUE,1,TRUE,FALSE,1,3,0.304306089427144,TRUE,TRUE,TRUE
4096,0.7,107,"x1","x5","none","none","R3",NA,1,FALSE,0,FALSE,FALSE,NA,NA,0.0148506136837472,FALSE,FALSE,TRUE
4096,0.7,107,"x1","x6","a<b","a<b","R1",1,1,FALSE,1,TRUE,FALSE,2,6,0.070831703685326,TRUE,TRUE,TRUE
4096,0.7,107,"x1","x7","a<b","b<a","R2",2,1,FALSE,1,TRUE,FALSE,2,3,0.11139095071407,TRUE,TRUE,FALSE
4096,0.7,107,"x1","x8","a<b","a<b","R1",1,1,TRUE,3,TRUE,FALSE,3,7,0.265679684661542,TRUE,TRUE,TRUE
4096,0.7,107,"x1","x9","a<b","a<b","transitivity",NA,1,FALSE,2,FALSE,FALSE,3,3,0.0216475107063153,TRUE,TRUE,TRUE
4096,0.7,107,"x10","x11","none","none","R3",NA,1,FALSE,0,FALSE,TRUE,NA,NA,0.0181585061674383,FALSE,FALSE,TRUE
4096,0.7,107,"x10","x12","none","none","R3",NA,1,FALSE,0,FALSE,TRUE,NA,NA,0.0179830767539855,FALSE,FALSE,TRUE
4096,0.7,107,"x10","x13","a<b","a<b","R1",2,1,TRUE,1,FALSE,TRUE,4,5,0.211008695027693,TRUE,TRUE,TRUE
4096,0.7,107,"x10","x14","none","a<b","transitivity",NA,1,FALSE,0,FALSE,TRUE,NA,NA,0.000901356346209745,FALSE,TRUE,FALSE
4096,0.7,107,"x10","x15","none","a<b","transitivity",NA,1,FALSE,0,TRUE,TRUE,NA,NA,0.0357328971403817,FALSE,TRUE,FALSE
4096,0.7,107,"x11","x12","none","b<a","R1",1,1,FALSE,0,TRUE,TRUE,NA,NA,0.187244691804141,FALSE,TRUE,FALSE
4096,0.7,107,"x11","x13","none","a<b","R1",1,1,FALSE,0,TRUE,TRUE,NA,NA,0.0681018379643523,FALSE,TRUE,FALSE
4096,0.7,107,"x11","x14","none","a<b","R1",1,1,FALSE,0,TRUE,TRUE,NA,NA,0.131651364861472,FALSE,TRUE,FALSE
4096,0.7,107,"x11","x15","none","a<b","transitivity",NA,1,FALSE,0,TRUE,TRUE,NA,NA,0.0126385457727243,FALSE,TRUE,FALSE
4096,0.7,107,"x12","x13","none","a<b","transitivity",NA,1,FALSE,0,TRUE,TRUE,NA,NA,0.0226917491794488,FALSE,TRUE,FALSE
4096,0.7,107,"x12","x14","none","a<b","transitivity",NA,1,FALSE,0,TRUE,TRUE,NA,NA,0.0702864190764585,FALSE,TRUE,FALSE
4096,0.7,107,"x12","x15","none","a<b","transitivity",NA,1,FALSE,0,FALSE,TRUE,NA,NA,0.0216893330248294,FALSE,TRUE,FALSE
4096,0.7,107,"x13","x14","none","a<b","transitivity",NA,1,FALSE,0,TRUE,TRUE,NA,NA,0.13512581471845,FALSE,TRUE,FALSE
4096,0.7,107,"x13","x15","none","none","R3",NA,1,FALSE,0,TRUE,TRUE,NA,NA,0.00328239412424345,FALSE,FALSE,TRUE
4096,0.7,107,"x14","x15","none","none","R3",NA,1,FALSE,0,TRUE,TRUE,NA,NA,0.00368371280554109,FALSE,FALSE,TRUE
4096,0.7,107,"x2","x10","a<b","NA","unresolved",NA,NA,FALSE,4,TRUE,FALSE,2,6,0.0575328875724128,TRUE,FALSE,FALSE
4096,0.7,107,"x2","x11","a<b","a<b","R1",3,1,TRUE,2,FALSE,FALSE,3,4,0.347112345757881,TRUE,TRUE,TRUE
4096,0.7,107,"x2","x12","a<b","b<a","R2",1,1,FALSE,2,TRUE,FALSE,3,4,0.128020841957641,TRUE,TRUE,FALSE
4096,0.7,107,"x2","x13","a<b","a<b","R1",1,1,FALSE,7,FALSE,FALSE,4,5,0.157341984319216,TRUE,TRUE,TRUE
4096,0.7,107,"x2","x14","a<b","a<b","R1",2,1,FALSE,3,FALSE,FALSE,3,5,0.154725025114117,TRUE,TRUE,TRUE
4096,0.7,107,"x2","x15","a<b","a<b","R1",4,1,TRUE,2,FALSE,FALSE,2,3,0.184036513466504,TRUE,TRUE,TRUE
4096,0.7,107,"x2","x3","a<b","a<b","R1",5,1,TRUE,1,TRUE,FALSE,1,2,0.34546207366178,TRUE,TRUE,TRUE
4096,0.7,107,"x2","x4","none","none","R3",NA,1,FALSE,0,TRUE,FALSE,NA,NA,0.00562359931585891,FALSE,FALSE,TRUE
4096,0.7,107,"x2","x5","a<b","a<b","R1",6,1,TRUE,1,FALSE,FALSE,1,1,0.421594653529021,TRUE,TRUE,TRUE
4096,0.7,107,"x2","x6","a<b","a<b","R1",2,1,TRUE,1,TRUE,FALSE,2,6,0.266772128784536,TRUE,TRUE,TRUE
4096,0.7,107,"x2","x7","a<b","a<b","R1",1,1,FALSE,1,TRUE,FALSE,2,3,0.116128241110894,TRUE,TRUE,TRUE
4096,0.7,107,"x2","x8","a<b","a<b","transitivity",NA,1,FALSE,1,FALSE,FALSE,3,7,0.0287830981868163,TRUE,TRUE,TRUE
4096,0.7,107,"x2","x9","a<b","a<b","transitivity",NA,1,FALSE,3,FALSE,FALSE,3,3,0.0215873430662873,TRUE,TRUE,TRUE
4096,0.7,107,"x3","x10","a<b","b<a","transitivity",NA,1,FALSE,2,FALSE,TRUE,2,6,0.0153545447039619,TRUE,TRUE,FALSE
4096,0.7,107,"x3","x11","a<b","b<a","R1",1,1,TRUE,1,TRUE,TRUE,3,4,0.406865728592559,TRUE,TRUE,FALSE
4096,0.7,107,"x3","x12","a<b","b<a","transitivity",NA,1,FALSE,1,TRUE,TRUE,3,4,0.135939527672291,TRUE,TRUE,FALSE
4096,0.7,107,"x3","x13","a<b","a<b","R2",3,1,TRUE,4,FALSE,TRUE,4,5,0.163983675633848,TRUE,TRUE,TRUE
4096,0.7,107,"x3","x14","a<b","a<b","R1",3,1,TRUE,2,FALSE,TRUE,3,5,0.274914561287271,TRUE,TRUE,TRUE
4096,0.7,107,"x3","x15","a<b","a<b","R1",1,1,TRUE,1,TRUE,TRUE,2,3,0.128049455702283,TRUE,TRUE,TRUE
4096,0.7,107,"x3","x4","none","b<a","transitivity",NA,1,FALSE,0,FALSE,FALSE,NA,NA,0.0155653236965305,FALSE,TRUE,FALSE
4096,0.7,107,"x3","x5","none","b<a","transitivity",NA,1,FALSE,0,TRUE,TRUE,NA,NA,0.2296057336434,FALSE,TRUE,FALSE
4096,0.7,107,"x3","x6","none","b<a","R1",1,1,FALSE,0,TRUE,TRUE,NA,NA,0.125392442375928,FALSE,TRUE,FALSE
4096,0.7,107,"x3","x7","a<b","NA","unresolved",NA,NA,TRUE,1,FALSE,FALSE,2,3,0.356722486259603,TRUE,FALSE,FALSE
4096,0.7,107,"x3","x8","a<b","a<b","R1",2,1,FALSE,1,FALSE,FALSE,3,7,0.0755967624159334,TRUE,TRUE,TRUE
4096,0.7,107,"x3","x9","a<b","a<b","transitivity",NA,1,TRUE,2,FALSE,TRUE,3,3,0.181124112704988,TRUE,TRUE,TRUE
4096,0.7,107,"x4","x10","a<b","none","R3",NA,1,FALSE,3,TRUE,FALSE,2,6,0.0271043365595481,TRUE,FALSE,FALSE
4096,0.7,107,"x4","x11","a<b","NA","unresolved",NA,NA,TRUE,1,FALSE,FALSE,3,4,0.290385841819626,TRUE,FALSE,FALSE
4096,0.7,107,"x4","x12","a<b","NA","unresolved",NA,NA,TRUE,2,TRUE,FALSE,3,4,0.270770416074965,TRUE,FALSE,FALSE
4096,0.7,107,"x4","x13","a<b","a<b","R1",1,2,FALSE,4,TRUE,FALSE,4,5,0.0868877507237191,TRUE,TRUE,TRUE
4096,0.7,107,"x4","x14","a<b","a<b","transitivity",NA,1,FALSE,2,FALSE,TRUE,3,5,0.0878410976983491,TRUE,TRUE,TRUE
4096,0.7,107,"x4","x15","none","a<b","transitivity",NA,1,FALSE,0,FALSE,FALSE,NA,NA,0.00585944079043487,FALSE,TRUE,FALSE
4096,0.7,107,"x4","x5","none","none","R3",NA,1,FALSE,0,FALSE,FALSE,NA,NA,0.0094386354152469,FALSE,FALSE,TRUE
4096,0.7,107,"x4","x6","a<b","a<b","R1",2,1,TRUE,1,FALSE,FALSE,2,6,0.242039332918039,TRUE,TRUE,TRUE
4096,0.7,107,"x4","x7","a<b","NA","unresolved",NA,NA,TRUE,1,FALSE,FALSE,2,3,0.313556095934112,TRUE,FALSE,FALSE
4096,0.7,107,"x4","x8","a<b","a<b","R1",4,1,TRUE,2,TRUE,TRUE,3,7,0.309077765973846,TRUE,TRUE,TRUE
4096,0.7,107,"x4","x9","a<b","a<b","R1",1,1,FALSE,2,FALSE,FALSE,3,3,0.069412694949532,TRUE,TRUE,TRUE
4096,0.7,107,"x5","x10","none","b<a","R1",1,1,FALSE,0,FALSE,TRUE,NA,NA,0.0365610371130951,FALSE,TRUE,FALSE
4096,0.7,107,"x5","x11","none","a<b","R2",1,1,FALSE,0,TRUE,TRUE,NA,NA,0.230703732018167,FALSE,TRUE,FALSE
4096,0.7,107,"x5","x12","a<b","NA","unresolved",NA,NA,TRUE,1,FALSE,TRUE,3,4,0.263620653704501,TRUE,FALSE,FALSE
4096,0.7,107,"x5","x13","a<b","a<b","R1",1,2,TRUE,1,FALSE,TRUE,4,5,0.243398951741841,TRUE,TRUE,TRUE
4096,0.7,107,"x5","x14","a<b","a<b","R1",3,1,TRUE,1,FALSE,TRUE,3,5,0.231858903794593,TRUE,TRUE,TRUE
4096,0.7,107,"x5","x15","none","a<b","transitivity",NA,1,FALSE,0,TRUE,TRUE,NA,NA,0.154696058835454,FALSE,TRUE,FALSE
4096,0.7,107,"x5","x6","none","a<b","R1",1,1,FALSE,0,TRUE,TRUE,NA,NA,0.138450530191261,FALSE,TRUE,FALSE
4096,0.7,107,"x5","x7","none","a<b","R2",1,1,FALSE,0,FALSE,TRUE,NA,NA,0.0901983201367099,FALSE,TRUE,FALSE
4096,0.7,107,"x5","x8","none","a<b","transitivity",NA,1,FALSE,0,FALSE,TRUE,NA,NA,0.0290836817658942,FALSE,TRUE,FALSE
4096,0.7,107,"x5","x9","none","a<b","transitivity",NA,1,FALSE,0,FALSE,TRUE,NA,NA,0.0207997085181503,FALSE,TRUE,FALSE
4096,0.7,107,"x6","x10","a<b","b<a","transitivity",NA,1,TRUE,2,TRUE,TRUE,2,6,0.269740235197681,TRUE,TRUE,FALSE
4096,0.7,107,"x6","x11","none","none","R3",NA,1,FALSE,0,TRUE,TRUE,NA,NA,0.0471735882739027,FALSE,FALSE,TRUE
4096,0.7,107,"x6","x12","none","NA","unresolved",NA,NA,FALSE,0,TRUE,TRUE,NA,NA,0.0486171471537988,FALSE,FALSE,FALSE
4096,0.7,107,"x6","x13","a<b","a<b","R1",1,2,FALSE,2,FALSE,TRUE,4,5,0.129532666290798,TRUE,TRUE,TRUE
4096,0.7,107,"x6","x14","none","a<b","transitivity",NA,1,FALSE,0,FALSE,TRUE,NA,NA,0.0635342566119562,FALSE,TRUE,FALSE
4096,0.7,107,"x6","x15","none","a<b","transitivity",NA,1,FALSE,0,TRUE,TRUE,NA,NA,0.0826909696014548,FALSE,TRUE,FALSE
4096,0.7,107,"x6","x7","none","b<a","R2",1,2,FALSE,0,TRUE,TRUE,NA,NA,0.0340638673220718,FALSE,TRUE,FALSE
4096,0.7,107,"x6","x8","none","a<b","transitivity",NA,1,FALSE,0,TRUE,TRUE,NA,NA,0.0755131225847686,FALSE,TRUE,FALSE
4096,0.7,107,"x6","x9","a<b","a<b","R1",2,1,TRUE,1,TRUE,TRUE,3,3,0.315180896563244,TRUE,TRUE,TRUE
4096,0.7,107,"x7","x10","a<b","NA","unresolved",NA,NA,FALSE,1,TRUE,TRUE,2,6,0.0174803464990062,TRUE,FALSE,FALSE
4096,0.7,107,"x7","x11","none","b<a","R1",1,1,FALSE,0,TRUE,TRUE,NA,NA,0.292060587325811,FALSE,TRUE,FALSE
4096,0.7,107,"x7","x12","a<b","b<a","R1",2,1,TRUE,1,TRUE,TRUE,3,4,0.32597049268535,TRUE,TRUE,FALSE
4096,0.7,107,"x7","x13","a<b","a<b","R1",1,1,TRUE,2,TRUE,TRUE,4,5,0.127486677532329,TRUE,TRUE,TRUE
4096,0.7,107,"x7","x14","a<b","a<b","transitivity",NA,1,FALSE,1,TRUE,TRUE,3,5,0.0524771882189263,TRUE,TRUE,TRUE
4096,0.7,107,"x7","x15","none","a<b","R1",1,2,FALSE,0,TRUE,TRUE,NA,NA,0.074582547667501,FALSE,TRUE,FALSE
4096,0.7,107,"x7","x8","a<b","a<b","R1",2,1,TRUE,1,TRUE,TRUE,3,7,0.307774440896988,TRUE,TRUE,TRUE
4096,0.7,107,"x7","x9","a<b","a<b","R1",2,1,TRUE,1,TRUE,TRUE,3,3,0.26588778067432,TRUE,TRUE,TRUE
4096,0.7,107,"x8","x10","none","b<a","transitivity",NA,1,FALSE,0,TRUE,TRUE,NA,NA,0.029880810447829,FALSE,TRUE,FALSE
4096,0.7,107,"x8","x11","none","b<a","transitivity",NA,1,FALSE,0,TRUE,TRUE,NA,NA,0.127805017712685,FALSE,TRUE,FALSE
4096,0.7,107,"x8","x12","none","b<a","transitivity",NA,1,FALSE,0,TRUE,TRUE,NA,NA,0.156354303614959,FALSE,TRUE,FALSE
4096,0.7,107,"x8","x13","none","b<a","R1",1,1,FALSE,0,TRUE,TRUE,NA,NA,0.0538033360819776,FALSE,TRUE,FALSE
4096,0.7,107,"x8","x14","a<b","a<b","R1",3,1,TRUE,1,TRUE,TRUE,3,5,0.224790066282761,TRUE,TRUE,TRUE
4096,0.7,107,"x8","x15","none","none","R3",NA,1,FALSE,0,TRUE,TRUE,NA,NA,0.00842685630468607,FALSE,FALSE,TRUE
4096,0.7,107,"x8","x9","none","a<b","R1",2,1,FALSE,0,TRUE,TRUE,NA,NA,0.0791208617253852,FALSE,TRUE,FALSE
4096,0.7,107,"x9","x10","a<b","b<a","transitivity",NA,1,TRUE,1,TRUE,TRUE,2,6,0.276395620255711,TRUE,TRUE,FALSE
4096,0.7,107,"x9","x11","none","b<a","transitivity",NA,1,FALSE,0,TRUE,TRUE,NA,NA,0.046111322881588,FALSE,TRUE,FALSE
4096,0.7,107,"x9","x12","none","b<a","R1",1,1,FALSE,0,TRUE,TRUE,NA,NA,0.0893783218493059,FALSE,TRUE,FALSE
4096,0.7,107,"x9","x13","a<b","b<a","transitivity",NA,1,FALSE,1,TRUE,TRUE,4,5,0.0482919913956806,TRUE,TRUE,FALSE
4096,0.7,107,"x9","x14","none","none","R3",NA,2,FALSE,0,TRUE,TRUE,NA,NA,0.0860025706593348,FALSE,FALSE,TRUE
4096,0.7,107,"x9","x15","none","b<a","R1",1,1,FALSE,0,TRUE,TRUE,NA,NA,0.0359958222606057,FALSE,TRUE,FALSE
4096,0.7,108,"x1","x10","a<b","a<b","R1",2,1,TRUE,1,TRUE,FALSE,2,4,0.188624474469947,TRUE,TRUE,TRUE
4096,0.7,108,"x1","x11","a<b","a<b","R1",2,1,TRUE,1,TRUE,FALSE,4,10,0.203296199133312,TRUE,TRUE,TRUE
4096,0.7,108,"x1","x12","a<b","a<b","transitivity",NA,1,FALSE,2,TRUE,FALSE,4,4,0.0124521833285105,TRUE,TRUE,TRUE
4096,0.7,108,"x1","x13","a<b","a<b","R1",1,1,FALSE,2,TRUE,FALSE,5,5,0.0959313148972678,TRUE,TRUE,TRUE
4096,0.7,108,"x1","x14","a<b","a<b","R1",2,1,TRUE,1,FALSE,FALSE,4,4,0.257576396035648,TRUE,TRUE,TRUE
4096,0.7,108,"x1","x15","a<b","a<b","R1",1,1,TRUE,3,TRUE,FALSE,5,12,0.126920303817165,TRUE,TRUE,TRUE
4096,0.7,108,"x1","x2","none","none","R3",NA,1,FALSE,0,TRUE,FALSE,NA,NA,0.0158536029915007,FALSE,FALSE,TRUE
4096,0.7,108,"x1","x3","none","none","R3",NA,1,FALSE,0,TRUE,FALSE,NA,NA,4.38152094995664e-06,FALSE,FALSE,TRUE
4096,0.7,108,"x1","x4","none","a<b","transitivity",NA,1,FALSE,0,TRUE,FALSE,NA,NA,0.000665612120766656,FALSE,TRUE,FALSE
4096,0.7,108,"x1","x5","none","none","R3",NA,1,FALSE,0,TRUE,FALSE,NA,NA,0.0114769123259686,FALSE,FALSE,TRUE
4096,0.7,108,"x1","x6","none","a<b","transitivity",NA,1,FALSE,0,TRUE,FALSE,NA,NA,0.004656685904603,FALSE,TRUE,FALSE
4096,0.7,108,"x1","x7","a<b","a<b","R1",2,1,TRUE,1,FALSE,FALSE,3,10,0.227582232694346,TRUE,TRUE,TRUE
4096,0.7,108,"x1","x8","none","a<b","transitivity",NA,1,FALSE,0,FALSE,FALSE,NA,NA,0.0127228283348092,FALSE,TRUE,FALSE
4096,0.7,108,"x1","x9","none","a<b","transitivity",NA,1,FALSE,0,FALSE,FALSE,NA,NA,0.000692000244985547,FALSE,TRUE,FALSE
4096,0.7,108,"x10","x11","none","b<a","R1",1,1,FALSE,0,TRUE,TRUE,NA,NA,0.0439103122318062,FALSE,TRUE,FALSE
4096,0.7,108,"x10","x12","none","b<a","transitivity",NA,1,FALSE,0,TRUE,TRUE,NA,NA,0.0147163414642879,FALSE,TRUE,FALSE
4096,0.7,108,"x10","x13","a<b","b<a","R1",1,1,TRUE,1,TRUE,TRUE,5,5,0.312529270921131,TRUE,TRUE,FALSE
4096,0.7,108,"x10","x14","none","b<a","R1",1,1,FALSE,0,TRUE,TRUE,NA,NA,0.1097724006424,FALSE,TRUE,FALSE
4096,0.7,108,"x10","x15","a<b","b<a","transitivity",NA,1,FALSE,1,TRUE,TRUE,5,12,0.085901696150278,TRUE,TRUE,FALSE
4096,0.7,108,"x11","x12","a<b","a<b","R1",2,2,TRUE,1,TRUE,TRUE,4,4,0.12177917596327,TRUE,TRUE,TRUE
4096,0.7,108,"x11","x13","none","b<a","R1",1,1,FALSE,0,TRUE,TRUE,NA,NA,0.068215409336683,FALSE,TRUE,FALSE
4096,0.7,108,"x11","x14","none","b<a","transitivity",NA,1,FALSE,0,TRUE,TRUE,NA,NA,0.0666103517876034,FALSE,TRUE,FALSE
4096,0.7,108,"x11","x15","none","b<a","transitivity",NA,1,FALSE,0,TRUE,TRUE,NA,NA,0.0279178252800325,FALSE,TRUE,FALSE
4096,0.7,108,"x12","x13","none","b<a","transitivity",NA,1,FALSE,0,TRUE,TRUE,NA,NA,0.113021783057121,FALSE,TRUE,FALSE
4096,0.7,108,"x12","x14","none","b<a","transitivity",NA,1,FALSE,0,FALSE,TRUE,NA,NA,0.00380977388523026,FALSE,TRUE,FALSE
4096,0.7,108,"x12","x15","none","b<a","transitivity",NA,1,FALSE,0,TRUE,TRUE,NA,NA,0.0102936102685978,FALSE,TRUE,FALSE
4096,0.7,108,"x13","x14","none","b<a","transitivity",NA,1,FALSE,0,TRUE,TRUE,NA,NA,0.0724940875791485,FALSE,TRUE,FALSE
4096,0.7,108,"x13","x15","a<b","b<a","R1",1,1,TRUE,1,TRUE,TRUE,5,12,0.135542239114498,TRUE,TRUE,FALSE
4096,0.7,108,"x14","x15","none","none","R3",NA,1,FALSE,0,TRUE,TRUE,NA,NA,0.0242296248267761,FALSE,FALSE,TRUE
4096,0.7,108,"x2","x10","a<b","a<b","R1",1,1,FALSE,1,FALSE,FALSE,2,4,0.0647312021184083,TRUE,TRUE,TRUE
4096,0.7,108,"x2","x11","a<b","a<b","R1",3,1,TRUE,1,TRUE,FALSE,4,10,0.175191157173943,TRUE,TRUE,TRUE
4096,0.7,108,"x2","x12","a<b","a<b","R1",1,1,FALSE,1,FALSE,FALSE,4,4,0.0524907149725342,TRUE,TRUE,TRUE
4096,0.7,108,"x2","x13","a<b","a<b","R1",1,1,FALSE,2,TRUE,FALSE,5,5,0.0657216776676566,TRUE,TRUE,TRUE
4096,0.7,108,"x2","x14","a<b","a<b","R1",3,1,TRUE,2,TRUE,FALSE,4,4,0.180489802114163,TRUE,TRUE,TRUE
4096,0.7,108,"x2","x15","a<b","none","R3",NA,1,FALSE,2,TRUE,FALSE,5,12,0.0148893975900536,TRUE,FALSE,FALSE
4096,0.7,108,"x2","x3","none","none","R3",NA,1,FALSE,0,TRUE,FALSE,NA,NA,0.0223917076172618,FALSE,FALSE,TRUE
4096,0.7,108,"x2","x4","none","a<b","transitivity",NA,1,FALSE,0,TRUE,FALSE,NA,NA,0.0250078157798627,FALSE,TRUE,FALSE
4096,0.7,108,"x2","x5","none","a<b","R1",1,2,FALSE,0,FALSE,FALSE,NA,NA,0.035110603346318,FALSE,TRUE,FALSE
4096,0.7,108,"x2","x6","none","a<b","transitivity",NA,1,FALSE,0,FALSE,FALSE,NA,NA,0.0200540478692618,FALSE,TRUE,FALSE
4096,0.7,108,"x2","x7","none","a<b","transitivity",NA,1,FALSE,0,TRUE,FALSE,NA,NA,0.0242426966829374,FALSE,TRUE,FALSE
4096,0.7,108,"x2","x8","a<b","a<b","R1",5,1,TRUE,1,FALSE,FALSE,3,3,0.252454420915364,TRUE,TRUE,TRUE
4096,0.7,108,"x2","x9","none","a<b","transitivity",NA,1,FALSE,0,FALSE,FALSE,NA,NA,0.01295483487666,FALSE,TRUE,FALSE
4096,0.7,108,"x3","x10","none","a<b","transitivity",NA,1,FALSE,0,FALSE,FALSE,NA,NA,0.0183195193915711,FALSE,TRUE,FALSE
4096,0.7,108,"x3","x11","a<b","a<b","R1",3,1,TRUE,1,TRUE,FALSE,4,10,0.186171644295382,TRUE,TRUE,TRUE
4096,0.7,108,"x3","x12","a<b","a<b","R1",1,1,TRUE,2,FALSE,FALSE,4,4,0.130614163238865,TRUE,TRUE,TRUE
4096,0.7,108,"x3","x13","a<b","a<b","R1",1,1,TRUE,1,FALSE,FALSE,5,5,0.236082214432945,TRUE,TRUE,TRUE
4096,0.7,108,"x3","x14","none","none","R3",NA,1,FALSE,0,TRUE,FALSE,NA,NA,0.00471416172658655,FALSE,FALSE,TRUE
4096,0.7,108,"x3","x15","a<b","b<a","R2",1,1,TRUE,2,TRUE,FALSE,5,12,0.11861219325154,TRUE,TRUE,FALSE
4096,0.7,108,"x3","x4","none","a<b","transitivity",NA,1,FALSE,0,TRUE,FALSE,NA,NA,0.000532837844186154,FALSE,TRUE,FALSE
4096,0.7,108,"x3","x5","none","none","R3",NA,1,FALSE,0,TRUE,FALSE,NA,NA,0.00226317550422456,FALSE,FALSE,TRUE
4096,0.7,108,"x3","x6","none","none","R3",NA,1,FALSE,0,FALSE,FALSE,NA,NA,0.0208900123774076,FALSE,FALSE,TRUE
4096,0.7,108,"x3","x7","none","a<b","transitivity",NA,1,FALSE,0,TRUE,FALSE,NA,NA,0.0238050385629566,FALSE,TRUE,FALSE
4096,0.7,108,"x3","x8","none","none","R3",NA,1,FALSE,0,FALSE,FALSE,NA,NA,0.0123607073603567,FALSE,FALSE,TRUE
4096,0.7,108,"x3","x9","none","a<b","transitivity",NA,1,FALSE,0,TRUE,FALSE,NA,NA,0.0257439441307386,FALSE,TRUE,FALSE
4096,0.7,108,"x4","x10","none","a<b","transitivity",NA,1,FALSE,0,TRUE,FALSE,NA,NA,0.00781780612440945,FALSE,TRUE,FALSE
4096,0.7,108,"x4","x11","none","none","R3",NA,1,FALSE,0,TRUE,FALSE,NA,NA,0.00444717093189544,FALSE,FALSE,TRUE
4096,0.7,108,"x4","x12","a<b","a<b","R1",7,1,TRUE,2,FALSE,FALSE,4,4,0.212024962149927,TRUE,TRUE,TRUE
4096,0.7,108,"x4","x13","a<b","b<a","R1",1,1,FALSE,1,TRUE,FALSE,5,5,0.0724073611237352,TRUE,TRUE,FALSE
4096,0.7,108,"x4","x14","none","b<a","transitivity",NA,1,FALSE,0,FALSE,FALSE,NA,NA,0.0103276900169526,FALSE,TRUE,FALSE
4096,0.7,108,"x4","x15","a<b","b<a","transitivity",NA,1,FALSE,1,TRUE,FALSE,5,12,0.0307222468799474,TRUE,TRUE,FALSE
4096,0.7,108,"x4","x5","none","b<a","transitivity",NA,1,FALSE,0,TRUE,FALSE,NA,NA,0.00446645688208967,FALSE,TRUE,FALSE
4096,0.7,108,"x4","x6","none","b<a","transitivity",NA,1,FALSE,0,TRUE,FALSE,NA,NA,0.00400240914319565,FALSE,TRUE,FALSE
4096,0.7,108,"x4","x7","a<b","a<b","R1",3,1,TRUE,1,TRUE,FALSE,3,10,0.227351406705928,TRUE,TRUE,TRUE
4096,0.7,108,"x4","x8","none","b<a","transitivity",NA,1,FALSE,0,TRUE,FALSE,NA,NA,0.0213275879972697,FALSE,TRUE,FALSE
4096,0.7,108,"x4","x9","none","a<b","transitivity",NA,1,FALSE,0,FALSE,FALSE,NA,NA,0.0461312934369194,FALSE,TRUE,FALSE
4096,0.7,108,"x5","x10","a<b","a<b","R1",2,1,FALSE,1,FALSE,FALSE,2,4,0.0874659021289764,TRUE,TRUE,TRUE
4096,0.7,108,"x5","x11","none","a<b","transitivity",NA,1,FALSE,0,TRUE,FALSE,NA,NA,0.0248408117173259,FALSE,TRUE,FALSE
4096,0.7,108,"x5","x12","a<b","a<b","transitivity",NA,1,FALSE,1,FALSE,FALSE,4,4,0.0466347139673184,TRUE,TRUE,TRUE
4096,0.7,108,"x5","x13","a<b","a<b","R1",1,1,FALSE,4,TRUE,FALSE,5,5,0.0335827117302921,TRUE,TRUE,TRUE
4096,0.7,108,"x5","x14","a<b","a<b","R1",1,1,FALSE,1,FALSE,FALSE,4,4,0.0729809474125336,TRUE,TRUE,TRUE
4096,0.7,108,"x5","x15","a<b","b<a","R2",3,1,TRUE,5,TRUE,FALSE,5,12,0.11882916091596,TRUE,TRUE,FALSE
4096,0.7,108,"x5","x6","none","a<b","transitivity",NA,1,FALSE,0,FALSE,FALSE,NA,NA,0.00923817801139808,FALSE,TRUE,FALSE
4096,0.7,108,"x5","x7","a<b","a<b","R1",3,1,TRUE,1,TRUE,FALSE,3,10,0.213690823512449,TRUE,TRUE,TRUE
4096,0.7,108,"x5","x8","a<b","a<b","R1",7,1,TRUE,1,FALSE,FALSE,3,3,0.28375214743253,TRUE,TRUE,TRUE
4096,0.7,108,"x5","x9","a<b","a<b","R1",7,1,TRUE,1,TRUE,FALSE,1,6,0.287865094896576,TRUE,TRUE,TRUE
4096,0.7,108,"x6","x10","a<b","a<b","transitivity",NA,1,FALSE,1,FALSE,FALSE,2,4,0.0654766307548753,TRUE,TRUE,TRUE
4096,0.7,108,"x6","x11","a<b","a<b","R1",2,1,TRUE,1,TRUE,FALSE,4,10,0.185394235826646,TRUE,TRUE,TRUE
4096,0.7,108,"x6","x12","a<b","a<b","transitivity",NA,1,FALSE,1,TRUE,FALSE,4,4,0.0119127502577489,TRUE,TRUE,TRUE
4096,0.7,108,"x6","x13","a<b","a<b","R1",1,1,FALSE,2,TRUE,FALSE,5,5,0.0736468414096899,TRUE,TRUE,TRUE
4096,0.7,108,"x6","x14","a<b","b<a","R1",1,1,TRUE,2,FALSE,FALSE,4,4,0.208162620648927,TRUE,TRUE,FALSE
4096,0.7,108,"x6","x15","a<b","NA","unresolved",NA,NA,TRUE,3,TRUE,FALSE,5,12,0.15515265985561,TRUE,FALSE,FALSE
4096,0.7,108,"x6","x7","none","a<b","transitivity",NA,1,FALSE,0,TRUE,FALSE,NA,NA,0.00699866755626781,FALSE,TRUE,FALSE
4096,0.7,108,"x6","x8","a<b","a<b","R1",5,1,TRUE,1,TRUE,FALSE,3,3,0.243816497238931,TRUE,TRUE,TRUE
4096,0.7,108,"x6","x9","none","a<b","transitivity",NA,1,FALSE,0,TRUE,FALSE,NA,NA,0.0127690809309249,FALSE,TRUE,FALSE
4096,0.7,108,"x7","x10","none","a<b","R1",1,1,FALSE,0,TRUE,TRUE,NA,NA,0.04156723978334,FALSE,TRUE,FALSE
4096,0.7,108,"x7","x11","none","b<a","transitivity",NA,2,FALSE,0,TRUE,TRUE,NA,NA,0.0573868690367014,FALSE,TRUE,FALSE
4096,0.7,108,"x7","x12","a<b","b<a","R1",5,1,TRUE,1,TRUE,TRUE,4,4,0.198269728540062,TRUE,TRUE,FALSE
4096,0.7,108,"x7","x13","a<b","b<a","transitivity",NA,1,TRUE,1,FALSE,TRUE,5,5,0.268049084704244,TRUE,TRUE,FALSE
4096,0.7,108,"x7","x14","none","b<a","transitivity",NA,1,FALSE,0,TRUE,TRUE,NA,NA,0.0413288851032201,FALSE,TRUE,FALSE
4096,0.7,108,"x7","x15","a<b","b<a","transitivity",NA,1,FALSE,1,TRUE,TRUE,5,12,0.0332382109152554,TRUE,TRUE,FALSE
4096,0.7,108,"x7","x8","none","b<a","R1",1,1,FALSE,0,TRUE,TRUE,NA,NA,0.0547021281017932,FALSE,TRUE,FALSE
4096,0.7,108,"x7","x9","none","a<b","R1",1,1,FALSE,0,TRUE,TRUE,NA,NA,0.0837075038010058,FALSE,TRUE,FALSE
4096,0.7,108,"x8","x10","a<b","a<b","R1",2,1,TRUE,1,FALSE,FALSE,2,4,0.272722506883424,TRUE,TRUE,TRUE
4096,0.7,108,"x8","x11","none","a<b","transitivity",NA,1,FALSE,0,TRUE,TRUE,NA,NA,0.0216151536954557,FALSE,TRUE,FALSE
4096,0.7,108,"x8","x12","none","a<b","transitivity",NA,1,FALSE,0,FALSE,TRUE,NA,NA,0.00935553068162971,FALSE,TRUE,FALSE
4096,0.7,108,"x8","x13","a<b","a<b","R1",2,1,TRUE,2,FALSE,TRUE,5,5,0.289232399663601,TRUE,TRUE,TRUE
4096,0.7,108,"x8","x14","a<b","b<a","transitivity",NA,1,TRUE,1,TRUE,TRUE,4,4,0.104942600845814,TRUE,TRUE,FALSE
4096,0.7,108,"x8","x15","a<b","NA","unresolved",NA,NA,FALSE,2,TRUE,TRUE,5,12,0.127597734956258,TRUE,FALSE,FALSE
4096,0.7,108,"x8","x9","none","a<b","R1",2,1,FALSE,0,TRUE,TRUE,NA,NA,0.100837886881068,FALSE,TRUE,FALSE
4096,0.7,108,"x9","x10","none","none","R3",NA,1,FALSE,0,TRUE,TRUE,NA,NA,0.0136219023369204,FALSE,FALSE,TRUE
4096,0.7,108,"x9","x11","none","b<a","transitivity",NA,2,FALSE,0,FALSE,FALSE,NA,NA,0.0275752491664136,FALSE,TRUE,FALSE
4096,0.7,108,"x9","x12","none","b<a","transitivity",NA,1,FALSE,0,TRUE,TRUE,NA,NA,0.013882043676048,FALSE,TRUE,FALSE
4096,0.7,108,"x9","x13","a<b","b<a","R1",1,1,TRUE,1,TRUE,TRUE,5,5,0.250998514961724,TRUE,TRUE,FALSE
4096,0.7,108,"x9","x14","none","b<a","transitivity",NA,1,FALSE,0,TRUE,TRUE,NA,NA,0.0339940559826668,FALSE,TRUE,FALSE
4096,0.7,108,"x9","x15","a<b","b<a","transitivity",NA,1,FALSE,1,TRUE,TRUE,5,12,0.00800874840137834,TRUE,TRUE,FALSE
4096,0.7,109,"x1","x10","a<b","a<b","transitivity",NA,1,FALSE,1,FALSE,FALSE,3,3,0.0218265737870092,TRUE,TRUE,TRUE
4096,0.7,109,"x1","x11","a<b","a<b","transitivity",NA,1,FALSE,2,TRUE,FALSE,4,6,0.0499928819572086,TRUE,TRUE,TRUE
4096,0.7,109,"x1","x12","a<b","a<b","R1",2,1,TRUE,1,FALSE,FALSE,2,6,0.193117187985112,TRUE,TRUE,TRUE
4096,0.7,109,"x1","x13","a<b","a<b","transitivity",NA,1,FALSE,1,FALSE,FALSE,3,2,0.0402736470476554,TRUE,TRUE,TRUE
4096,0.7,109,"x1","x14","a<b","a<b","transitivity",NA,1,FALSE,3,FALSE,FALSE,4,5,0.0394112152319893,TRUE,TRUE,TRUE
4096,0.7,109,"x1","x15","a<b","a<b","R1",1,1,FALSE,2,TRUE,FALSE,3,5,0.0688140777826536,TRUE,TRUE,TRUE
4096,0.7,109,"x1","x2","none","a<b","transitivity",NA,1,FALSE,0,TRUE,FALSE,NA,NA,0.028877552338762,FALSE,TRUE,FALSE
4096,0.7,109,"x1","x3","a<b","a<b","R1",5,1,TRUE,1,FALSE,FALSE,1,4,0.20401505636995,TRUE,TRUE,TRUE
4096,0.7,109,"x1","x4","a<b","a<b","R1",2,1,TRUE,1,FALSE,FALSE,2,5,0.202823003862088,TRUE,TRUE,TRUE
4096,0.7,109,"x1","x5","none","a<b","transitivity",NA,1,FALSE,0,FALSE,FALSE,NA,NA,0.0288889770866835,FALSE,TRUE,FALSE
4096,0.7,109,"x1","x6","a<b","a<b","R1",1,1,FALSE,1,FALSE,FALSE,1,5,0.0655096135648144,TRUE,TRUE,TRUE
4096,0.7,109,"x1","x7","none","a<b","transitivity",NA,1,FALSE,0,FALSE,FALSE,NA,NA,0.0171766512127332,FALSE,TRUE,FALSE
4096,0.7,109,"x1","x8","none","a<b","transitivity",NA,1,FALSE,0,TRUE,FALSE,NA,NA,0.0104360381434612,FALSE,TRUE,FALSE
4096,0.7,109,"x1","x9","a<b","a<b","R1",4,1,TRUE,2,FALSE,FALSE,3,0,0.389368560344723,TRUE,TRUE,TRUE
4096,0.7,109,"x10","x11","a<b","a<b","R1",1,1,TRUE,1,TRUE,TRUE,4,6,0.182786768366879,TRUE,TRUE,TRUE
4096,0.7,109,"x10","x12","none","b<a","R1",1,1,FALSE,0,TRUE,TRUE,NA,NA,0.0708375529531497,FALSE,TRUE,FALSE
4096,0.7,109,"x10","x13","a<b","b<a","transitivity",NA,1,TRUE,1,TRUE,TRUE,3,2,0.274796372570949,TRUE,TRUE,FALSE
4096,0.7,109,"x10","x14","a<b","b<a","transitivity",NA,1,FALSE,1,TRUE,TRUE,4,5,0.108538547025871,TRUE,TRUE,FALSE
4096,0.7,109,"x10","x15","a<b","b<a","R1",1,1,FALSE,1,TRUE,TRUE,3,5,0.145872438958246,TRUE,TRUE,FALSE
4096,0.7,109,"x11","x12","none","b<a","transitivity",NA,1,FALSE,0,TRUE,TRUE,NA,NA,0.0543440346682446,FALSE,TRUE,FALSE
4096,0.7,109,"x11","x13","none","b<a","transitivity",NA,1,FALSE,0,TRUE,TRUE,NA,NA,0.0903396795809385,FALSE,TRUE,FALSE
4096,0.7,109,"x11","x14","a<b","b<a","transitivity",NA,1,TRUE,1,TRUE,TRUE,4,5,0.133605054972122,TRUE,TRUE,FALSE
4096,0.7,109,"x11","x15","none","b<a","transitivity",NA,1,FALSE,0,TRUE,TRUE,NA,NA,0.0685010391726237,FALSE,TRUE,FALSE
4096,0.7,109,"x12","x13","none","b<a","R1",1,1,FALSE,0,TRUE,TRUE,NA,NA,0.0955045060453357,FALSE,TRUE,FALSE
4096,0.7,109,"x12","x14","none","a<b","transitivity",NA,1,FALSE,0,TRUE,TRUE,NA,NA,0.0569846036425059,FALSE,TRUE,FALSE
4096,0.7,109,"x12","x15","none","b<a","R1",1,1,FALSE,0,FALSE,TRUE,NA,NA,0.0429078301270909,FALSE,TRUE,FALSE
4096,0.7,109,"x13","x14","none","a<b","transitivity",NA,1,FALSE,0,TRUE,TRUE,NA,NA,0.122168197128786,FALSE,TRUE,FALSE
4096,0.7,109,"x13","x15","a<b","b<a","transitivity",NA,1,TRUE,1,FALSE,TRUE,3,5,0.258223383746222,TRUE,TRUE,FALSE
4096,0.7,109,"x14","x15","none","b<a","transitivity",NA,1,FALSE,0,TRUE,TRUE,NA,NA,0.0771964717196187,FALSE,TRUE,FALSE
4096,0.7,109,"x2","x10","a<b","a<b","R1",2,1,TRUE,3,FALSE,FALSE,3,3,0.308498507140106,TRUE,TRUE,TRUE
4096,0.7,109,"x2","x11","a<b","a<b","R1",3,1,TRUE,6,FALSE,FALSE,4,6,0.263593549090797,TRUE,TRUE,TRUE
4096,0.7,109,"x2","x12","a<b","a<b","transitivity",NA,1,FALSE,2,TRUE,FALSE,2,6,0.0260337061905585,TRUE,TRUE,TRUE
4096,0.7,109,"x2","x13","a<b","a<b","R1",2,1,TRUE,6,FALSE,FALSE,3,2,0.147565856541038,TRUE,TRUE,TRUE
4096,0.7,109,"x2","x14","a<b","a<b","R1",1,1,FALSE,10,TRUE,FALSE,4,5,0.028905105488881,TRUE,TRUE,TRUE
4096,0.7,109,"x2","x15","a<b","b<a","R1",1,1,FALSE,7,FALSE,FALSE,3,5,0.06682242320017,TRUE,TRUE,FALSE
4096,0.7,109,"x2","x3","none","a<b","transitivity",NA,1,FALSE,0,TRUE,FALSE,NA,NA,0.00538141612659781,FALSE,TRUE,FALSE
4096,0.7,109,"x2","x4","a<b","a<b","R1",3,1,TRUE,1,FALSE,FALSE,2,5,0.219388248959217,TRUE,TRUE,TRUE
4096,0.7,109,"x2","x5","a<b","a<b","R1",5,1,TRUE,1,TRUE,FALSE,1,4,0.266318109616871,TRUE,TRUE,TRUE
4096,0.7,109,"x2","x6","a<b","a<b","R1",1,1,FALSE,1,TRUE,FALSE,1,5,0.0905952772349961,TRUE,TRUE,TRUE
4096,0.7,109,"x2","x7","a<b","a<b","transitivity",NA,1,TRUE,2,TRUE,FALSE,2,7,0.148133333887115,TRUE,TRUE,TRUE
4096,0.7,109,"x2","x8","a<b","a<b","transitivity",NA,1,FALSE,1,TRUE,FALSE,1,5,0.0619651666760802,TRUE,TRUE,TRUE
4096,0.7,109,"x2","x9","a<b","a<b","transitivity",NA,1,FALSE,2,FALSE,FALSE,3,0,0.0326045416348922,TRUE,TRUE,TRUE
4096,0.7,109,"x3","x10","a<b","a<b","R2",4,1,TRUE,1,FALSE,FALSE,3,3,0.240066393739784,TRUE,TRUE,TRUE
4096,0.7,109,"x3","x11","a<b","a<b","R2",2,1,TRUE,2,FALSE,FALSE,4,6,0.146363292032052,TRUE,TRUE,TRUE
4096,0.7,109,"x3","x12","none","b<a","transitivity",NA,1,FALSE,0,TRUE,TRUE,NA,NA,0.0655554034738651,FALSE,TRUE,FALSE
4096,0.7,109,"x3","x13","a<b","b<a","R1",1,1,FALSE,1,FALSE,FALSE,3,2,0.089839640018485,TRUE,TRUE,FALSE
4096,0.7,109,"x3","x14","a<b","b<a","transitivity",NA,1,FALSE,2,TRUE,TRUE,4,5,0.0322451218232054,TRUE,TRUE,FALSE
4096,0.7,109,"x3","x15","a<b","b<a","transitivity",NA,1,TRUE,2,FALSE,FALSE,3,5,0.267789278491461,TRUE,TRUE,FALSE
4096,0.7,109,"x3","x4","none","b<a","R1",1,1,FALSE,0,TRUE,TRUE,NA,NA,0.0654908618849505,FALSE,TRUE,FALSE
4096,0.7,109,"x3","x5","none","b<a","transitivity",NA,1,FALSE,0,FALSE,FALSE,NA,NA,0.0138090241898099,FALSE,TRUE,FALSE
4096,0.7,109,"x3","x6","none","none","R3",NA,1,FALSE,0,TRUE,TRUE,NA,NA,0.0111273315035927,FALSE,FALSE,TRUE
4096,0.7,109,"x3","x7","none","b<a","transitivity",NA,1,FALSE,0,TRUE,FALSE,NA,NA,0.0185450309530507,FALSE,TRUE,FALSE
4096,0.7,109,"x3","x8","none","b<a","transitivity",NA,1,FALSE,0,FALSE,FALSE,NA,NA,0.0078449406694682,FALSE,TRUE,FALSE
4096,0.7,109,"x3","x9","a<b","b<a","R1",5,1,TRUE,1,TRUE,TRUE,3,0,0.436720454652802,TRUE,TRUE,FALSE
4096,0.7,109,"x4","x10","none","a<b","transitivity",NA,1,FALSE,0,TRUE,TRUE,NA,NA,0.094799511008463,FALSE,TRUE,FALSE
4096,0.7,109,"x4","x11","none","a<b","transitivity",NA,1,FALSE,0,TRUE,TRUE,NA,NA,0.0960287095662936,FALSE,TRUE,FALSE
4096,0.7,109,"x4","x12","none","b<a","transitivity",NA,1,FALSE,0,TRUE,TRUE,NA,NA,0.0363757839445727,FALSE,TRUE,FALSE
4096,0.7,109,"x4","x13","none","b<a","transitivity",NA,1,FALSE,0,TRUE,TRUE,NA,NA,0.0364426851402104,FALSE,TRUE,FALSE
4096,0.7,109,"x4","x14","a<b","b<a","R1",1,1,TRUE,1,TRUE,TRUE,4,5,0.189992398395437,TRUE,TRUE,FALSE
4096,0.7,109,"x4","x15","none","b<a","transitivity",NA,1,FALSE,0,FALSE,TRUE,NA,NA,0.00160789009898876,FALSE,TRUE,FALSE
4096,0.7,109,"x4","x5","none","b<a","R1",1,1,FALSE,0,TRUE,TRUE,NA,NA,0.0665725531408283,FALSE,TRUE,FALSE
4096,0.7,109,"x4","x6","a<b","a<b","R1",2,1,TRUE,1,TRUE,FALSE,1,5,0.302698622229944,TRUE,TRUE,TRUE
4096,0.7,109,"x4","x7","none","b<a","transitivity",NA,1,FALSE,0,TRUE,TRUE,NA,NA,0.0389401687478322,FALSE,TRUE,FALSE
4096,0.7,109,"x4","x8","none","b<a","transitivity",NA,1,FALSE,0,FALSE,TRUE,NA,NA,0.00713258580973945,FALSE,TRUE,FALSE
4096,0.7,109,"x4","x9","none","a<b","R1",1,1,FALSE,0,TRUE,TRUE,NA,NA,0.0701262866147668,FALSE,TRUE,FALSE
4096,0.7,109,"x5","x10","a<b","a<b","R1",2,1,FALSE,1,TRUE,TRUE,3,3,0.0579720758186468,TRUE,TRUE,TRUE
4096,0.7,109,"x5","x11","a<b","a<b","R1",1,1,FALSE,2,TRUE,TRUE,4,6,0.130752982216989,TRUE,TRUE,TRUE
4096,0.7,109,"x5","x12","a<b","b<a","R1",1,1,FALSE,1,TRUE,TRUE,2,6,0.0523373537682056,TRUE,TRUE,FALSE
4096,0.7,109,"x5","x13","a<b","b<a","transitivity",NA,1,FALSE,2,TRUE,TRUE,3,2,0.133948635229611,TRUE,TRUE,FALSE
4096,0.7,109,"x5","x14","a<b","a<b","R1",1,1,FALSE,4,FALSE,TRUE,4,5,0.0381729630177678,TRUE,TRUE,TRUE
4096,0.7,109,"x5","x15","a<b","b<a","R1",1,1,FALSE,3,TRUE,TRUE,3,5,0.104851880934051,TRUE,TRUE,FALSE
4096,0.7,109,"x5","x6","none","a<b","transitivity",NA,1,FALSE,0,FALSE,TRUE,NA,NA,0.0346405692109783,FALSE,TRUE,FALSE
4096,0.7,109,"x5","x7","a<b","a<b","R1",3,1,TRUE,1,TRUE,TRUE,2,7,0.166713309158385,TRUE,TRUE,TRUE
4096,0.7,109,"x5","x8","a<b","a<b","R1",3,1,TRUE,1,TRUE,FALSE,1,5,0.246983020510081,TRUE,TRUE,TRUE
4096,0.7,109,"x5","x9","a<b","a<b","R1",1,1,FALSE,1,FALSE,TRUE,3,0,0.0897527980738308,TRUE,TRUE,TRUE
4096,0.7,109,"x6","x10","none","none","R3",NA,2,FALSE,0,TRUE,TRUE,NA,NA,0.0199896983615963,FALSE,FALSE,TRUE
4096,0.7,109,"x6","x11","none","none","R3",NA,1,FALSE,0,FALSE,TRUE,NA,NA,0.0281841830013652,FALSE,FALSE,TRUE
4096,0.7,109,"x6","x12","none","b<a","transitivity",NA,1,FALSE,0,TRUE,TRUE,NA,NA,0.00124889621970705,FALSE,TRUE,FALSE
4096,0.7,109,"x6","x13","none","b<a","transitivity",NA,1,FALSE,0,TRUE,TRUE,NA,NA,0.00536739361230113,FALSE,TRUE,FALSE
4096,0.7,109,"x6","x14","none","b<a","transitivity",NA,1,FALSE,0,TRUE,TRUE,NA,NA,0.083881494949785,FALSE,TRUE,FALSE
4096,0.7,109,"x6","x15","none","b<a","transitivity",NA,1,FALSE,0,FALSE,TRUE,NA,NA,0.00862698257448219,FALSE,TRUE,FALSE
4096,0.7,109,"x6","x7","none","b<a","transitivity",NA,1,FALSE,0,TRUE,TRUE,NA,NA,0.0158301026233515,FALSE,TRUE,FALSE
4096,0.7,109,"x6","x8","none","b<a","transitivity",NA,1,FALSE,0,FALSE,TRUE,NA,NA,0.0173701478793753,FALSE,TRUE,FALSE
4096,0.7,109,"x6","x9","none","none","R3",NA,1,FALSE,0,FALSE,TRUE,NA,NA,0.00890818056183699,FALSE,FALSE,TRUE
4096,0.7,109,"x7","x10","a<b","a<b","R1",5,1,TRUE,1,TRUE,TRUE,3,3,0.281596187892008,TRUE,TRUE,TRUE
4096,0.7,109,"x7","x11","a<b","a<b","R1",1,1,TRUE,2,TRUE,TRUE,4,6,0.109574531971243,TRUE,TRUE,TRUE
4096,0.7,109,"x7","x12","a<b","b<a","transitivity",NA,1,TRUE,1,FALSE,FALSE,2,6,0.226588623010215,TRUE,TRUE,FALSE
4096,0.7,109,"x7","x13","a<b","b<a","transitivity",NA,1,TRUE,2,TRUE,TRUE,3,2,0.310409609586922,TRUE,TRUE,FALSE
4096,0.7,109,"x7","x14","a<b","a<b","R1",2,1,TRUE,3,TRUE,TRUE,4,5,0.178594976201468,TRUE,TRUE,TRUE
4096,0.7,109,"x7","x15","a<b","b<a","transitivity",NA,1,FALSE,2,TRUE,TRUE,3,5,0.095561993740663,TRUE,TRUE,FALSE
4096,0.7,109,"x7","x8","none","b<a","R2",1,1,FALSE,0,TRUE,TRUE,NA,NA,0.0565520936545741,FALSE,TRUE,FALSE
4096,0.7,109,"x7","x9","a<b","a<b","R1",5,1,TRUE,1,FALSE,FALSE,3,0,0.333158695732282,TRUE,TRUE,TRUE
4096,0.7,109,"x8","x10","none","a<b","transitivity",NA,1,FALSE,0,FALSE,TRUE,NA,NA,0.0231197399183208,FALSE,TRUE,FALSE
4096,0.7,109,"x8","x11","none","a<b","transitivity",NA,1,FALSE,0,TRUE,TRUE,NA,NA,0.0345243451299758,FALSE,TRUE,FALSE
4096,0.7,109,"x8","x12","none","b<a","transitivity",NA,1,FALSE,0,FALSE,TRUE,NA,NA,0.0101169827384723,FALSE,TRUE,FALSE
4096,0.7,109,"x8","x13","none","b<a","transitivity",NA,1,FALSE,0,TRUE,TRUE,NA,NA,0.0275490001193237,FALSE,TRUE,FALSE
4096,0.7,109,"x8","x14","a<b","a<b","R1",2,1,TRUE,1,FALSE,TRUE,4,5,0.221709255095364,TRUE,TRUE,TRUE
4096,0.7,109,"x8","x15","a<b","b<a","transitivity",NA,1,TRUE,1,FALSE,TRUE,3,5,0.218568127594586,TRUE,TRUE,FALSE
4096,0.7,109,"x8","x9","none","a<b","transitivity",NA,1,FALSE,0,FALSE,TRUE,NA,NA,0.0268218588463135,FALSE,TRUE,FALSE
4096,0.7,109,"x9","x10","none","a<b","R1",1,1,FALSE,0,TRUE,TRUE,NA,NA,0.192038256565006,FALSE,TRUE,FALSE
4096,0.7,109,"x9","x11","none","a<b","R1",1,1,FALSE,0,TRUE,TRUE,NA,NA,0.127053933624794,FALSE,TRUE,FALSE
4096,0.7,109,"x9","x12","none","b<a","transitivity",NA,1,FALSE,0,TRUE,TRUE,NA,NA,0.171310434462894,FALSE,TRUE,FALSE
4096,0.7,109,"x9","x13","none","b<a","R1",1,1,FALSE,0,TRUE,TRUE,NA,NA,0.191528410571153,FALSE,TRUE,FALSE
4096,0.7,109,"x9","x14","none","b<a","transitivity",NA,1,FALSE,0,TRUE,TRUE,NA,NA,0.0202409732524104,FALSE,TRUE,FALSE
4096,0.7,109,"x9","x15","none","b<a","transitivity",NA,1,FALSE,0,TRUE,TRUE,NA,NA,0.165700325097056,FALSE,TRUE,FALSE
4096,0.7,110,"x1","x10","a<b","a<b","R1",3,1,FALSE,7,FALSE,FALSE,3,5,0.208060401057898,TRUE,TRUE,TRUE
4096,0.7,110,"x1","x11","a<b","a<b","R1",1,1,FALSE,8,TRUE,FALSE,4,5,0.0759644256745144,TRUE,TRUE,TRUE
4096,0.7,110,"x1","x12","a<b","a<b","transitivity",NA,1,FALSE,2,FALSE,FALSE,1,1,0.0281110653961754,TRUE,TRUE,TRUE
4096,0.7,110,"x1","x13","a<b","a<b","R1",2,1,TRUE,12,FALSE,FALSE,4,7,0.271658521027893,TRUE,TRUE,TRUE
4096,0.7,110,"x1","x14","a<b","a<b","R1",1,1,FALSE,12,TRUE,FALSE,2,12,0.0860505350879444,TRUE,TRUE,TRUE
4096,0.7,110,"x1","x15","a<b","b<a","R1",1,1,TRUE,1,TRUE,FALSE,2,2,0.34169546498122,TRUE,TRUE,FALSE
4096,0.7,110,"x1","x2","none","a<b","transitivity",NA,1,FALSE,0,TRUE,FALSE,NA,NA,0.0137109545522868,FALSE,TRUE,FALSE
4096,0.7,110,"x1","x3","none","a<b","transitivity",NA,1,FALSE,0,FALSE,FALSE,NA,NA,0.0111648929889099,FALSE,TRUE,FALSE
4096,0.7,110,"x1","x4","a<b","a<b","R1",5,1,TRUE,1,FALSE,FALSE,1,5,0.293625357491056,TRUE,TRUE,TRUE
4096,0.7,110,"x1","x5","a<b","a<b","transitivity",NA,1,TRUE,2,FALSE,FALSE,3,8,0.142785382394768,TRUE,TRUE,TRUE
4096,0.7,110,"x1","x6","a<b","a<b","R1",1,1,TRUE,3,FALSE,FALSE,2,5,0.24248888708246,TRUE,TRUE,TRUE
4096,0.7,110,"x1","x7","a<b","a<b","R1",3,1,TRUE,1,TRUE,FALSE,2,4,0.283904813249073,TRUE,TRUE,TRUE
4096,0.7,110,"x1","x8","a<b","a<b","R1",4,1,TRUE,3,TRUE,FALSE,4,7,0.278377848171656,TRUE,TRUE,TRUE
4096,0.7,110,"x1","x9","a<b","a<b","R1",5,1,TRUE,4,FALSE,FALSE,3,2,0.351013453973212,TRUE,TRUE,TRUE
4096,0.7,110,"x10","x11","none","a<b","transitivity",NA,1,FALSE,0,TRUE,TRUE,NA,NA,0.00760637403555151,FALSE,TRUE,FALSE
4096,0.7,110,"x10","x12","none","a<b","transitivity",NA,1,FALSE,0,TRUE,TRUE,NA,NA,0.020122617883874,FALSE,TRUE,FALSE
4096,0.7,110,"x10","x13","none","a<b","R1",2,1,FALSE,0,TRUE,TRUE,NA,NA,0.106580757697672,FALSE,TRUE,FALSE
4096,0.7,110,"x10","x14","none","none","R3",NA,1,FALSE,0,TRUE,TRUE,NA,NA,0.0108696059758493,FALSE,FALSE,TRUE
4096,0.7,110,"x10","x15","none","b<a","R1",1,1,FALSE,0,FALSE,TRUE,NA,NA,0.0573482963151511,FALSE,TRUE,FALSE
4096,0.7,110,"x11","x12","none","none","R3",NA,1,FALSE,0,FALSE,TRUE,NA,NA,0.0123363429630263,FALSE,FALSE,TRUE
4096,0.7,110,"x11","x13","a<b","b<a","transitivity",NA,1,TRUE,1,TRUE,TRUE,4,7,0.352811553052244,TRUE,TRUE,FALSE
4096,0.7,110,"x11","x14","a<b","b<a","transitivity",NA,1,FALSE,1,TRUE,TRUE,2,12,0.150728076606354,TRUE,TRUE,FALSE
4096,0.7,110,"x11","x15","none","b<a","transitivity",NA,1,FALSE,0,FALSE,TRUE,NA,NA,0.0826676907836089,FALSE,TRUE,FALSE
4096,0.7,110,"x12","x13","none","b<a","transitivity",NA,1,FALSE,0,FALSE,TRUE,NA,NA,0.0195795041874318,FALSE,TRUE,FALSE
4096,0.7,110,"x12","x14","none","b<a","transitivity",NA,1,FALSE,0,FALSE,TRUE,NA,NA,0.0182779843614652,FALSE,TRUE,FALSE
4096,0.7,110,"x12","x15","none","b<a","transitivity",NA,1,FALSE,0,FALSE,TRUE,NA,NA,0.0305692761004409,FALSE,TRUE,FALSE
4096,0.7,110,"x13","x14","a<b","b<a","R1",2,1,TRUE,1,TRUE,TRUE,2,12,0.285831847432533,TRUE,TRUE,FALSE
4096,0.7,110,"x13","x15","none","b<a","transitivity",NA,1,FALSE,0,TRUE,TRUE,NA,NA,0.154680136041834,FALSE,TRUE,FALSE
4096,0.7,110,"x14","x15","none","b<a","transitivity",NA,1,FALSE,0,TRUE,TRUE,NA,NA,0.0425189074507024,FALSE,TRUE,FALSE
4096,0.7,110,"x2","x10","a<b","a<b","R2",1,1,FALSE,4,FALSE,FALSE,3,5,0.0994597963336263,TRUE,TRUE,TRUE
4096,0.7,110,"x2","x11","a<b","a<b","R1",3,1,TRUE,6,TRUE,FALSE,4,5,0.263233016213478,TRUE,TRUE,TRUE
4096,0.7,110,"x2","x12","a<b","a<b","transitivity",NA,1,FALSE,1,FALSE,FALSE,1,1,0.113509005330699,TRUE,TRUE,TRUE
4096,0.7,110,"x2","x13","a<b","a<b","R1",2,1,TRUE,8,TRUE,FALSE,4,7,0.231307313451378,TRUE,TRUE,TRUE
4096,0.7,110,"x2","x14","a<b","a<b","R1",2,1,TRUE,9,TRUE,FALSE,2,12,0.233330676800753,TRUE,TRUE,TRUE
4096,0.7,110,"x2","x15","a<b","b<a","transitivity",NA,1,FALSE,1,FALSE,FALSE,2,2,0.118169128451134,TRUE,TRUE,FALSE
4096,0.7,110,"x2","x3","a<b","a<b","R1",3,1,TRUE,1,TRUE,FALSE,1,3,0.356880790651533,TRUE,TRUE,TRUE
4096,0.7,110,"x2","x4","none","b<a","transitivity",NA,1,FALSE,0,FALSE,FALSE,NA,NA,0.00686450164121062,FALSE,TRUE,FALSE
4096,0.7,110,"x2","x5","a<b","a<b","R1",3,1,TRUE,1,FALSE,FALSE,3,8,0.225381282946095,TRUE,TRUE,TRUE
4096,0.7,110,"x2","x6","a<b","b<a","R1",1,1,FALSE,1,TRUE,FALSE,2,5,0.0624623912863934,TRUE,TRUE,FALSE
4096,0.7,110,"x2","x7","a<b","a<b","R1",1,1,FALSE,1,FALSE,FALSE,2,4,0.102128645134817,TRUE,TRUE,TRUE
4096,0.7,110,"x2","x8","a<b","a<b","R1",2,1,TRUE,2,FALSE,FALSE,4,7,0.176593709736706,TRUE,TRUE,TRUE
4096,0.7,110,"x2","x9","a<b","a<b","R1",3,1,TRUE,3,FALSE,FALSE,3,2,0.212083476214968,TRUE,TRUE,TRUE
4096,0.7,110,"x3","x10","a<b","b<a","R2",1,1,FALSE,2,TRUE,TRUE,3,5,0.12669330513348,TRUE,TRUE,FALSE
4096,0.7,110,"x3","x11","a<b","a<b","R1",1,1,FALSE,2,TRUE,TRUE,4,5,0.134788712566455,TRUE,TRUE,TRUE
4096,0.7,110,"x3","x12","none","a<b","transitivity",NA,1,FALSE,0,FALSE,TRUE,NA,NA,0.0017608427214285,FALSE,TRUE,FALSE
4096,0.7,110,"x3","x13","a<b","a<b","R1",1,1,FALSE,2,TRUE,TRUE,4,7,0.0800699062846403,TRUE,TRUE,TRUE
4096,0.7,110,"x3","x14","a<b","a<b","R1",1,1,FALSE,2,TRUE,TRUE,2,12,0.100975260772294,TRUE,TRUE,TRUE
4096,0.7,110,"x3","x15","a<b","b<a","transitivity",NA,1,TRUE,1,FALSE,FALSE,2,2,0.365243407185048,TRUE,TRUE,FALSE
4096,0.7,110,"x3","x4","none","b<a","transitivity",NA,1,FALSE,0,TRUE,FALSE,NA,NA,0.0246524920511169,FALSE,TRUE,FALSE
4096,0.7,110,"x3","x5","none","a<b","R1",1,1,FALSE,0,TRUE,TRUE,NA,NA,0.0855943952217456,FALSE,TRUE,FALSE
4096,0.7,110,"x3","x6","none","b<a","transitivity",NA,1,FALSE,0,FALSE,TRUE,NA,NA,0.0266250305327617,FALSE,TRUE,FALSE
4096,0.7,110,"x3","x7","a<b","a<b","R1",4,1,TRUE,1,FALSE,FALSE,2,4,0.250034735916245,TRUE,TRUE,TRUE
4096,0.7,110,"x3","x8","a<b","a<b","R1",2,1,FALSE,1,TRUE,TRUE,4,7,0.119006767373161,TRUE,TRUE,TRUE
4096,0.7,110,"x3","x9","a<b","a<b","R1",1,1,FALSE,1,TRUE,TRUE,3,2,0.0955617249278781,TRUE,TRUE,TRUE
4096,0.7,110,"x4","x10","a<b","a<b","R1",1,1,FALSE,2,TRUE,TRUE,3,5,0.135555831904397,TRUE,TRUE,TRUE
4096,0.7,110,"x4","x11","a<b","a<b","R1",1,1,FALSE,2,TRUE,TRUE,4,5,0.0573851274198511,TRUE,TRUE,TRUE
4096,0.7,110,"x4","x12","a<b","a<b","transitivity",NA,1,FALSE,1,FALSE,TRUE,1,1,0.0374509795063391,TRUE,TRUE,TRUE
4096,0.7,110,"x4","x13","a<b","a<b","transitivity",NA,1,FALSE,3,TRUE,TRUE,4,7,0.113621523826483,TRUE,TRUE,TRUE
4096,0.7,110,"x4","x14","a<b","a<b","transitivity",NA,1,FALSE,3,TRUE,TRUE,2,12,0.0379215294932795,TRUE,TRUE,TRUE
4096,0.7,110,"x4","x15","none","b<a","transitivity",NA,1,FALSE,0,TRUE,TRUE,NA,NA,0.107255019703556,FALSE,TRUE,FALSE
4096,0.7,110,"x4","x5","a<b","a<b","R1",3,1,TRUE,1,TRUE,TRUE,3,8,0.124155163681676,TRUE,TRUE,TRUE
4096,0.7,110,"x4","x6","a<b","a<b","R1",2,1,FALSE,1,TRUE,TRUE,2,5,0.129776733280357,TRUE,TRUE,TRUE
4096,0.7,110,"x4","x7","none","a<b","transitivity",NA,1,FALSE,0,TRUE,TRUE,NA,NA,0.0866303631478841,FALSE,TRUE,FALSE
4096,0.7,110,"x4","x8","a<b","a<b","R1",2,1,TRUE,1,TRUE,TRUE,4,7,0.250184399242578,TRUE,TRUE,TRUE
4096,0.7,110,"x4","x9","a<b","a<b","transitivity",NA,1,FALSE,1,TRUE,TRUE,3,2,0.211797496477458,TRUE,TRUE,TRUE
4096,0.7,110,"x5","x10","a<b","b<a","R1",2,1,FALSE,1,TRUE,TRUE,3,5,0.0757512423920703,TRUE,TRUE,FALSE
4096,0.7,110,"x5","x11","a<b","a<b","transitivity",NA,1,FALSE,1,TRUE,TRUE,4,5,0.0599483389409817,TRUE,TRUE,TRUE
4096,0.7,110,"x5","x12","a<b","a<b","R1",8,1,TRUE,1,FALSE,FALSE,1,1,0.440071979986601,TRUE,TRUE,TRUE
4096,0.7,110,"x5","x13","a<b","b<a","R1",1,1,FALSE,2,TRUE,TRUE,4,7,0.0853944391209817,TRUE,TRUE,FALSE
4096,0.7,110,"x5","x14","a<b","b<a","R1",1,1,FALSE,2,TRUE,TRUE,2,12,0.0468941527259571,TRUE,TRUE,FALSE
4096,0.7,110,"x5","x15","none","b<a","R1",1,1,FALSE,0,TRUE,TRUE,NA,NA,0.0695165908683658,FALSE,TRUE,FALSE
4096,0.7,110,"x5","x6","a<b","b<a","transitivity",NA,1,TRUE,1,TRUE,TRUE,2,5,0.234034437368463,TRUE,TRUE,FALSE
4096,0.7,110,"x5","x7","none","a<b","R1",1,1,FALSE,0,TRUE,TRUE,NA,NA,0.054148193982283,FALSE,TRUE,FALSE
4096,0.7,110,"x5","x8","none","a<b","R1",1,1,FALSE,0,TRUE,TRUE,NA,NA,0.063133708653629,FALSE,TRUE,FALSE
4096,0.7,110,"x5","x9","none","b<a","R1",2,1,FALSE,0,TRUE,TRUE,NA,NA,0.115512752974421,FALSE,TRUE,FALSE
4096,0.7,110,"x6","x10","a<b","a<b","R1",3,1,TRUE,1,FALSE,TRUE,3,5,0.291830177582046,TRUE,TRUE,TRUE
4096,0.7,110,"x6","x11","a<b","a<b","R1",2,1,TRUE,1,TRUE,TRUE,4,5,0.217774682269544,TRUE,TRUE,TRUE
4096,0.7,110,"x6","x12","none","a<b","transitivity",NA,1,FALSE,0,TRUE,TRUE,NA,NA,0.145948938700472,FALSE,TRUE,FALSE
4096,0.7,110,"x6","x13","a<b","a<b","R1",3,1,TRUE,2,TRUE,TRUE,4,7,0.29744526185946,TRUE,TRUE,TRUE
4096,0.7,110,"x6","x14","a<b","a<b","R1",1,1,FALSE,2,TRUE,TRUE,2,12,0.0688857861821534,TRUE,TRUE,TRUE
4096,0.7,110,"x6","x15","none","b<a","transitivity",NA,1,FALSE,0,TRUE,TRUE,NA,NA,0.0831866828358997,FALSE,TRUE,FALSE
4096,0.7,110,"x6","x7","none","a<b","transitivity",NA,1,FALSE,0,TRUE,TRUE,NA,NA,0.0555914011369348,FALSE,TRUE,FALSE
4096,0.7,110,"x6","x8","none","a<b","R1",1,1,FALSE,0,TRUE,TRUE,NA,NA,0.119086759335944,FALSE,TRUE,FALSE
4096,0.7,110,"x6","x9","none","a<b","R1",3,1,FALSE,0,TRUE,TRUE,NA,NA,0.109771578072531,FALSE,TRUE,FALSE
4096,0.7,110,"x7","x10","a<b","b<a","transitivity",NA,1,TRUE,2,FALSE,TRUE,3,5,0.362232533993392,TRUE,TRUE,FALSE
4096,0.7,110,"x7","x11","a<b","a<b","R1",1,1,TRUE,2,FALSE,TRUE,4,5,0.183257406144515,TRUE,TRUE,TRUE
4096,0.7,110,"x7","x12","none","none","R3",NA,1,FALSE,0,FALSE,TRUE,NA,NA,0.0433550464145308,FALSE,FALSE,TRUE
4096,0.7,110,"x7","x13","a<b","b<a","transitivity",NA,1,FALSE,2,TRUE,TRUE,4,7,0.00394038297321411,TRUE,TRUE,FALSE
4096,0.7,110,"x7","x14","a<b","b<a","transitivity",NA,1,FALSE,2,TRUE,TRUE,2,12,0.0306653937712766,TRUE,TRUE,FALSE
4096,0.7,110,"x7","x15","none","b<a","transitivity",NA,1,FALSE,0,TRUE,TRUE,NA,NA,0.0126984979860738,FALSE,TRUE,FALSE
4096,0.7,110,"x7","x8","a<b","a<b","R1",5,1,TRUE,1,TRUE,TRUE,4,7,0.290603143398698,TRUE,TRUE,TRUE
4096,0.7,110,"x7","x9","a<b","b<a","R1",1,1,FALSE,1,TRUE,TRUE,3,2,0.125119109215354,TRUE,TRUE,FALSE
4096,0.7,110,"x8","x10","a<b","b<a","transitivity",NA,1,TRUE,1,TRUE,TRUE,3,5,0.371810276568359,TRUE,TRUE,FALSE
4096,0.7,110,"x8","x11","a<b","none","R3",NA,1,FALSE,1,TRUE,TRUE,4,5,0.00760764533909328,TRUE,FALSE,FALSE
4096,0.7,110,"x8","x12","none","none","R3",NA,1,FALSE,0,TRUE,TRUE,NA,NA,0.02468328806292,FALSE,FALSE,TRUE
4096,0.7,110,"x8","x13","a<b","b<a","transitivity",NA,1,FALSE,1,TRUE,TRUE,4,7,0.0393916486906775,TRUE,TRUE,FALSE
4096,0.7,110,"x8","x14","a<b","b<a","transitivity",NA,1,FALSE,1,TRUE,TRUE,2,12,0.0290546589539221,TRUE,TRUE,FALSE
4096,0.7,110,"x8","x15","none","b<a","R1",2,1,FALSE,0,TRUE,TRUE,NA,NA,0.0644202244829889,FALSE,TRUE,FALSE
4096,0.7,110,"x8","x9","a<b","b<a","transitivity",NA,1,TRUE,1,TRUE,TRUE,3,2,0.308357849259416,TRUE,TRUE,FALSE
4096,0.7,110,"x9","x10","none","b<a","R1",3,1,FALSE,0,TRUE,TRUE,NA,NA,0.18693864492585,FALSE,TRUE,FALSE
4096,0.7,110,"x9","x11","a<b","a<b","transitivity",NA,1,TRUE,1,TRUE,TRUE,4,5,0.322166743144355,TRUE,TRUE,TRUE
4096,0.7,110,"x9","x12","none","a<b","transitivity",NA,1,FALSE,0,FALSE,TRUE,NA,NA,0.0673194639192436,FALSE,TRUE,FALSE
4096,0.7,110,"x9","x13","a<b","a<b","R1",1,1,FALSE,1,TRUE,TRUE,4,7,0.236370674319915,TRUE,TRUE,TRUE
4096,0.7,110,"x9","x14","a<b","b<a","R1",1,1,FALSE,1,TRUE,TRUE,2,12,0.085609615558619,TRUE,TRUE,FALSE
4096,0.7,110,"x9","x15","none","b<a","R1",3,1,FALSE,0,TRUE,TRUE,NA,NA,0.20750612177879,FALSE,TRUE,FALSE
1024,0.9,101,"x1","x10","none","none","R3",NA,1,FALSE,0,FALSE,FALSE,NA,NA,0.0111958939616926,FALSE,FALSE,TRUE
1024,0.9,101,"x1","x11","a<b","a<b","R1",1,1,FALSE,1,FALSE,FALSE,2,4,0.102833418586852,TRUE,TRUE,TRUE
1024,0.9,101,"x1","x12","none","a<b","transitivity",NA,1,FALSE,0,TRUE,FALSE,NA,NA,0.0386578969838937,FALSE,TRUE,FALSE
1024,0.9,101,"x1","x13","none","none","R3",NA,1,FALSE,0,TRUE,FALSE,NA,NA,0.0316145289344312,FALSE,FALSE,TRUE
1024,0.9,101,"x1","x14","none","none","R3",NA,1,FALSE,0,FALSE,FALSE,NA,NA,0.0292247974922489,FALSE,FALSE,TRUE
1024,0.9,101,"x1","x15","none","none","R3",NA,1,FALSE,0,TRUE,FALSE,NA,NA,0.0332136092587136,FALSE,FALSE,TRUE
1024,0.9,101,"x1","x2","a<b","a<b","R1",5,1,TRUE,1,TRUE,FALSE,1,4,0.371883527781657,TRUE,TRUE,TRUE
1024,0.9,101,"x1","x3","none","none","R3",NA,1,FALSE,0,TRUE,FALSE,NA,NA,0.0104826067520049,FALSE,FALSE,TRUE
1024,0.9,101,"x1","x4","none","none","R3",NA,1,FALSE,0,TRUE,FALSE,NA,NA,0.0240077938177582,FALSE,FALSE,TRUE
1024,0.9,101,"x1","x5","none","none","R3",NA,1,FALSE,0,TRUE,FALSE,NA,NA,0.0599203081881658,FALSE,FALSE,TRUE
1024,0.9,101,"x1","x6","none","none","R3",NA,1,FALSE,0,FALSE,FALSE,NA,NA,0.0362388214454728,FALSE,FALSE,TRUE
1024,0.9,101,"x1","x7","none","none","R3",NA,1,FALSE,0,FALSE,FALSE,NA,NA,0.0143806433691867,FALSE,FALSE,TRUE
1024,0.9,101,"x1","x8","a<b","a<b","R1",2,1,TRUE,1,FALSE,FALSE,1,2,0.352189378100115,TRUE,TRUE,TRUE
1024,0.9,101,"x1","x9","none","none","R3",NA,1,FALSE,0,TRUE,FALSE,NA,NA,0.0104555089911071,FALSE,FALSE,TRUE
1024,0.9,101,"x10","x11","none","none","R3",NA,1,FALSE,0,FALSE,FALSE,NA,NA,0.0197336929966415,FALSE,FALSE,TRUE
1024,0.9,101,"x10","x12","none","none","R3",NA,1,FALSE,0,FALSE,FALSE,NA,NA,0.0492331612723428,FALSE,FALSE,TRUE
1024,0.9,101,"x10","x13","none","none","R3",NA,1,FALSE,0,FALSE,FALSE,NA,NA,0.0249424427590022,FALSE,FALSE,TRUE
1024,0.9,101,"x10","x14","none","none","R3",NA,1,FALSE,0,TRUE,FALSE,NA,NA,0.0158446087019159,FALSE,FALSE,TRUE
1024,0.9,101,"x10","x15","none","none","R3",NA,1,FALSE,0,TRUE,FALSE,NA,NA,0.00807961466436791,FALSE,FALSE,TRUE
1024,0.9,101,"x11","x12","none","none","R3",NA,1,FALSE,0,FALSE,FALSE,NA,NA,0.0443784781832019,FALSE,FALSE,TRUE
1024,0.9,101,"x11","x13","none","none","R3",NA,1,FALSE,0,FALSE,FALSE,NA,NA,0.0532903020274348,FALSE,FALSE,TRUE
1024,0.9,101,"x11","x14","none","b<a","R1",1,1,FALSE,0,TRUE,TRUE,NA,NA,0.111852722592145,FALSE,TRUE,FALSE
1024,0.9,101,"x11","x15","none","none","R3",NA,1,FALSE,0,TRUE,TRUE,NA,NA,0.0954894268579293,FALSE,FALSE,TRUE
1024,0.9,101,"x12","x13","none","none","R3",NA,1,FALSE,0,TRUE,FALSE,NA,NA,0.0306137973572302,FALSE,FALSE,TRUE
1024,0.9,101,"x12","x14","none","none","R3",NA,1,FALSE,0,FALSE,FALSE,NA,NA,0.0548538461493475,FALSE,FALSE,TRUE
1024,0.9,101,"x12","x15","none","none","R3",NA,1,FALSE,0,TRUE,TRUE,NA,NA,0.0404104296281379,FALSE,FALSE,TRUE
1024,0.9,101,"x13","x14","none","none","R3",NA,1,FALSE,0,FALSE,FALSE,NA,NA,0.0027021275486804,FALSE,FALSE,TRUE
1024,0.9,101,"x13","x15","none","none","R3",NA,1,FALSE,0,TRUE,FALSE,NA,NA,0.0375139139327415,FALSE,FALSE,TRUE
1024,0.9,101,"x14","x15","none","none","R3",NA,1,FALSE,0,TRUE,TRUE,NA,NA,0.100771641064797,FALSE,FALSE,TRUE
1024,0.9,101,"x2","x10","none","none","R3",NA,1,FALSE,0,FALSE,FALSE,NA,NA,0.0570200320452105,FALSE,FALSE,TRUE
1024,0.9,101,"x2","x11","none","none","R3",NA,1,FALSE,0,TRUE,TRUE,NA,NA,0.00607550368943983,FALSE,FALSE,TRUE
1024,0.9,101,"x2","x12","none","a<b","R1",2,1,FALSE,0,TRUE,FALSE,NA,NA,0.0805802817356522,FALSE,TRUE,FALSE
1024,0.9,101,"x2","x13","none","none","R3",NA,1,FALSE,0,FALSE,FALSE,NA,NA,0.0072671788552539,FALSE,FALSE,TRUE
1024,0.9,101,"x2","x14","none","none","R3",NA,1,FALSE,0,FALSE,FALSE,NA,NA,0.020314308015249,FALSE,FALSE,TRUE
1024,0.9,101,"x2","x15","none","none","R3",NA,1,FALSE,0,TRUE,FALSE,NA,NA,0.0124415855471138,FALSE,FALSE,TRUE
1024,0.9,101,"x2","x3","none","none","R3",NA,1,FALSE,0,TRUE,FALSE,NA,NA,0.0440059257684639,FALSE,FALSE,TRUE
1024,0.9,101,"x2","x4","none","none","R3",NA,1,FALSE,0,FALSE,FALSE,NA,NA,0.0672410785832786,FALSE,FALSE,TRUE
1024,0.9,101,"x2","x5","none","none","R3",NA,1,FALSE,0,TRUE,FALSE,NA,NA,0.061067035495475,FALSE,FALSE,TRUE
1024,0.9,101,"x2","x6","none","none","R3",NA,1,FALSE,0,FALSE,FALSE,NA,NA,0.0176696116771547,FALSE,FALSE,TRUE
1024,0.9,101,"x2","x7","none","none","R3",NA,1,FALSE,0,FALSE,FALSE,NA,NA,0.0094557478879093,FALSE,FALSE,TRUE
1024,0.9,101,"x2","x8","none","a<b","R2",2,1,FALSE,0,TRUE,TRUE,NA,NA,0.165819106196982,FALSE,TRUE,FALSE
1024,0.9,101,"x2","x9","none","none","R3",NA,1,FALSE,0,TRUE,FALSE,NA,NA,0.052328179773301,FALSE,FALSE,TRUE
1024,0.9,101,"x3","x10","none","none","R3",NA,1,FALSE,0,FALSE,FALSE,NA,NA,0.0406596583004046,FALSE,FALSE,TRUE
1024,0.9,101,"x3","x11","none","none","R3",NA,1,FALSE,0,FALSE,FALSE,NA,NA,0.0185342887886328,FALSE,FALSE,TRUE
1024,0.9,101,"x3","x12","none","none","R3",NA,1,FALSE,0,FALSE,FALSE,NA,NA,0.0346223034919274,FALSE,FALSE,TRUE
1024,0.9,101,"x3","x13","a<b","a<b","transitivity",NA,1,FALSE,1,FALSE,FALSE,1,6,0.043779948895351,TRUE,TRUE,TRUE
1024,0.9,101,"x3","x14","none","none","R3",NA,1,FALSE,0,FALSE,FALSE,NA,NA,0.0039171471044065,FALSE,FALSE,TRUE
1024,0.9,101,"x3","x15","none","none","R3",NA,1,FALSE,0,TRUE,FALSE,NA,NA,0.00956470199435562,FALSE,FALSE,TRUE
1024,0.9,101,"x3","x4","a<b","a<b","R1",2,1,TRUE,1,TRUE,FALSE,1,5,0.241082233348257,TRUE,TRUE,TRUE
1024,0.9,101,"x3","x5","none","none","R3",NA,1,FALSE,0,TRUE,FALSE,NA,NA,0.0332712402729363,FALSE,FALSE,TRUE
1024,0.9,101,"x3","x6","none","none","R3",NA,1,FALSE,0,FALSE,FALSE,NA,NA,0.00576276157225857,FALSE,FALSE,TRUE
1024,0.9,101,"x3","x7","none","none","R3",NA,1,FALSE,0,FALSE,FALSE,NA,NA,0.0217853370982701,FALSE,FALSE,TRUE
1024,0.9,101,"x3","x8","none","none","R3",NA,1,FALSE,0,FALSE,FALSE,NA,NA,0.0199702649682945,FALSE,FALSE,TRUE
1024,0.9,101,"x3","x9","none","none","R3",NA,1,FALSE,0,TRUE,FALSE,NA,NA,0.0321659006956199,FALSE,FALSE,TRUE
1024,0.9,101,"x4","x10","none","none","R3",NA,1,FALSE,0,FALSE,FALSE,NA,NA,0.00577276968854399,FALSE,FALSE,TRUE
1024,0.9,101,"x4","x11","none","none","R3",NA,1,FALSE,0,FALSE,FALSE,NA,NA,0.0338406327934627,FALSE,FALSE,TRUE
1024,0.9,101,"x4","x12","none","none","R3",NA,1,FALSE,0,TRUE,FALSE,NA,NA,0.0128191974216297,FALSE,FALSE,TRUE
1024,0.9,101,"x4","x13","a<b","a<b","R1",2,1,TRUE,1,TRUE,FALSE,1,6,0.24105769752371,TRUE,TRUE,TRUE
1024,0.9,101,"x4","x14","none","none","R3",NA,1,FALSE,0,FALSE,FALSE,NA,NA,0.0043813222413749,FALSE,FALSE,TRUE
1024,0.9,101,"x4","x15","none","none","R3",NA,1,FALSE,0,TRUE,FALSE,NA,NA,0.0138356234153552,FALSE,FALSE,TRUE
1024,0.9,101,"x4","x5","none","none","R3",NA,1,FALSE,0,TRUE,FALSE,NA,NA,0.00688000956337019,FALSE,FALSE,TRUE
1024,0.9,101,"x4","x6","none","none","R3",NA,1,FALSE,0,FALSE,FALSE,NA,NA,0.0296011045338516,FALSE,FALSE,TRUE
1024,0.9,101,"x4","x7","none","none","R3",NA,1,FALSE,0,FALSE,FALSE,NA,NA,0.00898865708453483,FALSE,FALSE,TRUE
1024,0.9,101,"x4","x8","none","none","R3",NA,1,FALSE,0,FALSE,FALSE,NA,NA,0.0554495130437874,FALSE,FALSE,TRUE
1024,0.9,101,"x4","x9","none","none","R3",NA,1,FALSE,0,FALSE,FALSE,NA,NA,0.0158870254642278,FALSE,FALSE,TRUE
1024,0.9,101,"x5","x10","none","none","R3",NA,1,FALSE,0,TRUE,FALSE,NA,NA,0.000288840374564717,FALSE,FALSE,TRUE
1024,0.9,101,"x5","x11","none","none","R3",NA,1,FALSE,0,FALSE,FALSE,NA,NA,0.00105910088121163,FALSE,FALSE,TRUE
1024,0.9,101,"x5","x12","a<b","a<b","R1",3,1,TRUE,1,FALSE,FALSE,1,6,0.27598698007943,TRUE,TRUE,TRUE
1024,0.9,101,"x5","x13","none","none","R3",NA,1,FALSE,0,TRUE,FALSE,NA,NA,0.0125645947318599,FALSE,FALSE,TRUE
1024,0.9,101,"x5","x14","none","none","R3",NA,1,FALSE,0,FALSE,FALSE,NA,NA,0.00491706973941535,FALSE,FALSE,TRUE
1024,0.9,101,"x5","x15","a<b","a<b","R1",2,1,TRUE,1,TRUE,FALSE,2,10,0.159286655038234,TRUE,TRUE,TRUE
1024,0.9,101,"x5","x6","none","none","R3",NA,1,FALSE,0,TRUE,FALSE,NA,NA,0.0422823089498476,FALSE,FALSE,TRUE
1024,0.9,101,"x5","x7","none","none","R3",NA,1,FALSE,0,FALSE,FALSE,NA,NA,0.0301561075336172,FALSE,FALSE,TRUE
1024,0.9,101,"x5","x8","none","none","R3",NA,1,FALSE,0,FALSE,FALSE,NA,NA,0.0536692755131231,FALSE,FALSE,TRUE
1024,0.9,101,"x5","x9","none","none","R3",NA,1,FALSE,0,TRUE,FALSE,NA,NA,0.0307418880017358,FALSE,FALSE,TRUE
1024,0.9,101,"x6","x10","none","none","R3",NA,1,FALSE,0,TRUE,FALSE,NA,NA,0.0102236219516857,FALSE,FALSE,TRUE
1024,0.9,101,"x6","x11","none","none","R3",NA,1,FALSE,0,TRUE,FALSE,NA,NA,0.0270066877626258,FALSE,FALSE,TRUE
1024,0.9,101,"x6","x12","none","none","R3",NA,1,FALSE,0,TRUE,FALSE,NA,NA,0.0124610143514479,FALSE,FALSE,TRUE
1024,0.9,101,"x6","x13","none","none","R3",NA,1,FALSE,0,TRUE,FALSE,NA,NA,0.0703924901842293,FALSE,FALSE,TRUE
1024,0.9,101,"x6","x14","none","none","R3",NA,1,FALSE,0,TRUE,FALSE,NA,NA,0.00328975626573852,FALSE,FALSE,TRUE
1024,0.9,101,"x6","x15","none","none","R3",NA,1,FALSE,0,FALSE,FALSE,NA,NA,0.0102022467957881,FALSE,FALSE,TRUE
1024,0.9,101,"x6","x7","none","none","R3",NA,1,FALSE,0,TRUE,FALSE,NA,NA,0.0424525461316091,FALSE,FALSE,TRUE
1024,0.9,101,"x6","x8","none","none","R3",NA,1,FALSE,0,TRUE,FALSE,NA,NA,0.0218834140565176,FALSE,FALSE,TRUE
1024,0.9,101,"x6","x9","none","none","R3",NA,1,FALSE,0,TRUE,FALSE,NA,NA,0.00763435489205421,FALSE,FALSE,TRUE
1024,0.9,101,"x7","x10","none","none","R3",NA,1,FALSE,0,TRUE,FALSE,NA,NA,0.0248024413974312,FALSE,FALSE,TRUE
1024,0.9,101,"x7","x11","a<b","a<b","transitivity",NA,1,FALSE,1,TRUE,FALSE,2,4,0.0242608458098495,TRUE,TRUE,TRUE
1024,0.9,101,"x7","x12","none","none","R3",NA,1,FALSE,0,FALSE,FALSE,NA,NA,0.0360524429434087,FALSE,FALSE,TRUE
1024,0.9,101,"x7","x13","none","none","R3",NA,1,FALSE,0,FALSE,FALSE,NA,NA,0.0213622547429111,FALSE,FALSE,TRUE
1024,0.9,101,"x7","x14","a<b","a<b","transitivity",NA,1,FALSE,1,FALSE,FALSE,1,3,0.0868585789267029,TRUE,TRUE,TRUE
1024,0.9,101,"x7","x15","a<b","a<b","transitivity",NA,1,FALSE,1,FALSE,FALSE,2,10,0.0576995468907581,TRUE,TRUE,TRUE
1024,0.9,101,"x7","x8","none","none","R3",NA,1,FALSE,0,FALSE,FALSE,NA,NA,0.0313594976160122,FALSE,FALSE,TRUE
1024,0.9,101,"x7","x9","a<b","a<b","R1",2,1,TRUE,1,FALSE,FALSE,1,10,0.153394586151209,TRUE,TRUE,TRUE
1024,0.9,101,"x8","x10","none","none","R3",NA,1,FALSE,0,FALSE,FALSE,NA,NA,0.0379523229707458,FALSE,FALSE,TRUE
1024,0.9,101,"x8","x11","a<b","a<b","R1",1,1,TRUE,1,FALSE,FALSE,2,4,0.319541916429476,TRUE,TRUE,TRUE
1024,0.9,101,"x8","x12","none","none","R3",NA,1,FALSE,0,TRUE,FALSE,NA,NA,0.000411285557411632,FALSE,FALSE,TRUE
1024,0.9,101,"x8","x13","none","none","R3",NA,1,FALSE,0,FALSE,FALSE,NA,NA,0.00562269808722281,FALSE,FALSE,TRUE
1024,0.9,101,"x8","x14","none","none","R3",NA,1,FALSE,0,TRUE,FALSE,NA,NA,0.00859754919877151,FALSE,FALSE,TRUE
1024,0.9,101,"x8","x15","none","none","R3",NA,1,FALSE,0,TRUE,FALSE,NA,NA,0.0195607770160549,FALSE,FALSE,TRUE
1024,0.9,101,"x8","x9","none","none","R3",NA,1,FALSE,0,FALSE,FALSE,NA,NA,0.0189200763017542,FALSE,FALSE,TRUE
1024,0.9,101,"x9","x10","none","none","R3",NA,1,FALSE,0,TRUE,FALSE,NA,NA,0.00302510262571923,FALSE,FALSE,TRUE
1024,0.9,101,"x9","x11","a<b","a<b","R1",2,1,TRUE,1,FALSE,FALSE,2,4,0.281099220776973,TRUE,TRUE,TRUE
1024,0.9,101,"x9","x12","none","none","R3",NA,1,FALSE,0,TRUE,FALSE,NA,NA,0.0175240057555985,FALSE,FALSE,TRUE
1024,0.9,101,"x9","x13","none","none","R3",NA,1,FALSE,0,TRUE,FALSE,NA,NA,0.0286137744998338,FALSE,FALSE,TRUE
1024,0.9,101,"x9","x14","a<b","a<b","R1",3,1,TRUE,1,FALSE,FALSE,1,3,0.377738575397971,TRUE,TRUE,TRUE
1024,0.9,101,"x9","x15","a<b","a<b","R1",3,1,TRUE,1,FALSE,FALSE,2,10,0.183188804965529,TRUE,TRUE,TRUE
1024,0.9,102,"x1","x10","none","none","R3",NA,1,FALSE,0,FALSE,FALSE,NA,NA,0.00780889829789192,FALSE,FALSE,TRUE
1024,0.9,102,"x1","x11","none","none","R3",NA,1,FALSE,0,TRUE,FALSE,NA,NA,0.0356784477532374,FALSE,FALSE,TRUE
1024,0.9,102,"x1","x12","none","none","R3",NA,1,FALSE,0,FALSE,FALSE,NA,NA,0.0160052177237686,FALSE,FALSE,TRUE
1024,0.9,102,"x1","x13","none","none","R3",NA,1,FALSE,0,FALSE,FALSE,NA,NA,0.0623946065050147,FALSE,FALSE,TRUE
1024,0.9,102,"x1","x14","none","none","R3",NA,1,FALSE,0,FALSE,FALSE,NA,NA,0.0467312225528231,FALSE,FALSE,TRUE
1024,0.9,102,"x1","x15","none","none","R3",NA,1,FALSE,0,TRUE,FALSE,NA,NA,0.000428445363952866,FALSE,FALSE,TRUE
1024,0.9,102,"x1","x2","none","none","R3",NA,1,FALSE,0,FALSE,FALSE,NA,NA,0.0217617327282442,FALSE,FALSE,TRUE
1024,0.9,102,"x1","x3","none","none","R3",NA,1,FALSE,0,FALSE,FALSE,NA,NA,0.022022508047642,FALSE,FALSE,TRUE
1024,0.9,102,"x1","x4","none","none","R3",NA,1,FALSE,0,FALSE,FALSE,NA,NA,0.0235542325159932,FALSE,FALSE,TRUE
1024,0.9,102,"x1","x5","none","none","R3",NA,1,FALSE,0,FALSE,FALSE,NA,NA,0.0397457399258382,FALSE,FALSE,TRUE
1024,0.9,102,"x1","x6","none","none","R3",NA,1,FALSE,0,TRUE,FALSE,NA,NA,0.0368588847047661,FALSE,FALSE,TRUE
1024,0.9,102,"x1","x7","none","none","R3",NA,1,FALSE,0,FALSE,FALSE,NA,NA,0.0192482400397221,FALSE,FALSE,TRUE
1024,0.9,102,"x1","x8","none","none","R3",NA,1,FALSE,0,FALSE,FALSE,NA,NA,0.0343805656424732,FALSE,FALSE,TRUE
1024,0.9,102,"x1","x9","none","none","R3",NA,1,FALSE,0,FALSE,FALSE,NA,NA,0.0313011978113357,FALSE,FALSE,TRUE
1024,0.9,102,"x10","x11","a<b","a<b","R1",5,1,TRUE,1,FALSE,FALSE,3,2,0.227562768864746,TRUE,TRUE,TRUE
1024,0.9,102,"x10","x12","none","none","R3",NA,1,FALSE,0,FALSE,FALSE,NA,NA,0.0268408223535766,FALSE,FALSE,TRUE
1024,0.9,102,"x10","x13","none","none","R3",NA,1,FALSE,0,FALSE,FALSE,NA,NA,0.0388362636660491,FALSE,FALSE,TRUE
1024,0.9,102,"x10","x14","none","none","R3",NA,1,FALSE,0,TRUE,FALSE,NA,NA,0.0162082832350506,FALSE,FALSE,TRUE
1024,0.9,102,"x10","x15","none","none","R3",NA,1,FALSE,0,FALSE,FALSE,NA,NA,0.00490838957195882,FALSE,FALSE,TRUE
1024,0.9,102,"x11","x12","none","none","R3",NA,1,FALSE,0,FALSE,FALSE,NA,NA,0.00871239150186469,FALSE,FALSE,TRUE
1024,0.9,102,"x11","x13","none","none","R3",NA,1,FALSE,0,FALSE,FALSE,NA,NA,0.00828986515260443,FALSE,FALSE,TRUE
1024,0.9,102,"x11","x14","none","none","R3",NA,1,FALSE,0,FALSE,FALSE,NA,NA,0.0327009845763195,FALSE,FALSE,TRUE
1024,0.9,102,"x11","x15","none","none","R3",NA,1,FALSE,0,FALSE,FALSE,NA,NA,0.0198412199084507,FALSE,FALSE,TRUE
1024,0.9,102,"x12","x13","none","none","R3",NA,1,FALSE,0,FALSE,FALSE,NA,NA,0.0314067795966799,FALSE,FALSE,TRUE
1024,0.9,102,"x12","x14","none","none","R3",NA,1,FALSE,0,FALSE,FALSE,NA,NA,0.000134529143646735,FALSE,FALSE,TRUE
1024,0.9,102,"x12","x15","none","none","R3",NA,1,FALSE,0,FALSE,FALSE,NA,NA,0.0696970360249377,FALSE,FALSE,TRUE
1024,0.9,102,"x13","x14","none","none","R3",NA,1,FALSE,0,FALSE,FALSE,NA,NA,0.00829195566656451,FALSE,FALSE,TRUE
1024,0.9,102,"x13","x15","none","none","R3",NA,1,FALSE,0,TRUE,FALSE,NA,NA,0.0628950405349045,FALSE,FALSE,TRUE
1024,0.9,102,"x14","x15","none","none","R3",NA,1,FALSE,0,TRUE,FALSE,NA,NA,0.05860667610781,FALSE,FALSE,TRUE
1024,0.9,102,"x2","x10","none","none","R3",NA,1,FALSE,0,FALSE,FALSE,NA,NA,0.0113100183628669,FALSE,FALSE,TRUE
1024,0.9,102,"x2","x11","a<b","a<b","R1",3,1,TRUE,1,FALSE,FALSE,3,2,0.250553897976182,TRUE,TRUE,TRUE
1024,0.9,102,"x2","x12","none","none","R3",NA,1,FALSE,0,FALSE,FALSE,NA,NA,0.0163511497790462,FALSE,FALSE,TRUE
1024,0.9,102,"x2","x13","none","none","R3",NA,1,FALSE,0,FALSE,FALSE,NA,NA,0.0654387272713974,FALSE,FALSE,TRUE
1024,0.9,102,"x2","x14","none","none","R3",NA,1,FALSE,0,FALSE,FALSE,NA,NA,0.0352681801083783,FALSE,FALSE,TRUE
1024,0.9,102,"x2","x15","none","none","R3",NA,1,FALSE,0,FALSE,FALSE,NA,NA,0.0143416525757144,FALSE,FALSE,TRUE
1024,0.9,102,"x2","x3","none","none","R3",NA,1,FALSE,0,FALSE,FALSE,NA,NA,0.00515893560758162,FALSE,FALSE,TRUE
1024,0.9,102,"x2","x4","a<b","a<b","R1",2,1,TRUE,1,FALSE,FALSE,1,8,0.236036191544923,TRUE,TRUE,TRUE
1024,0.9,102,"x2","x5","a<b","a<b","transitivity",NA,1,FALSE,1,FALSE,FALSE,1,4,0.0679163934042733,TRUE,TRUE,TRUE
1024,0.9,102,"x2","x6","none","none","R3",NA,1,FALSE,0,FALSE,FALSE,NA,NA,0.0148401129727332,FALSE,FALSE,TRUE
1024,0.9,102,"x2","x7","none","none","R3",NA,1,FALSE,0,FALSE,FALSE,NA,NA,0.0120437727589272,FALSE,FALSE,TRUE
1024,0.9,102,"x2","x8","none","none","R3",NA,1,FALSE,0,FALSE,FALSE,NA,NA,0.0564199993288835,FALSE,FALSE,TRUE
1024,0.9,102,"x2","x9","none","none","R3",NA,1,FALSE,0,TRUE,FALSE,NA,NA,0.0573776034049732,FALSE,FALSE,TRUE
1024,0.9,102,"x3","x10","none","none","R3",NA,1,FALSE,0,FALSE,FALSE,NA,NA,0.0559103070362081,FALSE,FALSE,TRUE
1024,0.9,102,"x3","x11","none","none","R3",NA,1,FALSE,0,FALSE,FALSE,NA,NA,0.031456224537001,FALSE,FALSE,TRUE
1024,0.9,102,"x3","x12","none","none","R3",NA,1,FALSE,0,FALSE,FALSE,NA,NA,0.0360990281110464,FALSE,FALSE,TRUE
1024,0.9,102,"x3","x13","none","none","R3",NA,1,FALSE,0,TRUE,FALSE,NA,NA,0.0346491547268503,FALSE,FALSE,TRUE
1024,0.9,102,"x3","x14","none","none","R3",NA,1,FALSE,0,FALSE,FALSE,NA,NA,0.0127940502614219,FALSE,FALSE,TRUE
1024,0.9,102,"x3","x15","none","none","R3",NA,1,FALSE,0,TRUE,FALSE,NA,NA,0.00578627905352463,FALSE,FALSE,TRUE
1024,0.9,102,"x3","x4","none","none","R3",NA,1,FALSE,0,FALSE,FALSE,NA,NA,0.00541537617759674,FALSE,FALSE,TRUE
1024,0.9,102,"x3","x5","none","none","R3",NA,1,FALSE,0,FALSE,FALSE,NA,NA,0.00449422440029972,FALSE,FALSE,TRUE
1024,0.9,102,"x3","x6","none","none","R3",NA,1,FALSE,0,TRUE,FALSE,NA,NA,0.0365724794277094,FALSE,FALSE,TRUE
1024,0.9,102,"x3","x7","none","none","R3",NA,1,FALSE,0,TRUE,FALSE,NA,NA,0.00638833989515265,FALSE,FALSE,TRUE
1024,0.9,102,"x3","x8","none","none","R3",NA,1,FALSE,0,TRUE,FALSE,NA,NA,0.051673032912683,FALSE,FALSE,TRUE
1024,0.9,102,"x3","x9","none","none","R3",NA,1,FALSE,0,FALSE,FALSE,NA,NA,0.0127473412179621,FALSE,FALSE,TRUE
1024,0.9,102,"x4","x10","none","none","R3",NA,1,FALSE,0,FALSE,FALSE,NA,NA,0.00840231993570227,FALSE,FALSE,TRUE
1024,0.9,102,"x4","x11","none","none","R3",NA,1,FALSE,0,TRUE,TRUE,NA,NA,0.107578224562084,FALSE,FALSE,TRUE
1024,0.9,102,"x4","x12","none","none","R3",NA,1,FALSE,0,TRUE,FALSE,NA,NA,0.0330149023241885,FALSE,FALSE,TRUE
1024,0.9,102,"x4","x13","none","none","R3",NA,1,FALSE,0,FALSE,FALSE,NA,NA,0.0134192690421886,FALSE,FALSE,TRUE
1024,0.9,102,"x4","x14","none","none","R3",NA,1,FALSE,0,TRUE,FALSE,NA,NA,0.0465993788401824,FALSE,FALSE,TRUE
1024,0.9,102,"x4","x15","none","none","R3",NA,1,FALSE,0,TRUE,FALSE,NA,NA,0.0391960581096691,FALSE,FALSE,TRUE
1024,0.9,102,"x4","x5","a<b","a<b","R1",4,1,TRUE,1,TRUE,FALSE,1,4,0.273649115853397,TRUE,TRUE,TRUE
1024,0.9,102,"x4","x6","none","none","R3",NA,1,FALSE,0,TRUE,FALSE,NA,NA,0.0383432675598105,FALSE,FALSE,TRUE
1024,0.9,102,"x4","x7","none","none","R3",NA,1,FALSE,0,TRUE,FALSE,NA,NA,0.0113102648139707,FALSE,FALSE,TRUE
1024,0.9,102,"x4","x8","none","none","R3",NA,1,FALSE,0,FALSE,FALSE,NA,NA,0.0312714882466796,FALSE,FALSE,TRUE
1024,0.9,102,"x4","x9","none","none","R3",NA,1,FALSE,0,FALSE,FALSE,NA,NA,0.0559313442021152,FALSE,FALSE,TRUE
1024,0.9,102,"x5","x10","none","none","R3",NA,1,FALSE,0,FALSE,FALSE,NA,NA,0.0255484452823792,FALSE,FALSE,TRUE
1024,0.9,102,"x5","x11","none","none","R3",NA,1,FALSE,0,FALSE,TRUE,NA,NA,0.0338695224239289,FALSE,FALSE,TRUE
1024,0.9,102,"x5","x12","none","none","R3",NA,1,FALSE,0,FALSE,FALSE,NA,NA,0.0107086569872492,FALSE,FALSE,TRUE
1024,0.9,102,"x5","x13","none","none","R3",NA,1,FALSE,0,FALSE,FALSE,NA,NA,0.0111203134313799,FALSE,FALSE,TRUE
1024,0.9,102,"x5","x14","none","none","R3",NA,1,FALSE,0,TRUE,FALSE,NA,NA,0.0166574768875914,FALSE,FALSE,TRUE
1024,0.9,102,"x5","x15","none","none","R3",NA,1,FALSE,0,TRUE,FALSE,NA,NA,0.0481987236949457,FALSE,FALSE,TRUE
1024,0.9,102,"x5","x6","none","none","R3",NA,1,FALSE,0,FALSE,FALSE,NA,NA,0.0124785664531852,FALSE,FALSE,TRUE
1024,0.9,102,"x5","x7","none","none","R3",NA,1,FALSE,0,TRUE,FALSE,NA,NA,0.083427446658404,FALSE,FALSE,TRUE
1024,0.9,102,"x5","x8","none","none","R3",NA,1,FALSE,0,FALSE,FALSE,NA,NA,0.0182738060533768,FALSE,FALSE,TRUE
1024,0.9,102,"x5","x9","none","none","R3",NA,1,FALSE,0,TRUE,FALSE,NA,NA,0.0194311343849863,FALSE,FALSE,TRUE
1024,0.9,102,"x6","x10","none","none","R3",NA,1,FALSE,0,TRUE,FALSE,NA,NA,0.0259881425238501,FALSE,FALSE,TRUE
1024,0.9,102,"x6","x11","none","none","R3",NA,1,FALSE,0,TRUE,FALSE,NA,NA,0.0107878651574005,FALSE,FALSE,TRUE
1024,0.9,102,"x6","x12","none","none","R3",NA,1,FALSE,0,FALSE,FALSE,NA,NA,0.0299481959571034,FALSE,FALSE,TRUE
1024,0.9,102,"x6","x13","none","none","R3",NA,1,FALSE,0,TRUE,FALSE,NA,NA,0.0271653473029081,FALSE,FALSE,TRUE
1024,0.9,102,"x6","x14","none","none","R3",NA,1,FALSE,0,TRUE,FALSE,NA,NA,0.00414653131529227,FALSE,FALSE,TRUE
1024,0.9,102,"x6","x15","none","none","R3",NA,1,FALSE,0,TRUE,FALSE,NA,NA,0.00210683990732751,FALSE,FALSE,TRUE
1024,0.9,102,"x6","x7","none","none","R3",NA,1,FALSE,0,FALSE,FALSE,NA,NA,0.0143533925444213,FALSE,FALSE,TRUE
1024,0.9,102,"x6","x8","none","none","R3",NA,1,FALSE,0,FALSE,FALSE,NA,NA,0.00882172014001469,FALSE,FALSE,TRUE
1024,0.9,102,"x6","x9","none","none","R3",NA,1,FALSE,0,FALSE,FALSE,NA,NA,0.00782130790201175,FALSE,FALSE,TRUE
1024,0.9,102,"x7","x10","none","none","R3",NA,1,FALSE,0,TRUE,FALSE,NA,NA,0.00554326626067853,FALSE,FALSE,TRUE
1024,0.9,102,"x7","x11","none","none","R3",NA,1,FALSE,0,FALSE,FALSE,NA,NA,0.00411496695773138,FALSE,FALSE,TRUE
1024,0.9,102,"x7","x12","none","none","R3",NA,1,FALSE,0,FALSE,FALSE,NA,NA,0.000445999512092957,FALSE,FALSE,TRUE
1024,0.9,102,"x7","x13","none","none","R3",NA,1,FALSE,0,FALSE,FALSE,NA,NA,0.00119570661601816,FALSE,FALSE,TRUE
1024,0.9,102,"x7","x14","none","none","R3",NA,1,FALSE,0,TRUE,FALSE,NA,NA,0.05085864392431,FALSE,FALSE,TRUE
1024,0.9,102,"x7","x15","none","none","R3",NA,1,FALSE,0,FALSE,FALSE,NA,NA,0.0394774334349313,FALSE,FALSE,TRUE
1024,0.9,102,"x7","x8","none","none","R3",NA,1,FALSE,0,FALSE,FALSE,NA,NA,0.00558911935916876,FALSE,FALSE,TRUE
1024,0.9,102,"x7","x9","none","none","R3",NA,1,FALSE,0,TRUE,FALSE,NA,NA,0.0386764812887175,FALSE,FALSE,TRUE
1024,0.9,102,"x8","x10","none","none","R3",NA,1,FALSE,0,FALSE,FALSE,NA,NA,0.023254576827842,FALSE,FALSE,TRUE
1024,0.9,102,"x8","x11","a<b","a<b","R1",2,1,TRUE,1,FALSE,FALSE,3,2,0.235241552755762,TRUE,TRUE,TRUE
1024,0.9,102,"x8","x12","none","none","R3",NA,1,FALSE,0,FALSE,FALSE,NA,NA,0.00373267483665351,FALSE,FALSE,TRUE
1024,0.9,102,"x8","x13","none","none","R3",NA,1,FALSE,0,FALSE,FALSE,NA,NA,0.00987501103327056,FALSE,FALSE,TRUE
1024,0.9,102,"x8","x14","none","none","R3",NA,1,FALSE,0,FALSE,FALSE,NA,NA,0.0225347008303408,FALSE,FALSE,TRUE
1024,0.9,102,"x8","x15","none","none","R3",NA,1,FALSE,0,FALSE,FALSE,NA,NA,0.0222052244370521,FALSE,FALSE,TRUE
1024,0.9,102,"x8","x9","a<b","a<b","R1",2,1,TRUE,1,FALSE,FALSE,1,6,0.235338911438185,TRUE,TRUE,TRUE
1024,0.9,102,"x9","x10","none","none","R3",NA,1,FALSE,0,TRUE,FALSE,NA,NA,0.0278811749183009,FALSE,FALSE,TRUE
1024,0.9,102,"x9","x11","none","none","R3",NA,1,FALSE,0,TRUE,TRUE,NA,NA,0.0656394346617933,FALSE,FALSE,TRUE
1024,0.9,102,"x9","x12","none","none","R3",NA,1,FALSE,0,FALSE,FALSE,NA,NA,0.0419869478720781,FALSE,FALSE,TRUE
1024,0.9,102,"x9","x13","none","none","R3",NA,1,FALSE,0,FALSE,FALSE,NA,NA,0.0200079094005572,FALSE,FALSE,TRUE
1024,0.9,102,"x9","x14","none","none","R3",NA,1,FALSE,0,FALSE,FALSE,NA,NA,0.0279608629819144,FALSE,FALSE,TRUE
1024,0.9,102,"x9","x15","none","none","R3",NA,1,FALSE,0,TRUE,FALSE,NA,NA,0.0153889735771203,FALSE,FALSE,TRUE
1024,0.9,103,"x1","x10","none","none","R3",NA,1,FALSE,0,FALSE,FALSE,NA,NA,0.0287813524550554,FALSE,FALSE,TRUE
1024,0.9,103,"x1","x11","none","none","R3",NA,1,FALSE,0,FALSE,FALSE,NA,NA,0.0390867389818319,FALSE,FALSE,TRUE
1024,0.9,103,"x1","x12","none","none","R3",NA,1,FALSE,0,FALSE,FALSE,NA,NA,0.0141673327024862,FALSE,FALSE,TRUE
1024,0.9,103,"x1","x13","none","none","R3",NA,1,FALSE,0,TRUE,FALSE,NA,NA,0.0294519554872934,FALSE,FALSE,TRUE
1024,0.9,103,"x1","x14","none","none","R3",NA,1,FALSE,0,FALSE,FALSE,NA,NA,0.0363106317791282,FALSE,FALSE,TRUE
1024,0.9,103,"x1","x15","none","none","R3",NA,1,FALSE,0,TRUE,FALSE,NA,NA,0.0444634151530498,FALSE,FALSE,TRUE
1024,0.9,103,"x1","x2","none","none","R3",NA,1,FALSE,0,FALSE,FALSE,NA,NA,0.0217959682321723,FALSE,FALSE,TRUE
1024,0.9,103,"x1","x3","none","none","R3",NA,1,FALSE,0,FALSE,FALSE,NA,NA,0.0123847444723734,FALSE,FALSE,TRUE
1024,0.9,103,"x1","x4","none","none","R3",NA,1,FALSE,0,FALSE,FALSE,NA,NA,0.0959582759351618,FALSE,FALSE,TRUE
1024,0.9,103,"x1","x5","none","none","R3",NA,1,FALSE,0,FALSE,FALSE,NA,NA,0.00364954514925308,FALSE,FALSE,TRUE
1024,0.9,103,"x1","x6","none","none","R3",NA,1,FALSE,0,FALSE,FALSE,NA,NA,0.00591183511437459,FALSE,FALSE,TRUE
1024,0.9,103,"x1","x7","none","none","R3",NA,1,FALSE,0,FALSE,FALSE,NA,NA,0.0354035912577403,FALSE,FALSE,TRUE
1024,0.9,103,"x1","x8","none","none","R3",NA,1,FALSE,0,TRUE,FALSE,NA,NA,0.069360819897012,FALSE,FALSE,TRUE
1024,0.9,103,"x1","x9","none","none","R3",NA,1,FALSE,0,TRUE,FALSE,NA,NA,0.0128870571940499,FALSE,FALSE,TRUE
1024,0.9,103,"x10","x11","none","none","R3",NA,1,FALSE,0,FALSE,FALSE,NA,NA,0.0265847024974452,FALSE,FALSE,TRUE
1024,0.9,103,"x10","x12","none","none","R3",NA,1,FALSE,0,FALSE,FALSE,NA,NA,0.032063980248885,FALSE,FALSE,TRUE
1024,0.9,103,"x10","x13","none","none","R3",NA,1,FALSE,0,FALSE,FALSE,NA,NA,0.0159538151307124,FALSE,FALSE,TRUE
1024,0.9,103,"x10","x14","none","none","R3",NA,1,FALSE,0,FALSE,FALSE,NA,NA,0.0338749978597901,FALSE,FALSE,TRUE
1024,0.9,103,"x10","x15","none","none","R3",NA,1,FALSE,0,FALSE,FALSE,NA,NA,0.0593860467831404,FALSE,FALSE,TRUE
1024,0.9,103,"x11","x12","none","none","R3",NA,1,FALSE,0,FALSE,FALSE,NA,NA,0.00467798201563238,FALSE,FALSE,TRUE
1024,0.9,103,"x11","x13","none","none","R3",NA,1,FALSE,0,FALSE,FALSE,NA,NA,0.0309861303796633,FALSE,FALSE,TRUE
1024,0.9,103,"x11","x14","none","none","R3",NA,1,FALSE,0,FALSE,FALSE,NA,NA,0.0120924395405078,FALSE,FALSE,TRUE
1024,0.9,103,"x11","x15","none","none","R3",NA,1,FALSE,0,FALSE,FALSE,NA,NA,0.0213103778933876,FALSE,FALSE,TRUE
1024,0.9,103,"x12","x13","a<b","a<b","R1",2,1,TRUE,1,TRUE,FALSE,3,5,0.177047916784077,TRUE,TRUE,TRUE
1024,0.9,103,"x12","x14","none","none","R3",NA,1,FALSE,0,FALSE,FALSE,NA,NA,0.0128676265027301,FALSE,FALSE,TRUE
1024,0.9,103,"x12","x15","none","none","R3",NA,1,FALSE,0,FALSE,FALSE,NA,NA,0.0317933512744705,FALSE,FALSE,TRUE
1024,0.9,103,"x13","x14","none","none","R3",NA,1,FALSE,0,FALSE,FALSE,NA,NA,0.002587509915437,FALSE,FALSE,TRUE
1024,0.9,103,"x13","x15","none","none","R3",NA,1,FALSE,0,TRUE,FALSE,NA,NA,0.028726831596281,FALSE,FALSE,TRUE
1024,0.9,103,"x14","x15","none","none","R3",NA,1,FALSE,0,FALSE,FALSE,NA,NA,0.0304568110737539,FALSE,FALSE,TRUE
1024,0.9,103,"x2","x10","none","none","R3",NA,1,FALSE,0,FALSE,FALSE,NA,NA,0.0104622114435618,FALSE,FALSE,TRUE
1024,0.9,103,"x2","x11","none","none","R3",NA,1,FALSE,0,FALSE,FALSE,NA,NA,0.0773821549199072,FALSE,FALSE,TRUE
1024,0.9,103,"x2","x12","none","none","R3",NA,1,FALSE,0,FALSE,FALSE,NA,NA,0.0618724493679098,FALSE,FALSE,TRUE
1024,0.9,103,"x2","x13","none","none","R3",NA,1,FALSE,0,FALSE,FALSE,NA,NA,0.00685410064297124,FALSE,FALSE,TRUE
1024,0.9,103,"x2","x14","none","none","R3",NA,1,FALSE,0,FALSE,FALSE,NA,NA,0.0601103753045675,FALSE,FALSE,TRUE
1024,0.9,103,"x2","x15","none","none","R3",NA,1,FALSE,0,FALSE,FALSE,NA,NA,0.0397411982044157,FALSE,FALSE,TRUE
1024,0.9,103,"x2","x3","none","none","R3",NA,1,FALSE,0,FALSE,FALSE,NA,NA,0.0217409590386421,FALSE,FALSE,TRUE
1024,0.9,103,"x2","x4","none","none","R3",NA,1,FALSE,0,FALSE,FALSE,NA,NA,0.0320457015733827,FALSE,FALSE,TRUE
1024,0.9,103,"x2","x5","none","none","R3",NA,1,FALSE,0,FALSE,FALSE,NA,NA,0.00488322874702526,FALSE,FALSE,TRUE
1024,0.9,103,"x2","x6","none","none","R3",NA,1,FALSE,0,FALSE,FALSE,NA,NA,0.0579102096471892,FALSE,FALSE,TRUE
1024,0.9,103,"x2","x7","none","none","R3",NA,1,FALSE,0,FALSE,FALSE,NA,NA,0.0322879160737687,FALSE,FALSE,TRUE
1024,0.9,103,"x2","x8","none","none","R3",NA,1,FALSE,0,FALSE,FALSE,NA,NA,0.0225891483846014,FALSE,FALSE,TRUE
1024,0.9,103,"x2","x9","none","none","R3",NA,1,FALSE,0,FALSE,FALSE,NA,NA,0.0502487926079088,FALSE,FALSE,TRUE
1024,0.9,103,"x3","x10","none","none","R3",NA,1,FALSE,0,FALSE,FALSE,NA,NA,0.0141676893093007,FALSE,FALSE,TRUE
1024,0.9,103,"x3","x11","none","none","R3",NA,1,FALSE,0,FALSE,FALSE,NA,NA,0.0556843125478934,FALSE,FALSE,TRUE
1024,0.9,103,"x3","x12","none","none","R3",NA,1,FALSE,0,FALSE,FALSE,NA,NA,0.027103578619213,FALSE,FALSE,TRUE
1024,0.9,103,"x3","x13","none","none","R3",NA,1,FALSE,0,TRUE,FALSE,NA,NA,0.00436990871823042,FALSE,FALSE,TRUE
1024,0.9,103,"x3","x14","none","none","R3",NA,1,FALSE,0,TRUE,FALSE,NA,NA,0.000306912982325604,FALSE,FALSE,TRUE
1024,0.9,103,"x3","x15","none","none","R3",NA,1,FALSE,0,FALSE,FALSE,NA,NA,0.0135511161540085,FALSE,FALSE,TRUE
1024,0.9,103,"x3","x4","none","none","R3",NA,1,FALSE,0,TRUE,FALSE,NA,NA,0.0407780783648601,FALSE,FALSE,TRUE
1024,0.9,103,"x3","x5","none","none","R3",NA,1,FALSE,0,TRUE,FALSE,NA,NA,0.0417741207751378,FALSE,FALSE,TRUE
1024,0.9,103,"x3","x6","none","none","R3",NA,1,FALSE,0,TRUE,FALSE,NA,NA,0.0304911228625762,FALSE,FALSE,TRUE
1024,0.9,103,"x3","x7","none","none","R3",NA,1,FALSE,0,FALSE,FALSE,NA,NA,0.00503000233939674,FALSE,FALSE,TRUE
1024,0.9,103,"x3","x8","none","none","R3",NA,1,FALSE,0,FALSE,FALSE,NA,NA,0.0387583624277953,FALSE,FALSE,TRUE
1024,0.9,103,"x3","x9","none","none","R3",NA,1,FALSE,0,TRUE,FALSE,NA,NA,0.0291724931110888,FALSE,FALSE,TRUE
1024,0.9,103,"x4","x10","none","none","R3",NA,1,FALSE,0,FALSE,FALSE,NA,NA,0.0458658898127828,FALSE,FALSE,TRUE
1024,0.9,103,"x4","x11","none","none","R3",NA,1,FALSE,0,FALSE,FALSE,NA,NA,0.0551468882249927,FALSE,FALSE,TRUE
1024,0.9,103,"x4","x12","none","none","R3",NA,1,FALSE,0,TRUE,FALSE,NA,NA,0.0154534880962855,FALSE,FALSE,TRUE
1024,0.9,103,"x4","x13","a<b","a<b","R1",2,1,TRUE,1,TRUE,FALSE,3,5,0.198633160737328,TRUE,TRUE,TRUE
1024,0.9,103,"x4","x14","none","none","R3",NA,1,FALSE,0,FALSE,FALSE,NA,NA,0.0113329046780313,FALSE,FALSE,TRUE
1024,0.9,103,"x4","x15","none","none","R3",NA,1,FALSE,0,FALSE,FALSE,NA,NA,0.0170821422330246,FALSE,FALSE,TRUE
1024,0.9,103,"x4","x5","none","none","R3",NA,1,FALSE,0,FALSE,FALSE,NA,NA,0.0195942958574397,FALSE,FALSE,TRUE
1024,0.9,103,"x4","x6","none","none","R3",NA,1,FALSE,0,FALSE,FALSE,NA,NA,3.69434489798973e-05,FALSE,FALSE,TRUE
1024,0.9,103,"x4","x7","none","none","R3",NA,1,FALSE,0,FALSE,FALSE,NA,NA,0.0635152091386036,FALSE,FALSE,TRUE
1024,0.9,103,"x4","x8","none","none","R3",NA,1,FALSE,0,FALSE,FALSE,NA,NA,0.0131843249797541,FALSE,FALSE,TRUE
1024,0.9,103,"x4","x9","none","none","R3",NA,1,FALSE,0,FALSE,FALSE,NA,NA,0.0063415856753494,FALSE,FALSE,TRUE
1024,0.9,103,"x5","x10","none","none","R3",NA,1,FALSE,0,FALSE,FALSE,NA,NA,0.0478261896009771,FALSE,FALSE,TRUE
1024,0.9,103,"x5","x11","none","none","R3",NA,1,FALSE,0,FALSE,FALSE,NA,NA,0.00608201577797913,FALSE,FALSE,TRUE
1024,0.9,103,"x5","x12","none","none","R3",NA,1,FALSE,0,FALSE,FALSE,NA,NA,0.0271715271747555,FALSE,FALSE,TRUE
1024,0.9,103,"x5","x13","none","none","R3",NA,1,FALSE,0,TRUE,FALSE,NA,NA,0.0266435344339371,FALSE,FALSE,TRUE
1024,0.9,103,"x5","x14","none","none","R3",NA,1,FALSE,0,TRUE,FALSE,NA,NA,0.00762737024651403,FALSE,FALSE,TRUE
1024,0.9,103,"x5","x15","none","none","R3",NA,1,FALSE,0,FALSE,FALSE,NA,NA,0.0113044781005042,FALSE,FALSE,TRUE
1024,0.9,103,"x5","x6","none","none","R3",NA,1,FALSE,0,FALSE,FALSE,NA,NA,0.0408439983920712,FALSE,FALSE,TRUE
1024,0.9,103,"x5","x7","none","none","R3",NA,1,FALSE,0,FALSE,FALSE,NA,NA,0.0535973667721269,FALSE,FALSE,TRUE
1024,0.9,103,"x5","x8","none","none","R3",NA,1,FALSE,0,FALSE,FALSE,NA,NA,0.00174635175825802,FALSE,FALSE,TRUE
1024,0.9,103,"x5","x9","a<b","a<b","R1",3,1,TRUE,1,TRUE,FALSE,1,5,0.30728388417367,TRUE,TRUE,TRUE
1024,0.9,103,"x6","x10","none","none","R3",NA,1,FALSE,0,FALSE,FALSE,NA,NA,0.0252582856332604,FALSE,FALSE,TRUE
1024,0.9,103,"x6","x11","none","none","R3",NA,1,FALSE,0,FALSE,FALSE,NA,NA,0.0382486567685459,FALSE,FALSE,TRUE
1024,0.9,103,"x6","x12","none","none","R3",NA,1,FALSE,0,FALSE,FALSE,NA,NA,0.0518756976933305,FALSE,FALSE,TRUE
1024,0.9,103,"x6","x13","none","none","R3",NA,1,FALSE,0,FALSE,FALSE,NA,NA,0.0239226295782212,FALSE,FALSE,TRUE
1024,0.9,103,"x6","x14","none","none","R3",NA,1,FALSE,0,FALSE,FALSE,NA,NA,0.00995985528228503,FALSE,FALSE,TRUE
1024,0.9,103,"x6","x15","none","none","R3",NA,1,FALSE,0,FALSE,FALSE,NA,NA,0.00929358645869251,FALSE,FALSE,TRUE
1024,0.9,103,"x6","x7","none","none","R3",NA,1,FALSE,0,FALSE,FALSE,NA,NA,0.04654612479765,FALSE,FALSE,TRUE
1024,0.9,103,"x6","x8","none","none","R3",NA,1,FALSE,0,FALSE,FALSE,NA,NA,0.0519232998948382,FALSE,FALSE,TRUE
1024,0.9,103,"x6","x9","none","none","R3",NA,1,FALSE,0,FALSE,FALSE,NA,NA,0.0165851341572803,FALSE,FALSE,TRUE
1024,0.9,103,"x7","x10","none","none","R3",NA,1,FALSE,0,FALSE,FALSE,NA,NA,0.0228673694297894,FALSE,FALSE,TRUE
1024,0.9,103,"x7","x11","none","none","R3",NA,1,FALSE,0,TRUE,FALSE,NA,NA,0.00376414415308713,FALSE,FALSE,TRUE
1024,0.9,103,"x7","x12","none","none","R3",NA,1,FALSE,0,TRUE,FALSE,NA,NA,0.00313902148030874,FALSE,FALSE,TRUE
1024,0.9,103,"x7","x13","a<b","a<b","R1",4,1,TRUE,1,FALSE,FALSE,3,5,0.201649086242352,TRUE,TRUE,TRUE
1024,0.9,103,"x7","x14","none","none","R3",NA,1,FALSE,0,FALSE,FALSE,NA,NA,0.00124331656342416,FALSE,FALSE,TRUE
1024,0.9,103,"x7","x15","none","none","R3",NA,1,FALSE,0,TRUE,FALSE,NA,NA,0.0328203653911102,FALSE,FALSE,TRUE
1024,0.9,103,"x7","x8","none","none","R3",NA,1,FALSE,0,FALSE,FALSE,NA,NA,0.0271311875096532,FALSE,FALSE,TRUE
1024,0.9,103,"x7","x9","none","none","R3",NA,1,FALSE,0,FALSE,FALSE,NA,NA,0.00304746114364256,FALSE,FALSE,TRUE
1024,0.9,103,"x8","x10","none","none","R3",NA,1,FALSE,0,FALSE,FALSE,NA,NA,0.00299533667324734,FALSE,FALSE,TRUE
1024,0.9,103,"x8","x11","none","none","R3",NA,1,FALSE,0,TRUE,FALSE,NA,NA,0.013670969312145,FALSE,FALSE,TRUE
1024,0.9,103,"x8","x12","none","none","R3",NA,1,FALSE,0,FALSE,FALSE,NA,NA,0.0165850763174895,FALSE,FALSE,TRUE
1024,0.9,103,"x8","x13","none","none","R3",NA,1,FALSE,0,TRUE,FALSE,NA,NA,0.0332903640822095,FALSE,FALSE,TRUE
1024,0.9,103,"x8","x14","none","none","R3",NA,1,FALSE,0,FALSE,FALSE,NA,NA,0.00700810012159796,FALSE,FALSE,TRUE
1024,0.9,103,"x8","x15","a<b","a<b","R1",2,1,TRUE,1,FALSE,FALSE,1,6,0.302174460252533,TRUE,TRUE,TRUE
1024,0.9,103,"x8","x9","none","none","R3",NA,1,FALSE,0,FALSE,FALSE,NA,NA,0.0167221060704009,FALSE,FALSE,TRUE
1024,0.9,103,"x9","x10","none","none","R3",NA,1,FALSE,0,FALSE,FALSE,NA,NA,0.0160445364644375,FALSE,FALSE,TRUE
1024,0.9,103,"x9","x11","none","none","R3",NA,1,FALSE,0,TRUE,FALSE,NA,NA,0.0227648659815285,FALSE,FALSE,TRUE
1024,0.9,103,"x9","x12","none","none","R3",NA,1,FALSE,0,FALSE,FALSE,NA,NA,0.0384171272426617,FALSE,FALSE,TRUE
1024,0.9,103,"x9","x13","none","none","R3",NA,1,FALSE,0,FALSE,FALSE,NA,NA,0.00780342049730173,FALSE,FALSE,TRUE
1024,0.9,103,"x9","x14","none","none","R3",NA,1,FALSE,0,TRUE,FALSE,NA,NA,0.00348468980611072,FALSE,FALSE,TRUE
1024,0.9,103,"x9","x15","none","none","R3",NA,1,FALSE,0,TRUE,FALSE,NA,NA,0.0274684841420071,FALSE,FALSE,TRUE
1024,0.9,104,"x1","x10","a<b","a<b","R1",3,1,TRUE,1,TRUE,FALSE,2,5,0.252300871370705,TRUE,TRUE,TRUE
1024,0.9,104,"x1","x11","none","none","R3",NA,1,FALSE,0,FALSE,FALSE,NA,NA,0.0609898339230792,FALSE,FALSE,TRUE
1024,0.9,104,"x1","x12","none","none","R3",NA,1,FALSE,0,FALSE,FALSE,NA,NA,0.0311648763819398,FALSE,FALSE,TRUE
1024,0.9,104,"x1","x13","none","none","R3",NA,1,FALSE,0,TRUE,FALSE,NA,NA,0.0520204202428226,FALSE,FALSE,TRUE
1024,0.9,104,"x1","x14","none","none","R3",NA,1,FALSE,0,FALSE,FALSE,NA,NA,0.0322383709005874,FALSE,FALSE,TRUE
1024,0.9,104,"x1","x15","none","none","R3",NA,1,FALSE,0,TRUE,FALSE,NA,NA,0.00975454744053063,FALSE,FALSE,TRUE
1024,0.9,104,"x1","x2","none","none","R3",NA,1,FALSE,0,FALSE,FALSE,NA,NA,0.0418423490075536,FALSE,FALSE,TRUE
1024,0.9,104,"x1","x3","none","none","R3",NA,1,FALSE,0,FALSE,FALSE,NA,NA,0.0252251062173698,FALSE,FALSE,TRUE
1024,0.9,104,"x1","x4","none","none","R3",NA,1,FALSE,0,FALSE,FALSE,NA,NA,0.00658973958516471,FALSE,FALSE,TRUE
1024,0.9,104,"x1","x5","none","none","R3",NA,1,FALSE,0,TRUE,FALSE,NA,NA,0.0133953940431079,FALSE,FALSE,TRUE
1024,0.9,104,"x1","x6","none","none","R3",NA,1,FALSE,0,TRUE,FALSE,NA,NA,0.00240967626852482,FALSE,FALSE,TRUE
1024,0.9,104,"x1","x7","none","none","R3",NA,1,FALSE,0,FALSE,FALSE,NA,NA,0.0317992772965327,FALSE,FALSE,TRUE
1024,0.9,104,"x1","x8","none","none","R3",NA,1,FALSE,0,FALSE,FALSE,NA,NA,0.0199208560737561,FALSE,FALSE,TRUE
1024,0.9,104,"x1","x9","none","none","R3",NA,1,FALSE,0,TRUE,FALSE,NA,NA,0.00804354359596653,FALSE,FALSE,TRUE
1024,0.9,104,"x10","x11","none","none","R3",NA,1,FALSE,0,FALSE,FALSE,NA,NA,0.0648275083262924,FALSE,FALSE,TRUE
1024,0.9,104,"x10","x12","none","none","R3",NA,1,FALSE,0,FALSE,FALSE,NA,NA,0.00213758184692724,FALSE,FALSE,TRUE
1024,0.9,104,"x10","x13","none","none","R3",NA,1,FALSE,0,TRUE,FALSE,NA,NA,0.0204887626931995,FALSE,FALSE,TRUE
1024,0.9,104,"x10","x14","none","b<a","R2",2,1,FALSE,0,TRUE,TRUE,NA,NA,0.146573940861486,FALSE,TRUE,FALSE
1024,0.9,104,"x10","x15","none","none","R3",NA,1,FALSE,0,FALSE,FALSE,NA,NA,0.0163939099412385,FALSE,FALSE,TRUE
1024,0.9,104,"x11","x12","none","none","R3",NA,1,FALSE,0,FALSE,FALSE,NA,NA,0.0106921234894263,FALSE,FALSE,TRUE
1024,0.9,104,"x11","x13","none","none","R3",NA,1,FALSE,0,FALSE,FALSE,NA,NA,0.0255845516286395,FALSE,FALSE,TRUE
1024,0.9,104,"x11","x14","none","none","R3",NA,1,FALSE,0,FALSE,FALSE,NA,NA,0.0142293891781757,FALSE,FALSE,TRUE
1024,0.9,104,"x11","x15","none","none","R3",NA,1,FALSE,0,FALSE,FALSE,NA,NA,0.0431978787089365,FALSE,FALSE,TRUE
1024,0.9,104,"x12","x13","none","none","R3",NA,1,FALSE,0,FALSE,FALSE,NA,NA,0.00491110038231922,FALSE,FALSE,TRUE
1024,0.9,104,"x12","x14","none","none","R3",NA,1,FALSE,0,FALSE,FALSE,NA,NA,0.0352301338130046,FALSE,FALSE,TRUE
1024,0.9,104,"x12","x15","none","none","R3",NA,1,FALSE,0,FALSE,FALSE,NA,NA,0.0121725658871439,FALSE,FALSE,TRUE
1024,0.9,104,"x13","x14","none","none","R3",NA,1,FALSE,0,FALSE,FALSE,NA,NA,0.0149865597811892,FALSE,FALSE,TRUE
1024,0.9,104,"x13","x15","a<b","a<b","R1",1,1,TRUE,1,FALSE,FALSE,1,6,0.218642926906215,TRUE,TRUE,TRUE
1024,0.9,104,"x14","x15","none","none","R3",NA,1,FALSE,0,TRUE,FALSE,NA,NA,0.0111887561513064,FALSE,FALSE,TRUE
1024,0.9,104,"x2","x10","none","none","R3",NA,1,FALSE,0,TRUE,FALSE,NA,NA,0.0227374122275457,FALSE,FALSE,TRUE
1024,0.9,104,"x2","x11","none","none","R3",NA,1,FALSE,0,FALSE,FALSE,NA,NA,0.0268359912898333,FALSE,FALSE,TRUE
1024,0.9,104,"x2","x12","none","none","R3",NA,1,FALSE,0,TRUE,FALSE,NA,NA,0.0146959510977918,FALSE,FALSE,TRUE
1024,0.9,104,"x2","x13","a<b","a<b","R1",3,1,TRUE,1,FALSE,FALSE,3,7,0.217977270312078,TRUE,TRUE,TRUE
1024,0.9,104,"x2","x14","none","none","R3",NA,1,FALSE,0,FALSE,FALSE,NA,NA,0.0273082143090506,FALSE,FALSE,TRUE
1024,0.9,104,"x2","x15","a<b","a<b","transitivity",NA,1,FALSE,1,FALSE,FALSE,1,6,0.000630946873093786,TRUE,TRUE,TRUE
1024,0.9,104,"x2","x3","none","none","R3",NA,1,FALSE,0,TRUE,FALSE,NA,NA,0.0199973904971956,FALSE,FALSE,TRUE
1024,0.9,104,"x2","x4","none","none","R3",NA,1,FALSE,0,FALSE,FALSE,NA,NA,0.0153372356424224,FALSE,FALSE,TRUE
1024,0.9,104,"x2","x5","none","none","R3",NA,1,FALSE,0,FALSE,FALSE,NA,NA,0.0210185068370992,FALSE,FALSE,TRUE
1024,0.9,104,"x2","x6","none","none","R3",NA,1,FALSE,0,TRUE,FALSE,NA,NA,0.0562037909604413,FALSE,FALSE,TRUE
1024,0.9,104,"x2","x7","none","none","R3",NA,1,FALSE,0,FALSE,FALSE,NA,NA,0.060749631214868,FALSE,FALSE,TRUE
1024,0.9,104,"x2","x8","none","none","R3",NA,1,FALSE,0,FALSE,FALSE,NA,NA,0.0239533982392178,FALSE,FALSE,TRUE
1024,0.9,104,"x2","x9","none","none","R3",NA,1,FALSE,0,FALSE,FALSE,NA,NA,0.000154006847773838,FALSE,FALSE,TRUE
1024,0.9,104,"x3","x10","none","none","R3",NA,1,FALSE,0,TRUE,FALSE,NA,NA,0.0500278580287669,FALSE,FALSE,TRUE
1024,0.9,104,"x3","x11","none","none","R3",NA,1,FALSE,0,TRUE,FALSE,NA,NA,0.0116503927803559,FALSE,FALSE,TRUE
1024,0.9,104,"x3","x12","none","none","R3",NA,1,FALSE,0,FALSE,FALSE,NA,NA,0.0337538493612347,FALSE,FALSE,TRUE
1024,0.9,104,"x3","x13","none","none","R3",NA,1,FALSE,0,TRUE,FALSE,NA,NA,0.021788561543219,FALSE,FALSE,TRUE
1024,0.9,104,"x3","x14","none","none","R3",NA,1,FALSE,0,FALSE,FALSE,NA,NA,0.0212860450411926,FALSE,FALSE,TRUE
1024,0.9,104,"x3","x15","none","none","R3",NA,1,FALSE,0,TRUE,FALSE,NA,NA,0.0235738623157859,FALSE,FALSE,TRUE
1024,0.9,104,"x3","x4","none","none","R3",NA,1,FALSE,0,FALSE,FALSE,NA,NA,0.0237111228956569,FALSE,FALSE,TRUE
1024,0.9,104,"x3","x5","none","none","R3",NA,1,FALSE,0,FALSE,FALSE,NA,NA,0.00484208057948537,FALSE,FALSE,TRUE
1024,0.9,104,"x3","x6","none","none","R3",NA,1,FALSE,0,FALSE,FALSE,NA,NA,0.0162936049139889,FALSE,FALSE,TRUE
1024,0.9,104,"x3","x7","none","none","R3",NA,1,FALSE,0,TRUE,FALSE,NA,NA,0.0182943011187189,FALSE,FALSE,TRUE
1024,0.9,104,"x3","x8","none","none","R3",NA,1,FALSE,0,FALSE,FALSE,NA,NA,0.0391570301328056,FALSE,FALSE,TRUE
1024,0.9,104,"x3","x9","none","none","R3",NA,1,FALSE,0,TRUE,FALSE,NA,NA,0.0276703414038055,FALSE,FALSE,TRUE
1024,0.9,104,"x4","x10","none","none","R3",NA,1,FALSE,0,TRUE,FALSE,NA,NA,0.0105116723130818,FALSE,FALSE,TRUE
1024,0.9,104,"x4","x11","none","none","R3",NA,1,FALSE,0,FALSE,FALSE,NA,NA,0.0102705314534868,FALSE,FALSE,TRUE
1024,0.9,104,"x4","x12","none","none","R3",NA,1,FALSE,0,FALSE,FALSE,NA,NA,0.00215385307898037,FALSE,FALSE,TRUE
1024,0.9,104,"x4","x13","a<b","a<b","R1",1,1,TRUE,1,TRUE,FALSE,3,7,0.209755584788242,TRUE,TRUE,TRUE
1024,0.9,104,"x4","x14","none","none","R3",NA,1,FALSE,0,FALSE,FALSE,NA,NA,0.0255742163093888,FALSE,FALSE,TRUE
1024,0.9,104,"x4","x15","a<b","a<b","transitivity",NA,1,FALSE,1,FALSE,FALSE,1,6,0.0690402803153351,TRUE,TRUE,TRUE
1024,0.9,104,"x4","x5","none","none","R3",NA,1,FALSE,0,FALSE,FALSE,NA,NA,0.0105104713801921,FALSE,FALSE,TRUE
1024,0.9,104,"x4","x6","none","none","R3",NA,1,FALSE,0,FALSE,FALSE,NA,NA,0.00978272944721591,FALSE,FALSE,TRUE
1024,0.9,104,"x4","x7","none","none","R3",NA,1,FALSE,0,FALSE,FALSE,NA,NA,0.0127344269152569,FALSE,FALSE,TRUE
1024,0.9,104,"x4","x8","none","none","R3",NA,1,FALSE,0,FALSE,FALSE,NA,NA,0.0251802600615578,FALSE,FALSE,TRUE
1024,0.9,104,"x4","x9","none","none","R3",NA,1,FALSE,0,FALSE,FALSE,NA,NA,0.0109976043690892,FALSE,FALSE,TRUE
1024,0.9,104,"x5","x10","none","none","R3",NA,1,FALSE,0,TRUE,FALSE,NA,NA,0.026718161889679,FALSE,FALSE,TRUE
1024,0.9,104,"x5","x11","none","none","R3",NA,1,FALSE,0,TRUE,FALSE,NA,NA,0.0555704071895483,FALSE,FALSE,TRUE
1024,0.9,104,"x5","x12","none","none","R3",NA,1,FALSE,0,FALSE,FALSE,NA,NA,0.0214599142007779,FALSE,FALSE,TRUE
1024,0.9,104,"x5","x13","a<b","a<b","R1",3,1,TRUE,1,TRUE,FALSE,3,7,0.210932994601343,TRUE,TRUE,TRUE
1024,0.9,104,"x5","x14","none","none","R3",NA,1,FALSE,0,FALSE,FALSE,NA,NA,0.0553955329032599,FALSE,FALSE,TRUE
1024,0.9,104,"x5","x15","a<b","a<b","transitivity",NA,1,FALSE,1,FALSE,FALSE,1,6,0.0943808776404828,TRUE,TRUE,TRUE
1024,0.9,104,"x5","x6","none","none","R3",NA,1,FALSE,0,FALSE,FALSE,NA,NA,0.00944974517684256,FALSE,FALSE,TRUE
1024,0.9,104,"x5","x7","none","none","R3",NA,1,FALSE,0,FALSE,FALSE,NA,NA,0.0511430940825322,FALSE,FALSE,TRUE
1024,0.9,104,"x5","x8","none","none","R3",NA,1,FALSE,0,FALSE,FALSE,NA,NA,0.0326778256902167,FALSE,FALSE,TRUE
1024,0.9,104,"x5","x9","a<b","a<b","R1",5,1,TRUE,1,FALSE,FALSE,1,4,0.301532745149645,TRUE,TRUE,TRUE
1024,0.9,104,"x6","x10","a<b","a<b","R1",5,1,TRUE,1,FALSE,FALSE,2,5,0.252732012031357,TRUE,TRUE,TRUE
1024,0.9,104,"x6","x11","none","none","R3",NA,1,FALSE,0,FALSE,FALSE,NA,NA,0.00396703557988566,FALSE,FALSE,TRUE
1024,0.9,104,"x6","x12","none","none","R3",NA,1,FALSE,0,TRUE,FALSE,NA,NA,0.033296943564406,FALSE,FALSE,TRUE
1024,0.9,104,"x6","x13","none","none","R3",NA,1,FALSE,0,FALSE,FALSE,NA,NA,0.0134218423155444,FALSE,FALSE,TRUE
1024,0.9,104,"x6","x14","a<b","a<b","R1",3,1,TRUE,1,FALSE,FALSE,1,5,0.291492275058979,TRUE,TRUE,TRUE
1024,0.9,104,"x6","x15","none","none","R3",NA,1,FALSE,0,TRUE,FALSE,NA,NA,0.00495646110047961,FALSE,FALSE,TRUE
1024,0.9,104,"x6","x7","none","none","R3",NA,1,FALSE,0,FALSE,FALSE,NA,NA,0.00343646371090086,FALSE,FALSE,TRUE
1024,0.9,104,"x6","x8","none","none","R3",NA,1,FALSE,0,FALSE,FALSE,NA,NA,0.0113693930641427,FALSE,FALSE,TRUE
1024,0.9,104,"x6","x9","none","none","R3",NA,1,FALSE,0,FALSE,FALSE,NA,NA,0.0211808118127041,FALSE,FALSE,TRUE
1024,0.9,104,"x7","x10","none","none","R3",NA,1,FALSE,0,FALSE,FALSE,NA,NA,0.0107284009910389,FALSE,FALSE,TRUE
1024,0.9,104,"x7","x11","none","none","R3",NA,1,FALSE,0,FALSE,FALSE,NA,NA,0.0135746757564544,FALSE,FALSE,TRUE
1024,0.9,104,"x7","x12","none","none","R3",NA,1,FALSE,0,TRUE,FALSE,NA,NA,0.0512856608181713,FALSE,FALSE,TRUE
1024,0.9,104,"x7","x13","none","none","R3",NA,1,FALSE,0,TRUE,FALSE,NA,NA,0.0119052593816173,FALSE,FALSE,TRUE
1024,0.9,104,"x7","x14","none","none","R3",NA,1,FALSE,0,FALSE,FALSE,NA,NA,0.0190481729331966,FALSE,FALSE,TRUE
1024,0.9,104,"x7","x15","none","none","R3",NA,1,FALSE,0,FALSE,FALSE,NA,NA,0.0422864107904685,FALSE,FALSE,TRUE
1024,0.9,104,"x7","x8","none","none","R3",NA,1,FALSE,0,FALSE,FALSE,NA,NA,0.0282324797583464,FALSE,FALSE,TRUE
1024,0.9,104,"x7","x9","none","none","R3",NA,1,FALSE,0,TRUE,FALSE,NA,NA,0.0109333994886261,FALSE,FALSE,TRUE
1024,0.9,104,"x8","x10","none","none","R3",NA,1,FALSE,0,FALSE,FALSE,NA,NA,0.0732156034279193,FALSE,FALSE,TRUE
1024,0.9,104,"x8","x11","none","none","R3",NA,1,FALSE,0,FALSE,FALSE,NA,NA,0.0171030527542963,FALSE,FALSE,TRUE
1024,0.9,104,"x8","x12","none","none","R3",NA,1,FALSE,0,FALSE,FALSE,NA,NA,0.00499498424042898,FALSE,FALSE,TRUE
1024,0.9,104,"x8","x13","none","none","R3",NA,1,FALSE,0,TRUE,FALSE,NA,NA,0.0139988944289067,FALSE,FALSE,TRUE
1024,0.9,104,"x8","x14","none","none","R3",NA,1,FALSE,0,FALSE,FALSE,NA,NA,0.0365674581044368,FALSE,FALSE,TRUE
1024,0.9,104,"x8","x15","none","none","R3",NA,1,FALSE,0,FALSE,FALSE,NA,NA,0.0292773851717063,FALSE,FALSE,TRUE
1024,0.9,104,"x8","x9","none","none","R3",NA,1,FALSE,0,FALSE,FALSE,NA,NA,0.0317887911748524,FALSE,FALSE,TRUE
1024,0.9,104,"x9","x10","none","none","R3",NA,1,FALSE,0,TRUE,FALSE,NA,NA,0.0836370090821826,FALSE,FALSE,TRUE
1024,0.9,104,"x9","x11","none","none","R3",NA,1,FALSE,0,FALSE,FALSE,NA,NA,0.0282798527785465,FALSE,FALSE,TRUE
1024,0.9,104,"x9","x12","none","none","R3",NA,1,FALSE,0,FALSE,FALSE,NA,NA,0.00286175786238585,FALSE,FALSE,TRUE
1024,0.9,104,"x9","x13","none","none","R3",NA,1,FALSE,0,TRUE,TRUE,NA,NA,0.140222929394256,FALSE,FALSE,TRUE
1024,0.9,104,"x9","x14","none","none","R3",NA,1,FALSE,0,FALSE,FALSE,NA,NA,0.0354065813116691,FALSE,FALSE,TRUE
1024,0.9,104,"x9","x15","none","none","R3",NA,1,FALSE,0,FALSE,TRUE,NA,NA,0.0188835870705914,FALSE,FALSE,TRUE
1024,0.9,105,"x1","x10","none","none","R3",NA,1,FALSE,0,FALSE,FALSE,NA,NA,0.0219371531201087,FALSE,FALSE,TRUE
1024,0.9,105,"x1","x11","none","none","R3",NA,1,FALSE,0,FALSE,FALSE,NA,NA,0.0156667601527954,FALSE,FALSE,TRUE
1024,0.9,105,"x1","x12","none","none","R3",NA,1,FALSE,0,FALSE,FALSE,NA,NA,0.0394990969923223,FALSE,FALSE,TRUE
1024,0.9,105,"x1","x13","none","none","R3",NA,1,FALSE,0,FALSE,FALSE,NA,NA,0.0362783032282088,FALSE,FALSE,TRUE
1024,0.9,105,"x1","x14","none","none","R3",NA,1,FALSE,0,FALSE,FALSE,NA,NA,0.022721271251719,FALSE,FALSE,TRUE
1024,0.9,105,"x1","x15","none","none","R3",NA,1,FALSE,0,TRUE,FALSE,NA,NA,0.0123941719267728,FALSE,FALSE,TRUE
1024,0.9,105,"x1","x2","none","none","R3",NA,1,FALSE,0,FALSE,FALSE,NA,NA,0.00618743760586597,FALSE,FALSE,TRUE
1024,0.9,105,"x1","x3","none","none","R3",NA,1,FALSE,0,FALSE,FALSE,NA,NA,0.0665147223876935,FALSE,FALSE,TRUE
1024,0.9,105,"x1","x4","none","none","R3",NA,1,FALSE,0,FALSE,FALSE,NA,NA,0.0162715167681193,FALSE,FALSE,TRUE
1024,0.9,105,"x1","x5","none","none","R3",NA,1,FALSE,0,FALSE,FALSE,NA,NA,0.00157154421278269,FALSE,FALSE,TRUE
1024,0.9,105,"x1","x6","none","none","R3",NA,1,FALSE,0,TRUE,FALSE,NA,NA,0.0231362679177238,FALSE,FALSE,TRUE
1024,0.9,105,"x1","x7","a<b","a<b","R1",3,1,TRUE,1,FALSE,FALSE,1,2,0.359632358998278,TRUE,TRUE,TRUE
1024,0.9,105,"x1","x8","none","none","R3",NA,1,FALSE,0,FALSE,FALSE,NA,NA,0.0269161418984075,FALSE,FALSE,TRUE
1024,0.9,105,"x1","x9","none","none","R3",NA,1,FALSE,0,FALSE,FALSE,NA,NA,0.0192014044204087,FALSE,FALSE,TRUE
1024,0.9,105,"x10","x11","none","none","R3",NA,1,FALSE,0,TRUE,FALSE,NA,NA,0.0316314509888082,FALSE,FALSE,TRUE
1024,0.9,105,"x10","x12","none","none","R3",NA,1,FALSE,0,TRUE,FALSE,NA,NA,0.015232079790913,FALSE,FALSE,TRUE
1024,0.9,105,"x10","x13","none","none","R3",NA,1,FALSE,0,TRUE,FALSE,NA,NA,0.0145804142577457,FALSE,FALSE,TRUE
1024,0.9,105,"x10","x14","none","none","R3",NA,1,FALSE,0,FALSE,FALSE,NA,NA,0.0206704855307472,FALSE,FALSE,TRUE
1024,0.9,105,"x10","x15","none","none","R3",NA,1,FALSE,0,FALSE,FALSE,NA,NA,0.0141003495260429,FALSE,FALSE,TRUE
1024,0.9,105,"x11","x12","none","none","R3",NA,1,FALSE,0,TRUE,FALSE,NA,NA,0.0922434665539691,FALSE,FALSE,TRUE
1024,0.9,105,"x11","x13","none","none","R3",NA,1,FALSE,0,TRUE,TRUE,NA,NA,0.0497872550889788,FALSE,FALSE,TRUE
1024,0.9,105,"x11","x14","none","none","R3",NA,1,FALSE,0,TRUE,FALSE,NA,NA,0.0114905132529588,FALSE,FALSE,TRUE
1024,0.9,105,"x11","x15","none","none","R3",NA,1,FALSE,0,FALSE,TRUE,NA,NA,0.00200236310116057,FALSE,FALSE,TRUE
1024,0.9,105,"x12","x13","none","none","R3",NA,1,FALSE,0,FALSE,FALSE,NA,NA,0.0162455659053438,FALSE,FALSE,TRUE
1024,0.9,105,"x12","x14","a<b","a<b","R2",1,1,TRUE,1,FALSE,FALSE,2,5,0.211694164471562,TRUE,TRUE,TRUE
1024,0.9,105,"x12","x15","none","none","R3",NA,1,FALSE,0,TRUE,FALSE,NA,NA,0.0547311117848353,FALSE,FALSE,TRUE
1024,0.9,105,"x13","x14","none","none","R3",NA,1,FALSE,0,FALSE,FALSE,NA,NA,0.0215309898542096,FALSE,FALSE,TRUE
1024,0.9,105,"x13","x15","a<b","b<a","R1",3,2,TRUE,1,FALSE,FALSE,1,6,0.21976723663909,TRUE,TRUE,FALSE
1024,0.9,105,"x14","x15","none","none","R3",NA,1,FALSE,0,FALSE,FALSE,NA,NA,0.0351968500542949,FALSE,FALSE,TRUE
1024,0.9,105,"x2","x10","none","none","R3",NA,1,FALSE,0,FALSE,FALSE,NA,NA,0.0189050540924384,FALSE,FALSE,TRUE
1024,0.9,105,"x2","x11","a<b","a<b","R1",1,1,TRUE,1,FALSE,FALSE,2,4,0.222617675110111,TRUE,TRUE,TRUE
1024,0.9,105,"x2","x12","none","none","R3",NA,1,FALSE,0,FALSE,FALSE,NA,NA,0.00919305384402011,FALSE,FALSE,TRUE
1024,0.9,105,"x2","x13","none","none","R3",NA,1,FALSE,0,FALSE,FALSE,NA,NA,0.0650801972190149,FALSE,FALSE,TRUE
1024,0.9,105,"x2","x14","none","none","R3",NA,1,FALSE,0,FALSE,FALSE,NA,NA,0.0504673541109749,FALSE,FALSE,TRUE
1024,0.9,105,"x2","x15","none","none","R3",NA,1,FALSE,0,FALSE,FALSE,NA,NA,0.0545040888081577,FALSE,FALSE,TRUE
1024,0.9,105,"x2","x3","none","none","R3",NA,1,FALSE,0,FALSE,FALSE,NA,NA,0.00326420869985905,FALSE,FALSE,TRUE
1024,0.9,105,"x2","x4","none","none","R3",NA,1,FALSE,0,FALSE,FALSE,NA,NA,0.00223591666416689,FALSE,FALSE,TRUE
1024,0.9,105,"x2","x5","none","none","R3",NA,1,FALSE,0,FALSE,FALSE,NA,NA,0.0164854790776512,FALSE,FALSE,TRUE
1024,0.9,105,"x2","x6","none","none","R3",NA,1,FALSE,0,FALSE,FALSE,NA,NA,0.0156609022954365,FALSE,FALSE,TRUE
1024,0.9,105,"x2","x7","none","none","R3",NA,1,FALSE,0,FALSE,FALSE,NA,NA,0.00885996275835637,FALSE,FALSE,TRUE
1024,0.9,105,"x2","x8","none","none","R3",NA,1,FALSE,0,FALSE,FALSE,NA,NA,0.0264291356287403,FALSE,FALSE,TRUE
1024,0.9,105,"x2","x9","none","none","R3",NA,1,FALSE,0,FALSE,FALSE,NA,NA,0.0304981194586043,FALSE,FALSE,TRUE
1024,0.9,105,"x3","x10","none","none","R3",NA,1,FALSE,0,FALSE,FALSE,NA,NA,0.0139834295493689,FALSE,FALSE,TRUE
1024,0.9,105,"x3","x11","none","none","R3",NA,1,FALSE,0,FALSE,FALSE,NA,NA,0.0533948845072781,FALSE,FALSE,TRUE
1024,0.9,105,"x3","x12","none","none","R3",NA,1,FALSE,0,FALSE,FALSE,NA,NA,0.0575639139887928,FALSE,FALSE,TRUE
1024,0.9,105,"x3","x13","none","none","R3",NA,1,FALSE,0,FALSE,FALSE,NA,NA,0.0178047869297674,FALSE,FALSE,TRUE
1024,0.9,105,"x3","x14","none","none","R3",NA,1,FALSE,0,FALSE,FALSE,NA,NA,0.0177403867897502,FALSE,FALSE,TRUE
1024,0.9,105,"x3","x15","none","none","R3",NA,1,FALSE,0,FALSE,FALSE,NA,NA,0.0508036758169429,FALSE,FALSE,TRUE
1024,0.9,105,"x3","x4","none","none","R3",NA,1,FALSE,0,FALSE,FALSE,NA,NA,0.00540510087228461,FALSE,FALSE,TRUE
1024,0.9,105,"x3","x5","none","none","R3",NA,1,FALSE,0,FALSE,FALSE,NA,NA,0.0259861896107743,FALSE,FALSE,TRUE
1024,0.9,105,"x3","x6","none","none","R3",NA,1,FALSE,0,FALSE,FALSE,NA,NA,0.0526733632648864,FALSE,FALSE,TRUE
1024,0.9,105,"x3","x7","none","none","R3",NA,1,FALSE,0,FALSE,FALSE,NA,NA,0.0430799508195069,FALSE,FALSE,TRUE
1024,0.9,105,"x3","x8","none","none","R3",NA,1,FALSE,0,FALSE,FALSE,NA,NA,0.0101654414074996,FALSE,FALSE,TRUE
1024,0.9,105,"x3","x9","none","none","R3",NA,1,FALSE,0,TRUE,FALSE,NA,NA,0.00157247770875195,FALSE,FALSE,TRUE
1024,0.9,105,"x4","x10","none","none","R3",NA,1,FALSE,0,TRUE,FALSE,NA,NA,0.0541608454884767,FALSE,FALSE,TRUE
1024,0.9,105,"x4","x11","none","none","R3",NA,1,FALSE,0,FALSE,FALSE,NA,NA,0.0196576688221947,FALSE,FALSE,TRUE
1024,0.9,105,"x4","x12","none","none","R3",NA,1,FALSE,0,TRUE,FALSE,NA,NA,0.0139489063532952,FALSE,FALSE,TRUE
1024,0.9,105,"x4","x13","none","none","R3",NA,1,FALSE,0,FALSE,FALSE,NA,NA,0.0464465411297821,FALSE,FALSE,TRUE
1024,0.9,105,"x4","x14","none","none","R3",NA,1,FALSE,0,FALSE,FALSE,NA,NA,0.0365914391064489,FALSE,FALSE,TRUE
1024,0.9,105,"x4","x15","none","none","R3",NA,1,FALSE,0,FALSE,FALSE,NA,NA,0.00974504492661766,FALSE,FALSE,TRUE
1024,0.9,105,"x4","x5","none","none","R3",NA,1,FALSE,0,TRUE,FALSE,NA,NA,0.0341080738985253,FALSE,FALSE,TRUE
1024,0.9,105,"x4","x6","none","none","R3",NA,1,FALSE,0,FALSE,FALSE,NA,NA,0.0373573557563575,FALSE,FALSE,TRUE
1024,0.9,105,"x4","x7","none","none","R3",NA,1,FALSE,0,TRUE,FALSE,NA,NA,0.00831267211666312,FALSE,FALSE,TRUE
1024,0.9,105,"x4","x8","none","none","R3",NA,1,FALSE,0,FALSE,FALSE,NA,NA,0.0123289283243638,FALSE,FALSE,TRUE
1024,0.9,105,"x4","x9","none","none","R3",NA,1,FALSE,0,FALSE,FALSE,NA,NA,0.0277345273474046,FALSE,FALSE,TRUE
1024,0.9,105,"x5","x10","none","none","R3",NA,1,FALSE,0,TRUE,FALSE,NA,NA,0.0115711017622078,FALSE,FALSE,TRUE
1024,0.9,105,"x5","x11","none","none","R3",NA,1,FALSE,0,FALSE,FALSE,NA,NA,0.01480065919626,FALSE,FALSE,TRUE
1024,0.9,105,"x5","x12","none","none","R3",NA,1,FALSE,0,FALSE,FALSE,NA,NA,0.000672642955408648,FALSE,FALSE,TRUE
1024,0.9,105,"x5","x13","none","none","R3",NA,1,FALSE,0,TRUE,FALSE,NA,NA,0.0141730044903497,FALSE,FALSE,TRUE
1024,0.9,105,"x5","x14","a<b","a<b","R1",4,1,TRUE,1,FALSE,FALSE,2,5,0.27983895416582,TRUE,TRUE,TRUE
1024,0.9,105,"x5","x15","none","none","R3",NA,1,FALSE,0,FALSE,FALSE,NA,NA,0.0159585893590482,FALSE,FALSE,TRUE
1024,0.9,105,"x5","x6","none","none","R3",NA,1,FALSE,0,FALSE,FALSE,NA,NA,0.0127762783136481,FALSE,FALSE,TRUE
1024,0.9,105,"x5","x7","none","none","R3",NA,1,FALSE,0,TRUE,FALSE,NA,NA,0.0135844043059164,FALSE,FALSE,TRUE
1024,0.9,105,"x5","x8","none","none","R3",NA,1,FALSE,0,FALSE,FALSE,NA,NA,0.0270481944332682,FALSE,FALSE,TRUE
1024,0.9,105,"x5","x9","none","none","R3",NA,1,FALSE,0,FALSE,FALSE,NA,NA,0.004149714590885,FALSE,FALSE,TRUE
1024,0.9,105,"x6","x10","none","none","R3",NA,1,FALSE,0,FALSE,FALSE,NA,NA,0.00511309905181313,FALSE,FALSE,TRUE
1024,0.9,105,"x6","x11","none","none","R3",NA,1,FALSE,0,TRUE,FALSE,NA,NA,0.00579305238219342,FALSE,FALSE,TRUE
1024,0.9,105,"x6","x12","none","none","R3",NA,1,FALSE,0,TRUE,FALSE,NA,NA,0.0184366668393164,FALSE,FALSE,TRUE
1024,0.9,105,"x6","x13","none","none","R3",NA,1,FALSE,0,FALSE,FALSE,NA,NA,0.00240260920667286,FALSE,FALSE,TRUE
1024,0.9,105,"x6","x14","none","none","R3",NA,1,FALSE,0,TRUE,FALSE,NA,NA,0.0605945334509688,FALSE,FALSE,TRUE
1024,0.9,105,"x6","x15","none","none","R3",NA,1,FALSE,0,TRUE,FALSE,NA,NA,0.0289204690719637,FALSE,FALSE,TRUE
1024,0.9,105,"x6","x7","none","none","R3",NA,1,FALSE,0,TRUE,FALSE,NA,NA,0.0127839561803074,FALSE,FALSE,TRUE
1024,0.9,105,"x6","x8","none","none","R3",NA,1,FALSE,0,FALSE,FALSE,NA,NA,0.0101141018176682,FALSE,FALSE,TRUE
1024,0.9,105,"x6","x9","none","none","R3",NA,1,FALSE,0,FALSE,FALSE,NA,NA,0.0352326835309716,FALSE,FALSE,TRUE
1024,0.9,105,"x7","x10","none","none","R3",NA,1,FALSE,0,FALSE,FALSE,NA,NA,0.0263801612147767,FALSE,FALSE,TRUE
1024,0.9,105,"x7","x11","none","none","R3",NA,1,FALSE,0,FALSE,FALSE,NA,NA,0.0479891068629742,FALSE,FALSE,TRUE
1024,0.9,105,"x7","x12","none","none","R3",NA,1,FALSE,0,FALSE,FALSE,NA,NA,0.0173106584124848,FALSE,FALSE,TRUE
1024,0.9,105,"x7","x13","none","none","R3",NA,1,FALSE,0,FALSE,FALSE,NA,NA,0.00284671006638893,FALSE,FALSE,TRUE
1024,0.9,105,"x7","x14","none","none","R3",NA,1,FALSE,0,FALSE,FALSE,NA,NA,0.00573264899418751,FALSE,FALSE,TRUE
1024,0.9,105,"x7","x15","none","none","R3",NA,1,FALSE,0,FALSE,FALSE,NA,NA,0.0187376191381489,FALSE,FALSE,TRUE
1024,0.9,105,"x7","x8","none","none","R3",NA,1,FALSE,0,FALSE,FALSE,NA,NA,0.0103128155581649,FALSE,FALSE,TRUE
1024,0.9,105,"x7","x9","none","none","R3",NA,1,FALSE,0,FALSE,FALSE,NA,NA,0.0434978752183359,FALSE,FALSE,TRUE
1024,0.9,105,"x8","x10","none","none","R3",NA,1,FALSE,0,TRUE,FALSE,NA,NA,0.0189335667858506,FALSE,FALSE,TRUE
1024,0.9,105,"x8","x11","a<b","a<b","R1",2,1,TRUE,1,TRUE,FALSE,2,4,0.263245782050184,TRUE,TRUE,TRUE
1024,0.9,105,"x8","x12","none","none","R3",NA,1,FALSE,0,TRUE,FALSE,NA,NA,0.0201296275591462,FALSE,FALSE,TRUE
1024,0.9,105,"x8","x13","a<b","a<b","R1",2,1,TRUE,1,TRUE,FALSE,1,2,0.329124540870617,TRUE,TRUE,TRUE
1024,0.9,105,"x8","x14","none","none","R3",NA,1,FALSE,0,FALSE,FALSE,NA,NA,0.00922179558959119,FALSE,FALSE,TRUE
1024,0.9,105,"x8","x15","a<b","none","R3",NA,1,FALSE,1,FALSE,FALSE,1,6,0.0719053185595565,TRUE,FALSE,FALSE
1024,0.9,105,"x8","x9","none","none","R3",NA,1,FALSE,0,TRUE,FALSE,NA,NA,0.0314663018140975,FALSE,FALSE,TRUE
1024,0.9,105,"x9","x10","none","none","R3",NA,1,FALSE,0,TRUE,FALSE,NA,NA,0.0298377454555135,FALSE,FALSE,TRUE
1024,0.9,105,"x9","x11","none","none","R3",NA,1,FALSE,0,TRUE,FALSE,NA,NA,0.0282069332103659,FALSE,FALSE,TRUE
1024,0.9,105,"x9","x12","none","none","R3",NA,1,FALSE,0,TRUE,FALSE,NA,NA,0.0096957336010029,FALSE,FALSE,TRUE
1024,0.9,105,"x9","x13","none","none","R3",NA,1,FALSE,0,FALSE,FALSE,NA,NA,0.014882585107042,FALSE,FALSE,TRUE
1024,0.9,105,"x9","x14","none","none","R3",NA,1,FALSE,0,FALSE,FALSE,NA,NA,0.00632635957408688,FALSE,FALSE,TRUE
1024,0.9,105,"x9","x15","none","none","R3",NA,1,FALSE,0,FALSE,FALSE,NA,NA,0.00178904162182066,FALSE,FALSE,TRUE
1024,0.9,106,"x1","x10","none","none","R3",NA,1,FALSE,0,TRUE,FALSE,NA,NA,0.0309601670710554,FALSE,FALSE,TRUE
1024,0.9,106,"x1","x11","none","none","R3",NA,1,FALSE,0,FALSE,FALSE,NA,NA,0.0219721129330252,FALSE,FALSE,TRUE
1024,0.9,106,"x1","x12","none","none","R3",NA,1,FALSE,0,FALSE,FALSE,NA,NA,0.0125509150399109,FALSE,FALSE,TRUE
1024,0.9,106,"x1","x13","none","none","R3",NA,1,FALSE,0,FALSE,FALSE,NA,NA,0.00805101086766454,FALSE,FALSE,TRUE
1024,0.9,106,"x1","x14","none","none","R3",NA,1,FALSE,0,FALSE,FALSE,NA,NA,0.0191622646668414,FALSE,FALSE,TRUE
1024,0.9,106,"x1","x15","none","none","R3",NA,1,FALSE,0,FALSE,FALSE,NA,NA,0.0645513546054689,FALSE,FALSE,TRUE
1024,0.9,106,"x1","x2","none","none","R3",NA,1,FALSE,0,FALSE,FALSE,NA,NA,0.0144962010438598,FALSE,FALSE,TRUE
1024,0.9,106,"x1","x3","none","none","R3",NA,1,FALSE,0,TRUE,FALSE,NA,NA,0.00140436496941321,FALSE,FALSE,TRUE
1024,0.9,106,"x1","x4","a<b","a<b","R1",3,1,TRUE,1,TRUE,FALSE,1,7,0.278832261226903,TRUE,TRUE,TRUE
1024,0.9,106,"x1","x5","none","none","R3",NA,1,FALSE,0,TRUE,FALSE,NA,NA,0.0244791570733289,FALSE,FALSE,TRUE
1024,0.9,106,"x1","x6","none","none","R3",NA,1,FALSE,0,TRUE,FALSE,NA,NA,0.0210623768734003,FALSE,FALSE,TRUE
1024,0.9,106,"x1","x7","none","none","R3",NA,1,FALSE,0,TRUE,FALSE,NA,NA,0.00940527663957744,FALSE,FALSE,TRUE
1024,0.9,106,"x1","x8","none","none","R3",NA,1,FALSE,0,FALSE,FALSE,NA,NA,0.040138434371768,FALSE,FALSE,TRUE
1024,0.9,106,"x1","x9","none","none","R3",NA,1,FALSE,0,FALSE,FALSE,NA,NA,0.040601741551718,FALSE,FALSE,TRUE
1024,0.9,106,"x10","x11","none","none","R3",NA,1,FALSE,0,FALSE,FALSE,NA,NA,0.038165704170035,FALSE,FALSE,TRUE
1024,0.9,106,"x10","x12","a<b","a<b","R1",4,1,TRUE,1,TRUE,FALSE,1,5,0.280943556824962,TRUE,TRUE,TRUE
1024,0.9,106,"x10","x13","a<b","a<b","R1",2,1,TRUE,2,TRUE,FALSE,4,10,0.179733391740353,TRUE,TRUE,TRUE
1024,0.9,106,"x10","x14","none","a<b","transitivity",NA,2,FALSE,0,TRUE,FALSE,NA,NA,0.0636809881439509,FALSE,TRUE,FALSE
1024,0.9,106,"x10","x15","none","none","R3",NA,1,FALSE,0,FALSE,FALSE,NA,NA,0.00424987312789325,FALSE,FALSE,TRUE
1024,0.9,106,"x11","x12","none","none","R3",NA,1,FALSE,0,TRUE,FALSE,NA,NA,0.0472376940267766,FALSE,FALSE,TRUE
1024,0.9,106,"x11","x13","none","none","R3",NA,1,FALSE,0,TRUE,FALSE,NA,NA,0.0257103350312261,FALSE,FALSE,TRUE
1024,0.9,106,"x11","x14","none","none","R3",NA,1,FALSE,0,FALSE,FALSE,NA,NA,0.0156757036770263,FALSE,FALSE,TRUE
1024,0.9,106,"x11","x15","none","none","R3",NA,1,FALSE,0,TRUE,FALSE,NA,NA,0.0519773505164268,FALSE,FALSE,TRUE
1024,0.9,106,"x12","x13","a<b","a<b","R1",1,1,TRUE,1,TRUE,TRUE,4,10,0.175362584974114,TRUE,TRUE,TRUE
1024,0.9,106,"x12","x14","none","a<b","transitivity",NA,2,FALSE,0,FALSE,FALSE,NA,NA,0.00517828411599409,FALSE,TRUE,FALSE
1024,0.9,106,"x12","x15","none","none","R3",NA,1,FALSE,0,FALSE,FALSE,NA,NA,0.039020659002654,FALSE,FALSE,TRUE
1024,0.9,106,"x13","x14","none","a<b","transitivity",NA,2,FALSE,0,TRUE,TRUE,NA,NA,0.0290317001981649,FALSE,TRUE,FALSE
1024,0.9,106,"x13","x15","none","none","R3",NA,1,FALSE,0,TRUE,FALSE,NA,NA,0.0181999653606282,FALSE,FALSE,TRUE
1024,0.9,106,"x14","x15","none","none","R3",NA,1,FALSE,0,FALSE,FALSE,NA,NA,0.00142167596641757,FALSE,FALSE,TRUE
1024,0.9,106,"x2","x10","none","none","R3",NA,1,FALSE,0,TRUE,FALSE,NA,NA,0.0404389990238674,FALSE,FALSE,TRUE
1024,0.9,106,"x2","x11","none","none","R3",NA,1,FALSE,0,FALSE,FALSE,NA,NA,0.0301451960711569,FALSE,FALSE,TRUE
1024,0.9,106,"x2","x12","none","none","R3",NA,1,FALSE,0,FALSE,FALSE,NA,NA,0.00726110932654664,FALSE,FALSE,TRUE
1024,0.9,106,"x2","x13","a<b","none","R3",NA,1,FALSE,1,FALSE,FALSE,4,10,0.032332756570932,TRUE,FALSE,FALSE
1024,0.9,106,"x2","x14","a<b","a<b","transitivity",NA,1,FALSE,1,FALSE,FALSE,2,2,0.0451967939491132,TRUE,TRUE,TRUE
1024,0.9,106,"x2","x15","none","none","R3",NA,1,FALSE,0,FALSE,FALSE,NA,NA,0.0775868179087464,FALSE,FALSE,TRUE
1024,0.9,106,"x2","x3","none","none","R3",NA,1,FALSE,0,TRUE,FALSE,NA,NA,0.0156192588545684,FALSE,FALSE,TRUE
1024,0.9,106,"x2","x4","none","none","R3",NA,1,FALSE,0,FALSE,FALSE,NA,NA,0.0890552135344969,FALSE,FALSE,TRUE
1024,0.9,106,"x2","x5","a<b","a<b","R1",3,1,TRUE,1,FALSE,FALSE,1,3,0.273293141434561,TRUE,TRUE,TRUE
1024,0.9,106,"x2","x6","none","none","R3",NA,1,FALSE,0,FALSE,FALSE,NA,NA,0.0383282834701486,FALSE,FALSE,TRUE
1024,0.9,106,"x2","x7","none","none","R3",NA,1,FALSE,0,FALSE,FALSE,NA,NA,0.0197094089742476,FALSE,FALSE,TRUE
1024,0.9,106,"x2","x8","none","none","R3",NA,1,FALSE,0,FALSE,FALSE,NA,NA,0.0256604104099366,FALSE,FALSE,TRUE
1024,0.9,106,"x2","x9","a<b","a<b","transitivity",NA,1,FALSE,1,FALSE,FALSE,2,5,0.0470398397005921,TRUE,TRUE,TRUE
1024,0.9,106,"x3","x10","none","a<b","R2",1,1,FALSE,0,FALSE,FALSE,NA,NA,0.0810929399877283,FALSE,TRUE,FALSE
1024,0.9,106,"x3","x11","none","none","R3",NA,1,FALSE,0,FALSE,FALSE,NA,NA,0.0203914917949757,FALSE,FALSE,TRUE
1024,0.9,106,"x3","x12","none","none","R3",NA,1,FALSE,0,FALSE,FALSE,NA,NA,0.0343017808290582,FALSE,FALSE,TRUE
1024,0.9,106,"x3","x13","a<b","none","R3",NA,1,FALSE,1,FALSE,FALSE,4,10,0.0370753302607334,TRUE,FALSE,FALSE
1024,0.9,106,"x3","x14","a<b","a<b","R1",5,1,TRUE,1,FALSE,FALSE,2,2,0.307838238353362,TRUE,TRUE,TRUE
1024,0.9,106,"x3","x15","none","none","R3",NA,1,FALSE,0,FALSE,FALSE,NA,NA,0.0148692402152537,FALSE,FALSE,TRUE
1024,0.9,106,"x3","x4","none","none","R3",NA,1,FALSE,0,FALSE,FALSE,NA,NA,0.00290836744196237,FALSE,FALSE,TRUE
1024,0.9,106,"x3","x5","none","none","R3",NA,1,FALSE,0,FALSE,FALSE,NA,NA,0.00090204405925405,FALSE,FALSE,TRUE
1024,0.9,106,"x3","x6","none","none","R3",NA,1,FALSE,0,FALSE,FALSE,NA,NA,0.0286945644331537,FALSE,FALSE,TRUE
1024,0.9,106,"x3","x7","none","none","R3",NA,1,FALSE,0,FALSE,FALSE,NA,NA,0.0334742206536703,FALSE,FALSE,TRUE
1024,0.9,106,"x3","x8","none","none","R3",NA,1,FALSE,0,TRUE,FALSE,NA,NA,0.0276845181273708,FALSE,FALSE,TRUE
1024,0.9,106,"x3","x9","a<b","a<b","R1",3,1,TRUE,1,FALSE,FALSE,2,5,0.1654376825004,TRUE,TRUE,TRUE
1024,0.9,106,"x4","x10","none","none","R3",NA,1,FALSE,0,TRUE,FALSE,NA,NA,0.0539346399079858,FALSE,FALSE,TRUE
1024,0.9,106,"x4","x11","none","none","R3",NA,1,FALSE,0,TRUE,FALSE,NA,NA,0.0131677446802859,FALSE,FALSE,TRUE
1024,0.9,106,"x4","x12","none","none","R3",NA,1,FALSE,0,TRUE,FALSE,NA,NA,0.0387004985500223,FALSE,FALSE,TRUE
1024,0.9,106,"x4","x13","none","none","R3",NA,1,FALSE,0,TRUE,FALSE,NA,NA,0.0370275692112036,FALSE,FALSE,TRUE
1024,0.9,106,"x4","x14","none","none","R3",NA,1,FALSE,0,TRUE,FALSE,NA,NA,0.0140681005029674,FALSE,FALSE,TRUE
1024,0.9,106,"x4","x15","none","none","R3",NA,1,FALSE,0,FALSE,FALSE,NA,NA,0.0266902363275732,FALSE,FALSE,TRUE
1024,0.9,106,"x4","x5","none","none","R3",NA,1,FALSE,0,FALSE,FALSE,NA,NA,0.0439667991118096,FALSE,FALSE,TRUE
1024,0.9,106,"x4","x6","none","none","R3",NA,1,FALSE,0,FALSE,FALSE,NA,NA,0.0250602777793619,FALSE,FALSE,TRUE
1024,0.9,106,"x4","x7","none","none","R3",NA,1,FALSE,0,FALSE,FALSE,NA,NA,0.03295746928961,FALSE,FALSE,TRUE
1024,0.9,106,"x4","x8","none","none","R3",NA,1,FALSE,0,FALSE,FALSE,NA,NA,0.0356013754926937,FALSE,FALSE,TRUE
1024,0.9,106,"x4","x9","none","none","R3",NA,1,FALSE,0,FALSE,FALSE,NA,NA,0.00649014807256783,FALSE,FALSE,TRUE
1024,0.9,106,"x5","x10","none","none","R3",NA,1,FALSE,0,TRUE,FALSE,NA,NA,0.00931997499008173,FALSE,FALSE,TRUE
1024,0.9,106,"x5","x11","none","none","R3",NA,1,FALSE,0,FALSE,FALSE,NA,NA,0.032185792978915,FALSE,FALSE,TRUE
1024,0.9,106,"x5","x12","none","none","R3",NA,1,FALSE,0,FALSE,FALSE,NA,NA,0.0672897060562896,FALSE,FALSE,TRUE
1024,0.9,106,"x5","x13","a<b","none","R3",NA,1,FALSE,1,TRUE,FALSE,4,10,0.00632641436031819,TRUE,FALSE,FALSE
1024,0.9,106,"x5","x14","a<b","a<b","R1",1,1,TRUE,1,TRUE,FALSE,2,2,0.290751756088696,TRUE,TRUE,TRUE
1024,0.9,106,"x5","x15","none","none","R3",NA,1,FALSE,0,FALSE,FALSE,NA,NA,0.0295192025418119,FALSE,FALSE,TRUE
1024,0.9,106,"x5","x6","none","none","R3",NA,1,FALSE,0,TRUE,FALSE,NA,NA,0.00168921225023073,FALSE,FALSE,TRUE
1024,0.9,106,"x5","x7","none","none","R3",NA,1,FALSE,0,FALSE,FALSE,NA,NA,0.0306850835704614,FALSE,FALSE,TRUE
1024,0.9,106,"x5","x8","none","none","R3",NA,1,FALSE,0,FALSE,FALSE,NA,NA,0.0210768320946229,FALSE,FALSE,TRUE
1024,0.9,106,"x5","x9","a<b","a<b","R1",1,1,TRUE,1,FALSE,FALSE,2,5,0.224543170197844,TRUE,TRUE,TRUE
1024,0.9,106,"x6","x10","none","none","R3",NA,1,FALSE,0,FALSE,FALSE,NA,NA,0.00405196929526418,FALSE,FALSE,TRUE
1024,0.9,106,"x6","x11","none","none","R3",NA,1,FALSE,0,FALSE,FALSE,NA,NA,0.0623662999138334,FALSE,FALSE,TRUE
1024,0.9,106,"x6","x12","none","none","R3",NA,1,FALSE,0,FALSE,FALSE,NA,NA,0.00199106327205859,FALSE,FALSE,TRUE
1024,0.9,106,"x6","x13","none","none","R3",NA,1,FALSE,0,TRUE,FALSE,NA,NA,0.0299044993083047,FALSE,FALSE,TRUE
1024,0.9,106,"x6","x14","none","none","R3",NA,1,FALSE,0,FALSE,FALSE,NA,NA,0.0171110048587452,FALSE,FALSE,TRUE
1024,0.9,106,"x6","x15","none","none","R3",NA,1,FALSE,0,FALSE,FALSE,NA,NA,0.00240019380661811,FALSE,FALSE,TRUE
1024,0.9,106,"x6","x7","none","none","R3",NA,1,FALSE,0,FALSE,FALSE,NA,NA,0.0414751281576385,FALSE,FALSE,TRUE
1024,0.9,106,"x6","x8","none","none","R3",NA,1,FALSE,0,TRUE,FALSE,NA,NA,0.0163900863234263,FALSE,FALSE,TRUE
1024,0.9,106,"x6","x9","none","none","R3",NA,1,FALSE,0,TRUE,FALSE,NA,NA,0.00449348758093479,FALSE,FALSE,TRUE
1024,0.9,106,"x7","x10","none","none","R3",NA,1,FALSE,0,TRUE,FALSE,NA,NA,0.00394963009515474,FALSE,FALSE,TRUE
1024,0.9,106,"x7","x11","none","none","R3",NA,1,FALSE,0,FALSE,FALSE,NA,NA,0.0178250994549104,FALSE,FALSE,TRUE
1024,0.9,106,"x7","x12","none","none","R3",NA,1,FALSE,0,FALSE,FALSE,NA,NA,0.0151892843129327,FALSE,FALSE,TRUE
1024,0.9,106,"x7","x13","a<b","a<b","R1",1,1,TRUE,1,FALSE,FALSE,4,10,0.136678832886998,TRUE,TRUE,TRUE
1024,0.9,106,"x7","x14","none","a<b","transitivity",NA,2,FALSE,0,FALSE,FALSE,NA,NA,0.0040020891441328,FALSE,TRUE,FALSE
1024,0.9,106,"x7","x15","none","none","R3",NA,1,FALSE,0,FALSE,FALSE,NA,NA,0.0426445994396656,FALSE,FALSE,TRUE
1024,0.9,106,"x7","x8","none","none","R3",NA,1,FALSE,0,FALSE,FALSE,NA,NA,0.0196763504182991,FALSE,FALSE,TRUE
1024,0.9,106,"x7","x9","none","a<b","transitivity",NA,2,FALSE,0,FALSE,FALSE,NA,NA,0.0251188017686164,FALSE,TRUE,FALSE
1024,0.9,106,"x8","x10","none","b<a","R1",1,1,FALSE,0,FALSE,FALSE,NA,NA,0.0902749702057474,FALSE,TRUE,FALSE
1024,0.9,106,"x8","x11","none","none","R3",NA,1,FALSE,0,FALSE,FALSE,NA,NA,0.0531033740041102,FALSE,FALSE,TRUE
1024,0.9,106,"x8","x12","none","none","R3",NA,1,FALSE,0,TRUE,FALSE,NA,NA,0.0140662736367319,FALSE,FALSE,TRUE
1024,0.9,106,"x8","x13","none","none","R3",NA,1,FALSE,0,FALSE,FALSE,NA,NA,0.0420735800824242,FALSE,FALSE,TRUE
1024,0.9,106,"x8","x14","none","none","R3",NA,1,FALSE,0,FALSE,FALSE,NA,NA,0.0353004453104726,FALSE,FALSE,TRUE
1024,0.9,106,"x8","x15","none","b<a","R2",1,1,FALSE,0,FALSE,FALSE,NA,NA,0.094318464699403,FALSE,TRUE,FALSE
1024,0.9,106,"x8","x9","none","none","R3",NA,1,FALSE,0,FALSE,FALSE,NA,NA,0.0353430194010318,FALSE,FALSE,TRUE
1024,0.9,106,"x9","x10","none","b<a","transitivity",NA,2,FALSE,0,FALSE,FALSE,NA,NA,0.0499087369552454,FALSE,TRUE,FALSE
1024,0.9,106,"x9","x11","none","none","R3",NA,1,FALSE,0,FALSE,FALSE,NA,NA,0.00765738157117567,FALSE,FALSE,TRUE
1024,0.9,106,"x9","x12","none","b<a","transitivity",NA,2,FALSE,0,FALSE,FALSE,NA,NA,0.0166305281603239,FALSE,TRUE,FALSE
1024,0.9,106,"x9","x13","a<b","b<a","R1",1,2,TRUE,1,TRUE,FALSE,4,10,0.0977479910792377,TRUE,TRUE,FALSE
1024,0.9,106,"x9","x14","none","a<b","R1",2,1,FALSE,0,TRUE,TRUE,NA,NA,0.173488685559222,FALSE,TRUE,FALSE
1024,0.9,106,"x9","x15","none","none","R3",NA,1,FALSE,0,FALSE,FALSE,NA,NA,0.0397134460070473,FALSE,FALSE,TRUE
1024,0.9,107,"x1","x10","none","none","R3",NA,1,FALSE,0,TRUE,FALSE,NA,NA,0.0548578351869425,FALSE,FALSE,TRUE
1024,0.9,107,"x1","x11","a<b","a<b","transitivity",NA,1,FALSE,1,TRUE,FALSE,2,4,0.0399169951066067,TRUE,TRUE,TRUE
1024,0.9,107,"x1","x12","none","none","R3",NA,1,FALSE,0,TRUE,FALSE,NA,NA,0.0178843426155941,FALSE,FALSE,TRUE
1024,0.9,107,"x1","x13","none","none","R3",NA,1,FALSE,0,TRUE,FALSE,NA,NA,0.0193099329827578,FALSE,FALSE,TRUE
1024,0.9,107,"x1","x14","a<b","none","R3",NA,1,FALSE,2,FALSE,FALSE,2,5,0.0436043250314768,TRUE,FALSE,FALSE
1024,0.9,107,"x1","x15","none","none","R3",NA,1,FALSE,0,FALSE,FALSE,NA,NA,0.02672559708769,FALSE,FALSE,TRUE
1024,0.9,107,"x1","x2","none","none","R3",NA,1,FALSE,0,TRUE,FALSE,NA,NA,0.0321665103770394,FALSE,FALSE,TRUE
1024,0.9,107,"x1","x3","none","none","R3",NA,1,FALSE,0,FALSE,FALSE,NA,NA,0.0409614400155874,FALSE,FALSE,TRUE
1024,0.9,107,"x1","x4","a<b","a<b","R1",3,1,TRUE,1,TRUE,FALSE,1,3,0.276716450397371,TRUE,TRUE,TRUE
1024,0.9,107,"x1","x5","none","none","R3",NA,1,FALSE,0,FALSE,FALSE,NA,NA,0.00254538475015603,FALSE,FALSE,TRUE
1024,0.9,107,"x1","x6","a<b","none","R3",NA,1,FALSE,1,TRUE,FALSE,2,6,0.062154710441439,TRUE,FALSE,FALSE
1024,0.9,107,"x1","x7","none","none","R3",NA,1,FALSE,0,TRUE,FALSE,NA,NA,0.0445794153276542,FALSE,FALSE,TRUE
1024,0.9,107,"x1","x8","a<b","b<a","R1",2,1,TRUE,2,TRUE,FALSE,2,7,0.229597006924418,TRUE,TRUE,FALSE
1024,0.9,107,"x1","x9","none","none","R3",NA,1,FALSE,0,FALSE,FALSE,NA,NA,0.0214801324899052,FALSE,FALSE,TRUE
1024,0.9,107,"x10","x11","none","none","R3",NA,1,FALSE,0,FALSE,FALSE,NA,NA,0.0163367512693133,FALSE,FALSE,TRUE
1024,0.9,107,"x10","x12","none","none","R3",NA,1,FALSE,0,FALSE,FALSE,NA,NA,0.0312162936401918,FALSE,FALSE,TRUE
1024,0.9,107,"x10","x13","a<b","a<b","R1",2,1,TRUE,1,FALSE,FALSE,2,5,0.246785118438387,TRUE,TRUE,TRUE
1024,0.9,107,"x10","x14","none","none","R3",NA,1,FALSE,0,FALSE,FALSE,NA,NA,0.00251271754164884,FALSE,FALSE,TRUE
1024,0.9,107,"x10","x15","none","none","R3",NA,1,FALSE,0,TRUE,FALSE,NA,NA,0.0769445338256999,FALSE,FALSE,TRUE
1024,0.9,107,"x11","x12","none","none","R3",NA,1,FALSE,0,FALSE,FALSE,NA,NA,0.0333515562312759,FALSE,FALSE,TRUE
1024,0.9,107,"x11","x13","none","none","R3",NA,1,FALSE,0,TRUE,TRUE,NA,NA,0.0787175757584583,FALSE,FALSE,TRUE
1024,0.9,107,"x11","x14","none","none","R3",NA,1,FALSE,0,TRUE,TRUE,NA,NA,0.0360052183975995,FALSE,FALSE,TRUE
1024,0.9,107,"x11","x15","none","none","R3",NA,1,FALSE,0,TRUE,TRUE,NA,NA,0.10115748911329,FALSE,FALSE,TRUE
1024,0.9,107,"x12","x13","none","none","R3",NA,1,FALSE,0,TRUE,FALSE,NA,NA,0.00276689458574558,FALSE,FALSE,TRUE
1024,0.9,107,"x12","x14","none","none","R3",NA,1,FALSE,0,FALSE,FALSE,NA,NA,0.0342621255298076,FALSE,FALSE,TRUE
1024,0.9,107,"x12","x15","none","none","R3",NA,1,FALSE,0,FALSE,FALSE,NA,NA,0.0308910911734115,FALSE,FALSE,TRUE
1024,0.9,107,"x13","x14","none","none","R3",NA,1,FALSE,0,FALSE,FALSE,NA,NA,0.0364077303222213,FALSE,FALSE,TRUE
1024,0.9,107,"x13","x15","none","none","R3",NA,1,FALSE,0,TRUE,TRUE,NA,NA,0.103311967049359,FALSE,FALSE,TRUE
1024,0.9,107,"x14","x15","none","none","R3",NA,1,FALSE,0,FALSE,FALSE,NA,NA,0.0296089560964621,FALSE,FALSE,TRUE
1024,0.9,107,"x2","x10","none","none","R3",NA,1,FALSE,0,TRUE,FALSE,NA,NA,0.0291441019173402,FALSE,FALSE,TRUE
1024,0.9,107,"x2","x11","none","a<b","transitivity",NA,1,FALSE,0,FALSE,FALSE,NA,NA,0.0113877047072466,FALSE,TRUE,FALSE
1024,0.9,107,"x2","x12","none","none","R3",NA,1,FALSE,0,TRUE,FALSE,NA,NA,0.0204375406739461,FALSE,FALSE,TRUE
1024,0.9,107,"x2","x13","none","none","R3",NA,1,FALSE,0,FALSE,FALSE,NA,NA,0.0296844402033105,FALSE,FALSE,TRUE
1024,0.9,107,"x2","x14","a<b","a<b","R1",1,1,FALSE,1,FALSE,FALSE,2,5,0.15446568618082,TRUE,TRUE,TRUE
1024,0.9,107,"x2","x15","none","none","R3",NA,1,FALSE,0,FALSE,FALSE,NA,NA,0.0120934876390014,FALSE,FALSE,TRUE
1024,0.9,107,"x2","x3","none","none","R3",NA,1,FALSE,0,TRUE,FALSE,NA,NA,0.0338294600286313,FALSE,FALSE,TRUE
1024,0.9,107,"x2","x4","none","a<b","transitivity",NA,1,FALSE,0,TRUE,FALSE,NA,NA,0.0368210794922119,FALSE,TRUE,FALSE
1024,0.9,107,"x2","x5","a<b","a<b","R1",6,1,TRUE,1,FALSE,FALSE,1,1,0.407910593178653,TRUE,TRUE,TRUE
1024,0.9,107,"x2","x6","a<b","a<b","R1",1,1,TRUE,1,TRUE,FALSE,2,6,0.177421740803407,TRUE,TRUE,TRUE
1024,0.9,107,"x2","x7","none","none","R3",NA,1,FALSE,0,TRUE,FALSE,NA,NA,0.0135711609052348,FALSE,FALSE,TRUE
1024,0.9,107,"x2","x8","none","none","R3",NA,1,FALSE,0,FALSE,FALSE,NA,NA,0.0452559499794507,FALSE,FALSE,TRUE
1024,0.9,107,"x2","x9","none","none","R3",NA,1,FALSE,0,FALSE,FALSE,NA,NA,6.56286207464969e-05,FALSE,FALSE,TRUE
1024,0.9,107,"x3","x10","none","none","R3",NA,1,FALSE,0,FALSE,FALSE,NA,NA,0.0339584390626589,FALSE,FALSE,TRUE
1024,0.9,107,"x3","x11","a<b","a<b","R1",2,1,TRUE,1,FALSE,FALSE,2,4,0.24630193373387,TRUE,TRUE,TRUE
1024,0.9,107,"x3","x12","none","none","R3",NA,1,FALSE,0,TRUE,FALSE,NA,NA,0.0123450316005503,FALSE,FALSE,TRUE
1024,0.9,107,"x3","x13","a<b","a<b","R1",3,1,TRUE,1,FALSE,FALSE,2,5,0.237667723484352,TRUE,TRUE,TRUE
1024,0.9,107,"x3","x14","none","none","R3",NA,1,FALSE,0,FALSE,FALSE,NA,NA,0.0433796458506466,FALSE,FALSE,TRUE
1024,0.9,107,"x3","x15","a<b","a<b","R1",1,1,TRUE,1,FALSE,FALSE,1,3,0.272577005561444,TRUE,TRUE,TRUE
1024,0.9,107,"x3","x4","none","none","R3",NA,1,FALSE,0,FALSE,FALSE,NA,NA,0.0218410695682537,FALSE,FALSE,TRUE
1024,0.9,107,"x3","x5","none","none","R3",NA,1,FALSE,0,FALSE,FALSE,NA,NA,0.00168665738693442,FALSE,FALSE,TRUE
1024,0.9,107,"x3","x6","none","none","R3",NA,1,FALSE,0,TRUE,FALSE,NA,NA,0.053107769728927,FALSE,FALSE,TRUE
1024,0.9,107,"x3","x7","none","none","R3",NA,1,FALSE,0,FALSE,FALSE,NA,NA,0.0332906553118672,FALSE,FALSE,TRUE
1024,0.9,107,"x3","x8","none","none","R3",NA,1,FALSE,0,FALSE,FALSE,NA,NA,0.0451434517910593,FALSE,FALSE,TRUE
1024,0.9,107,"x3","x9","none","none","R3",NA,1,FALSE,0,FALSE,FALSE,NA,NA,0.0434091341859228,FALSE,FALSE,TRUE
1024,0.9,107,"x4","x10","none","none","R3",NA,1,FALSE,0,TRUE,FALSE,NA,NA,0.0341364760313585,FALSE,FALSE,TRUE
1024,0.9,107,"x4","x11","a<b","a<b","R1",1,1,TRUE,1,FALSE,FALSE,2,4,0.301136500443273,TRUE,TRUE,TRUE
1024,0.9,107,"x4","x12","none","none","R3",NA,1,FALSE,0,TRUE,FALSE,NA,NA,0.0181418557405287,FALSE,FALSE,TRUE
1024,0.9,107,"x4","x13","none","none","R3",NA,1,FALSE,0,TRUE,FALSE,NA,NA,0.0535451897530833,FALSE,FALSE,TRUE
1024,0.9,107,"x4","x14","a<b","none","R3",NA,1,FALSE,1,FALSE,TRUE,2,5,0.0743947952142272,TRUE,FALSE,FALSE
1024,0.9,107,"x4","x15","none","none","R3",NA,1,FALSE,0,FALSE,FALSE,NA,NA,0.045612641764359,FALSE,FALSE,TRUE
1024,0.9,107,"x4","x5","none","none","R3",NA,1,FALSE,0,FALSE,FALSE,NA,NA,0.0345353341208327,FALSE,FALSE,TRUE
1024,0.9,107,"x4","x6","a<b","b<a","R1",2,1,TRUE,1,FALSE,FALSE,2,6,0.191828554441875,TRUE,TRUE,FALSE
1024,0.9,107,"x4","x7","none","none","R3",NA,1,FALSE,0,FALSE,FALSE,NA,NA,0.0477888571025559,FALSE,FALSE,TRUE
1024,0.9,107,"x4","x8","a<b","b<a","transitivity",NA,1,TRUE,1,TRUE,TRUE,2,7,0.332854808796163,TRUE,TRUE,FALSE
1024,0.9,107,"x4","x9","none","none","R3",NA,1,FALSE,0,FALSE,FALSE,NA,NA,0.0587132319712679,FALSE,FALSE,TRUE
1024,0.9,107,"x5","x10","none","none","R3",NA,1,FALSE,0,FALSE,FALSE,NA,NA,0.00160602677620506,FALSE,FALSE,TRUE
1024,0.9,107,"x5","x11","none","none","R3",NA,1,FALSE,0,FALSE,FALSE,NA,NA,0.038609048538659,FALSE,FALSE,TRUE
1024,0.9,107,"x5","x12","none","none","R3",NA,1,FALSE,0,FALSE,FALSE,NA,NA,0.0187416986529316,FALSE,FALSE,TRUE
1024,0.9,107,"x5","x13","none","none","R3",NA,1,FALSE,0,FALSE,FALSE,NA,NA,0.0325753332664345,FALSE,FALSE,TRUE
1024,0.9,107,"x5","x14","a<b","a<b","R1",2,1,TRUE,1,FALSE,FALSE,2,5,0.344294344482423,TRUE,TRUE,TRUE
1024,0.9,107,"x5","x15","none","none","R3",NA,1,FALSE,0,FALSE,FALSE,NA,NA,0.0329031537432766,FALSE,FALSE,TRUE
1024,0.9,107,"x5","x6","none","none","R3",NA,1,FALSE,0,TRUE,TRUE,NA,NA,0.10786130531,FALSE,FALSE,TRUE
1024,0.9,107,"x5","x7","none","none","R3",NA,1,FALSE,0,FALSE,FALSE,NA,NA,0.0452109087791894,FALSE,FALSE,TRUE
1024,0.9,107,"x5","x8","none","none","R3",NA,1,FALSE,0,FALSE,FALSE,NA,NA,0.0260111517787739,FALSE,FALSE,TRUE
1024,0.9,107,"x5","x9","none","none","R3",NA,1,FALSE,0,FALSE,FALSE,NA,NA,0.0422455635853876,FALSE,FALSE,TRUE
1024,0.9,107,"x6","x10","none","none","R3",NA,1,FALSE,0,TRUE,FALSE,NA,NA,0.0127387356811063,FALSE,FALSE,TRUE
1024,0.9,107,"x6","x11","none","a<b","transitivity",NA,1,FALSE,0,TRUE,TRUE,NA,NA,0.120281464968107,FALSE,TRUE,FALSE
1024,0.9,107,"x6","x12","none","none","R3",NA,1,FALSE,0,TRUE,FALSE,NA,NA,0.0350960081072867,FALSE,FALSE,TRUE
1024,0.9,107,"x6","x13","none","none","R3",NA,1,FALSE,0,FALSE,FALSE,NA,NA,0.00019106271231068,FALSE,FALSE,TRUE
1024,0.9,107,"x6","x14","none","none","R3",NA,1,FALSE,0,FALSE,TRUE,NA,NA,0.0510410803756433,FALSE,FALSE,TRUE
1024,0.9,107,"x6","x15","none","none","R3",NA,1,FALSE,0,FALSE,FALSE,NA,NA,0.0778932404012218,FALSE,FALSE,TRUE
1024,0.9,107,"x6","x7","none","none","R3",NA,1,FALSE,0,TRUE,FALSE,NA,NA,0.0196191002001404,FALSE,FALSE,TRUE
1024,0.9,107,"x6","x8","none","none","R3",NA,1,FALSE,0,TRUE,TRUE,NA,NA,0.0649630090731361,FALSE,FALSE,TRUE
1024,0.9,107,"x6","x9","none","none","R3",NA,1,FALSE,0,TRUE,FALSE,NA,NA,0.0175414099227054,FALSE,FALSE,TRUE
1024,0.9,107,"x7","x10","a<b","none","R3",NA,1,FALSE,1,TRUE,FALSE,1,6,0.0909133133991989,TRUE,FALSE,FALSE
1024,0.9,107,"x7","x11","none","none","R3",NA,1,FALSE,0,FALSE,FALSE,NA,NA,0.0130617103650722,FALSE,FALSE,TRUE
1024,0.9,107,"x7","x12","none","none","R3",NA,1,FALSE,0,FALSE,FALSE,NA,NA,0.0241604230617888,FALSE,FALSE,TRUE
1024,0.9,107,"x7","x13","a<b","none","R3",NA,1,FALSE,1,FALSE,FALSE,2,5,0.0274043223294455,TRUE,FALSE,FALSE
1024,0.9,107,"x7","x14","none","none","R3",NA,1,FALSE,0,FALSE,FALSE,NA,NA,0.0306163036158936,FALSE,FALSE,TRUE
1024,0.9,107,"x7","x15","none","none","R3",NA,1,FALSE,0,FALSE,FALSE,NA,NA,0.0632944121865749,FALSE,FALSE,TRUE
1024,0.9,107,"x7","x8","none","none","R3",NA,1,FALSE,0,FALSE,FALSE,NA,NA,0.0445515018712625,FALSE,FALSE,TRUE
1024,0.9,107,"x7","x9","a<b","a<b","R1",3,1,TRUE,1,FALSE,FALSE,1,3,0.319597508675685,TRUE,TRUE,TRUE
1024,0.9,107,"x8","x10","none","none","R3",NA,1,FALSE,0,TRUE,FALSE,NA,NA,0.0546280482408492,FALSE,FALSE,TRUE
1024,0.9,107,"x8","x11","none","a<b","transitivity",NA,1,FALSE,0,TRUE,TRUE,NA,NA,0.136878978293744,FALSE,TRUE,FALSE
1024,0.9,107,"x8","x12","none","none","R3",NA,1,FALSE,0,FALSE,FALSE,NA,NA,0.0567151383835846,FALSE,FALSE,TRUE
1024,0.9,107,"x8","x13","none","none","R3",NA,1,FALSE,0,FALSE,FALSE,NA,NA,0.0158596880641619,FALSE,FALSE,TRUE
1024,0.9,107,"x8","x14","a<b","a<b","R1",2,1,TRUE,1,TRUE,FALSE,2,5,0.291992961189368,TRUE,TRUE,TRUE
1024,0.9,107,"x8","x15","none","none","R3",NA,1,FALSE,0,TRUE,FALSE,NA,NA,0.0139402183329665,FALSE,FALSE,TRUE
1024,0.9,107,"x8","x9","none","none","R3",NA,1,FALSE,0,TRUE,FALSE,NA,NA,0.0402794055299884,FALSE,FALSE,TRUE
1024,0.9,107,"x9","x10","a<b","b<a","R1",1,1,TRUE,1,FALSE,FALSE,1,6,0.227893981777512,TRUE,TRUE,FALSE
1024,0.9,107,"x9","x11","none","none","R3",NA,1,FALSE,0,TRUE,FALSE,NA,NA,0.0355338187432964,FALSE,FALSE,TRUE
1024,0.9,107,"x9","x12","none","none","R3",NA,1,FALSE,0,FALSE,FALSE,NA,NA,0.0641739210853368,FALSE,FALSE,TRUE
1024,0.9,107,"x9","x13","a<b","none","R3",NA,1,FALSE,1,TRUE,FALSE,2,5,0.0152313728862963,TRUE,FALSE,FALSE
1024,0.9,107,"x9","x14","none","none","R3",NA,1,FALSE,0,FALSE,FALSE,NA,NA,0.0134841509662519,FALSE,FALSE,TRUE
1024,0.9,107,"x9","x15","none","none","R3",NA,1,FALSE,0,TRUE,FALSE,NA,NA,0.000735226218323078,FALSE,FALSE,TRUE
1024,0.9,108,"x1","x10","none","none","R3",NA,1,FALSE,0,TRUE,FALSE,NA,NA,0.00905038561985392,FALSE,FALSE,TRUE
1024,0.9,108,"x1","x11","none","none","R3",NA,1,FALSE,0,TRUE,FALSE,NA,NA,0.0220834965554222,FALSE,FALSE,TRUE
1024,0.9,108,"x1","x12","none","none","R3",NA,1,FALSE,0,TRUE,FALSE,NA,NA,0.0703886784790277,FALSE,FALSE,TRUE
1024,0.9,108,"x1","x13","a<b","a<b","R1",1,1,FALSE,1,TRUE,FALSE,3,5,0.0985944371891037,TRUE,TRUE,TRUE
1024,0.9,108,"x1","x14","none","none","R3",NA,1,FALSE,0,FALSE,FALSE,NA,NA,0.0215721163887312,FALSE,FALSE,TRUE
1024,0.9,108,"x1","x15","a<b","a<b","R1",4,1,TRUE,2,TRUE,FALSE,2,12,0.15250780520706,TRUE,TRUE,TRUE
1024,0.9,108,"x1","x2","none","none","R3",NA,1,FALSE,0,TRUE,FALSE,NA,NA,0.0100804629188826,FALSE,FALSE,TRUE
1024,0.9,108,"x1","x3","none","none","R3",NA,1,FALSE,0,TRUE,FALSE,NA,NA,0.00229231725562573,FALSE,FALSE,TRUE
1024,0.9,108,"x1","x4","none","none","R3",NA,1,FALSE,0,TRUE,FALSE,NA,NA,0.00572029303074485,FALSE,FALSE,TRUE
1024,0.9,108,"x1","x5","none","none","R3",NA,1,FALSE,0,TRUE,FALSE,NA,NA,0.0463001645649641,FALSE,FALSE,TRUE
1024,0.9,108,"x1","x6","none","none","R3",NA,1,FALSE,0,TRUE,FALSE,NA,NA,0.0305590020300044,FALSE,FALSE,TRUE
1024,0.9,108,"x1","x7","a<b","a<b","R1",1,1,TRUE,1,FALSE,FALSE,3,10,0.243093632567637,TRUE,TRUE,TRUE
1024,0.9,108,"x1","x8","none","none","R3",NA,1,FALSE,0,FALSE,FALSE,NA,NA,0.0201864882336088,FALSE,FALSE,TRUE
1024,0.9,108,"x1","x9","none","none","R3",NA,1,FALSE,0,FALSE,FALSE,NA,NA,0.0194016633813904,FALSE,FALSE,TRUE
1024,0.9,108,"x10","x11","none","none","R3",NA,1,FALSE,0,TRUE,FALSE,NA,NA,0.0355263322957288,FALSE,FALSE,TRUE
1024,0.9,108,"x10","x12","none","none","R3",NA,1,FALSE,0,TRUE,FALSE,NA,NA,0.0155273668746078,FALSE,FALSE,TRUE
1024,0.9,108,"x10","x13","none","none","R3",NA,1,FALSE,0,FALSE,FALSE,NA,NA,0.026225645434481,FALSE,FALSE,TRUE
1024,0.9,108,"x10","x14","none","none","R3",NA,1,FALSE,0,FALSE,FALSE,NA,NA,0.0247260715117084,FALSE,FALSE,TRUE
1024,0.9,108,"x10","x15","none","none","R3",NA,1,FALSE,0,FALSE,FALSE,NA,NA,0.00880991669187014,FALSE,FALSE,TRUE
1024,0.9,108,"x11","x12","none","none","R3",NA,1,FALSE,0,TRUE,TRUE,NA,NA,0.0353928351335947,FALSE,FALSE,TRUE
1024,0.9,108,"x11","x13","none","none","R3",NA,1,FALSE,0,TRUE,TRUE,NA,NA,0.0987931676398987,FALSE,FALSE,TRUE
1024,0.9,108,"x11","x14","none","none","R3",NA,1,FALSE,0,FALSE,FALSE,NA,NA,0.0351352383315979,FALSE,FALSE,TRUE
1024,0.9,108,"x11","x15","none","none","R3",NA,1,FALSE,0,TRUE,TRUE,NA,NA,0.0107035220679328,FALSE,FALSE,TRUE
1024,0.9,108,"x12","x13","none","none","R3",NA,1,FALSE,0,TRUE,TRUE,NA,NA,0.0717179292303983,FALSE,FALSE,TRUE
1024,0.9,108,"x12","x14","none","none","R3",NA,1,FALSE,0,FALSE,FALSE,NA,NA,0.0280440984262459,FALSE,FALSE,TRUE
1024,0.9,108,"x12","x15","none","none","R3",NA,1,FALSE,0,TRUE,TRUE,NA,NA,0.0233127170362653,FALSE,FALSE,TRUE
1024,0.9,108,"x13","x14","none","none","R3",NA,1,FALSE,0,FALSE,FALSE,NA,NA,0.0107910491248302,FALSE,FALSE,TRUE
1024,0.9,108,"x13","x15","a<b","b<a","R1",1,1,TRUE,1,FALSE,TRUE,2,12,0.178998942562737,TRUE,TRUE,FALSE
1024,0.9,108,"x14","x15","none","none","R3",NA,1,FALSE,0,TRUE,FALSE,NA,NA,0.037420338109378,FALSE,FALSE,TRUE
1024,0.9,108,"x2","x10","none","none","R3",NA,1,FALSE,0,FALSE,FALSE,NA,NA,0.0170174334634236,FALSE,FALSE,TRUE
1024,0.9,108,"x2","x11","none","none","R3",NA,1,FALSE,0,TRUE,FALSE,NA,NA,0.00142657676798181,FALSE,FALSE,TRUE
1024,0.9,108,"x2","x12","none","none","R3",NA,1,FALSE,0,FALSE,FALSE,NA,NA,0.0242492065334059,FALSE,FALSE,TRUE
1024,0.9,108,"x2","x13","none","none","R3",NA,1,FALSE,0,TRUE,FALSE,NA,NA,0.0663101789334374,FALSE,FALSE,TRUE
1024,0.9,108,"x2","x14","a<b","a<b","R1",4,1,TRUE,1,TRUE,FALSE,2,4,0.246619126779039,TRUE,TRUE,TRUE
1024,0.9,108,"x2","x15","none","none","R3",NA,1,FALSE,0,TRUE,FALSE,NA,NA,0.00275081588358382,FALSE,FALSE,TRUE
1024,0.9,108,"x2","x3","none","none","R3",NA,1,FALSE,0,TRUE,FALSE,NA,NA,0.0259851660425805,FALSE,FALSE,TRUE
1024,0.9,108,"x2","x4","none","none","R3",NA,1,FALSE,0,TRUE,FALSE,NA,NA,0.0211763320178137,FALSE,FALSE,TRUE
1024,0.9,108,"x2","x5","none","none","R3",NA,1,FALSE,0,FALSE,FALSE,NA,NA,0.00494479413806414,FALSE,FALSE,TRUE
1024,0.9,108,"x2","x6","none","a<b","R2",1,1,FALSE,0,FALSE,FALSE,NA,NA,0.0892522091856189,FALSE,TRUE,FALSE
1024,0.9,108,"x2","x7","none","none","R3",NA,1,FALSE,0,TRUE,FALSE,NA,NA,0.0201583834631379,FALSE,FALSE,TRUE
1024,0.9,108,"x2","x8","none","none","R3",NA,1,FALSE,0,FALSE,FALSE,NA,NA,0.00555939769376523,FALSE,FALSE,TRUE
1024,0.9,108,"x2","x9","none","none","R3",NA,1,FALSE,0,FALSE,FALSE,NA,NA,0.0309841433309454,FALSE,FALSE,TRUE
1024,0.9,108,"x3","x10","none","none","R3",NA,1,FALSE,0,FALSE,FALSE,NA,NA,0.0440854013876927,FALSE,FALSE,TRUE
1024,0.9,108,"x3","x11","a<b","a<b","R1",2,1,TRUE,1,TRUE,FALSE,2,10,0.185134977775522,TRUE,TRUE,TRUE
1024,0.9,108,"x3","x12","a<b","a<b","R1",3,1,TRUE,1,FALSE,FALSE,2,4,0.271263952830294,TRUE,TRUE,TRUE
1024,0.9,108,"x3","x13","a<b","a<b","R1",1,1,TRUE,1,FALSE,FALSE,3,5,0.237828570805687,TRUE,TRUE,TRUE
1024,0.9,108,"x3","x14","none","none","R3",NA,1,FALSE,0,TRUE,FALSE,NA,NA,0.0406742933836759,FALSE,FALSE,TRUE
1024,0.9,108,"x3","x15","a<b","none","R3",NA,1,FALSE,1,TRUE,FALSE,2,12,0.0392659563881648,TRUE,FALSE,FALSE
1024,0.9,108,"x3","x4","none","none","R3",NA,1,FALSE,0,TRUE,FALSE,NA,NA,0.0078549161608521,FALSE,FALSE,TRUE
1024,0.9,108,"x3","x5","none","none","R3",NA,1,FALSE,0,TRUE,FALSE,NA,NA,0.0228078784059339,FALSE,FALSE,TRUE
1024,0.9,108,"x3","x6","none","none","R3",NA,1,FALSE,0,FALSE,FALSE,NA,NA,0.00684850884997164,FALSE,FALSE,TRUE
1024,0.9,108,"x3","x7","none","none","R3",NA,1,FALSE,0,TRUE,FALSE,NA,NA,0.0248660168717432,FALSE,FALSE,TRUE
1024,0.9,108,"x3","x8","none","none","R3",NA,1,FALSE,0,FALSE,FALSE,NA,NA,0.0352443738700949,FALSE,FALSE,TRUE
1024,0.9,108,"x3","x9","none","none","R3",NA,1,FALSE,0,TRUE,FALSE,NA,NA,0.032101093277191,FALSE,FALSE,TRUE
1024,0.9,108,"x4","x10","none","none","R3",NA,1,FALSE,0,TRUE,FALSE,NA,NA,0.00044681752892079,FALSE,FALSE,TRUE
1024,0.9,108,"x4","x11","none","none","R3",NA,1,FALSE,0,TRUE,FALSE,NA,NA,0.011846835795483,FALSE,FALSE,TRUE
1024,0.9,108,"x4","x12","a<b","a<b","R1",4,1,TRUE,1,FALSE,FALSE,2,4,0.257148964333973,TRUE,TRUE,TRUE
1024,0.9,108,"x4","x13","a<b","a<b","transitivity",NA,1,FALSE,1,TRUE,FALSE,3,5,0.0844162562371559,TRUE,TRUE,TRUE
1024,0.9,108,"x4","x14","none","none","R3",NA,1,FALSE,0,FALSE,FALSE,NA,NA,0.0158302112184189,FALSE,FALSE,TRUE
1024,0.9,108,"x4","x15","a<b","none","R3",NA,1,FALSE,1,TRUE,FALSE,2,12,0.00458855898357573,TRUE,FALSE,FALSE
1024,0.9,108,"x4","x5","none","none","R3",NA,1,FALSE,0,TRUE,FALSE,NA,NA,0.0423293784811122,FALSE,FALSE,TRUE
1024,0.9,108,"x4","x6","none","none","R3",NA,1,FALSE,0,TRUE,FALSE,NA,NA,0.0367555225056683,FALSE,FALSE,TRUE
1024,0.9,108,"x4","x7","a<b","a<b","R1",2,1,TRUE,1,TRUE,FALSE,3,10,0.119171811648123,TRUE,TRUE,TRUE
1024,0.9,108,"x4","x8","none","none","R3",NA,1,FALSE,0,TRUE,FALSE,NA,NA,0.00197642078230182,FALSE,FALSE,TRUE
1024,0.9,108,"x4","x9","none","none","R3",NA,1,FALSE,0,FALSE,FALSE,NA,NA,0.00691371067111442,FALSE,FALSE,TRUE
1024,0.9,108,"x5","x10","none","none","R3",NA,1,FALSE,0,FALSE,FALSE,NA,NA,0.0179442838736568,FALSE,FALSE,TRUE
1024,0.9,108,"x5","x11","none","none","R3",NA,1,FALSE,0,TRUE,FALSE,NA,NA,0.0100503685535078,FALSE,FALSE,TRUE
1024,0.9,108,"x5","x12","none","none","R3",NA,1,FALSE,0,FALSE,FALSE,NA,NA,0.0683034332009984,FALSE,FALSE,TRUE
1024,0.9,108,"x5","x13","a<b","a<b","transitivity",NA,1,FALSE,1,TRUE,FALSE,3,5,0.0516565709105461,TRUE,TRUE,TRUE
1024,0.9,108,"x5","x14","none","none","R3",NA,1,FALSE,0,FALSE,FALSE,NA,NA,0.0281205158742791,FALSE,FALSE,TRUE
1024,0.9,108,"x5","x15","a<b","none","R3",NA,1,FALSE,1,TRUE,FALSE,2,12,0.0499142171662662,TRUE,FALSE,FALSE
1024,0.9,108,"x5","x6","none","none","R3",NA,1,FALSE,0,FALSE,FALSE,NA,NA,0.00364212308913726,FALSE,FALSE,TRUE
1024,0.9,108,"x5","x7","a<b","a<b","R1",1,1,TRUE,1,TRUE,FALSE,3,10,0.218621690458315,TRUE,TRUE,TRUE
1024,0.9,108,"x5","x8","none","none","R3",NA,1,FALSE,0,FALSE,FALSE,NA,NA,0.00135752632135646,FALSE,FALSE,TRUE
1024,0.9,108,"x5","x9","none","none","R3",NA,1,FALSE,0,TRUE,FALSE,NA,NA,0.0120762986689651,FALSE,FALSE,TRUE
1024,0.9,108,"x6","x10","none","none","R3",NA,1,FALSE,0,FALSE,FALSE,NA,NA,0.0243043027262584,FALSE,FALSE,TRUE
1024,0.9,108,"x6","x11","a<b","a<b","R1",2,1,TRUE,1,TRUE,FALSE,2,10,0.140179647286047,TRUE,TRUE,TRUE
1024,0.9,108,"x6","x12","none","none","R3",NA,1,FALSE,0,TRUE,FALSE,NA,NA,0.0372349280826243,FALSE,FALSE,TRUE
1024,0.9,108,"x6","x13","none","none","R3",NA,1,FALSE,0,TRUE,FALSE,NA,NA,0.0224443420921807,FALSE,FALSE,TRUE
1024,0.9,108,"x6","x14","none","none","R3",NA,1,FALSE,0,FALSE,FALSE,NA,NA,0.0599177561346409,FALSE,FALSE,TRUE
1024,0.9,108,"x6","x15","none","none","R3",NA,1,FALSE,0,TRUE,FALSE,NA,NA,0.00552350967470997,FALSE,FALSE,TRUE
1024,0.9,108,"x6","x7","none","none","R3",NA,1,FALSE,0,TRUE,FALSE,NA,NA,0.0289115157656941,FALSE,FALSE,TRUE
1024,0.9,108,"x6","x8","none","none","R3",NA,1,FALSE,0,TRUE,FALSE,NA,NA,0.0157655037156647,FALSE,FALSE,TRUE
1024,0.9,108,"x6","x9","none","none","R3",NA,1,FALSE,0,TRUE,FALSE,NA,NA,0.0358042522502101,FALSE,FALSE,TRUE
1024,0.9,108,"x7","x10","none","none","R3",NA,1,FALSE,0,FALSE,FALSE,NA,NA,0.00945885813867797,FALSE,FALSE,TRUE
1024,0.9,108,"x7","x11","none","none","R3",NA,1,FALSE,0,TRUE,FALSE,NA,NA,0.0478767864244475,FALSE,FALSE,TRUE
1024,0.9,108,"x7","x12","none","none","R3",NA,1,FALSE,0,TRUE,TRUE,NA,NA,0.0378667702084616,FALSE,FALSE,TRUE
1024,0.9,108,"x7","x13","a<b","a<b","R1",4,1,TRUE,1,FALSE,FALSE,3,5,0.293036670602042,TRUE,TRUE,TRUE
1024,0.9,108,"x7","x14","none","none","R3",NA,1,FALSE,0,TRUE,FALSE,NA,NA,0.0234503130009097,FALSE,FALSE,TRUE
1024,0.9,108,"x7","x15","a<b","none","R3",NA,1,FALSE,1,TRUE,TRUE,2,12,0.0347933839901247,TRUE,FALSE,FALSE
1024,0.9,108,"x7","x8","none","none","R3",NA,1,FALSE,0,TRUE,FALSE,NA,NA,0.0205317200248214,FALSE,FALSE,TRUE
1024,0.9,108,"x7","x9","none","none","R3",NA,1,FALSE,0,TRUE,FALSE,NA,NA,0.0143877191674414,FALSE,FALSE,TRUE
1024,0.9,108,"x8","x10","none","none","R3",NA,1,FALSE,0,FALSE,FALSE,NA,NA,0.0127628761257189,FALSE,FALSE,TRUE
1024,0.9,108,"x8","x11","none","none","R3",NA,1,FALSE,0,TRUE,FALSE,NA,NA,0.0739923704086332,FALSE,FALSE,TRUE
1024,0.9,108,"x8","x12","none","none","R3",NA,1,FALSE,0,FALSE,FALSE,NA,NA,0.0399169371524046,FALSE,FALSE,TRUE
1024,0.9,108,"x8","x13","none","none","R3",NA,1,FALSE,0,FALSE,FALSE,NA,NA,0.0728666085446465,FALSE,FALSE,TRUE
1024,0.9,108,"x8","x14","a<b","a<b","R1",2,1,TRUE,1,FALSE,FALSE,2,4,0.261792819831734,TRUE,TRUE,TRUE
1024,0.9,108,"x8","x15","none","none","R3",NA,1,FALSE,0,TRUE,FALSE,NA,NA,0.0049420721718721,FALSE,FALSE,TRUE
1024,0.9,108,"x8","x9","none","none","R3",NA,1,FALSE,0,FALSE,FALSE,NA,NA,0.040873541231776,FALSE,FALSE,TRUE
1024,0.9,108,"x9","x10","none","none","R3",NA,1,FALSE,0,TRUE,FALSE,NA,NA,0.00368870755673748,FALSE,FALSE,TRUE
1024,0.9,108,"x9","x11","none","none","R3",NA,1,FALSE,0,FALSE,FALSE,NA,NA,0.0132314597233048,FALSE,FALSE,TRUE
1024,0.9,108,"x9","x12","none","none","R3",NA,1,FALSE,0,TRUE,FALSE,NA,NA,0.0233343906214392,FALSE,FALSE,TRUE
1024,0.9,108,"x9","x13","a<b","a<b","R1",3,1,TRUE,1,TRUE,FALSE,3,5,0.239119602876133,TRUE,TRUE,TRUE
1024,0.9,108,"x9","x14","none","none","R3",NA,1,FALSE,0,TRUE,FALSE,NA,NA,0.00167541591302509,FALSE,FALSE,TRUE
1024,0.9,108,"x9","x15","a<b","none","R3",NA,1,FALSE,1,TRUE,FALSE,2,12,0.0518607188229457,TRUE,FALSE,FALSE
1024,0.9,109,"x1","x10","none","none","R3",NA,1,FALSE,0,FALSE,FALSE,NA,NA,0.00239806479979517,FALSE,FALSE,TRUE
1024,0.9,109,"x1","x11","none","none","R3",NA,1,FALSE,0,TRUE,FALSE,NA,NA,0.0141723088736062,FALSE,FALSE,TRUE
1024,0.9,109,"x1","x12","none","none","R3",NA,1,FALSE,0,FALSE,FALSE,NA,NA,0.0173130946030377,FALSE,FALSE,TRUE
1024,0.9,109,"x1","x13","none","none","R3",NA,1,FALSE,0,FALSE,FALSE,NA,NA,0.0208990705643013,FALSE,FALSE,TRUE
1024,0.9,109,"x1","x14","none","a<b","transitivity",NA,1,FALSE,0,FALSE,FALSE,NA,NA,0.0173903668604191,FALSE,TRUE,FALSE
1024,0.9,109,"x1","x15","none","none","R3",NA,1,FALSE,0,TRUE,FALSE,NA,NA,0.0259699367411155,FALSE,FALSE,TRUE
1024,0.9,109,"x1","x2","none","none","R3",NA,1,FALSE,0,TRUE,FALSE,NA,NA,0.00177031787071621,FALSE,FALSE,TRUE
1024,0.9,109,"x1","x3","none","none","R3",NA,1,FALSE,0,FALSE,FALSE,NA,NA,0.0135678099669707,FALSE,FALSE,TRUE
1024,0.9,109,"x1","x4","none","none","R3",NA,1,FALSE,0,FALSE,FALSE,NA,NA,0.0587536763120031,FALSE,FALSE,TRUE
1024,0.9,109,"x1","x5","none","none","R3",NA,1,FALSE,0,FALSE,FALSE,NA,NA,0.0300318687357606,FALSE,FALSE,TRUE
1024,0.9,109,"x1","x6","none","none","R3",NA,1,FALSE,0,FALSE,FALSE,NA,NA,0.00339774969844781,FALSE,FALSE,TRUE
1024,0.9,109,"x1","x7","none","none","R3",NA,1,FALSE,0,FALSE,FALSE,NA,NA,0.021348156249586,FALSE,FALSE,TRUE
1024,0.9,109,"x1","x8","none","none","R3",NA,1,FALSE,0,TRUE,FALSE,NA,NA,0.0063508504219363,FALSE,FALSE,TRUE
1024,0.9,109,"x1","x9","a<b","a<b","R1",3,1,TRUE,1,FALSE,FALSE,3,0,0.304347942109818,TRUE,TRUE,TRUE
1024,0.9,109,"x10","x11","a<b","a<b","R2",3,1,TRUE,1,TRUE,FALSE,2,6,0.213480271864292,TRUE,TRUE,TRUE
1024,0.9,109,"x10","x12","none","none","R3",NA,1,FALSE,0,TRUE,FALSE,NA,NA,0.0304132538121461,FALSE,FALSE,TRUE
1024,0.9,109,"x10","x13","none","none","R3",NA,1,FALSE,0,FALSE,FALSE,NA,NA,0.00746383578879077,FALSE,FALSE,TRUE
1024,0.9,109,"x10","x14","none","none","R3",NA,1,FALSE,0,FALSE,FALSE,NA,NA,0.0398264665703321,FALSE,FALSE,TRUE
1024,0.9,109,"x10","x15","none","none","R3",NA,1,FALSE,0,FALSE,FALSE,NA,NA,0.0460919125038656,FALSE,FALSE,TRUE
1024,0.9,109,"x11","x12","none","none","R3",NA,1,FALSE,0,FALSE,FALSE,NA,NA,0.0381306968065403,FALSE,FALSE,TRUE
1024,0.9,109,"x11","x13","none","none","R3",NA,1,FALSE,0,TRUE,FALSE,NA,NA,0.0405126262723583,FALSE,FALSE,TRUE
1024,0.9,109,"x11","x14","none","none","R3",NA,1,FALSE,0,FALSE,TRUE,NA,NA,0.0316938477679126,FALSE,FALSE,TRUE
1024,0.9,109,"x11","x15","none","none","R3",NA,1,FALSE,0,FALSE,FALSE,NA,NA,0.0310626289643768,FALSE,FALSE,TRUE
1024,0.9,109,"x12","x13","none","none","R3",NA,1,FALSE,0,FALSE,FALSE,NA,NA,0.00898400505989886,FALSE,FALSE,TRUE
1024,0.9,109,"x12","x14","none","none","R3",NA,1,FALSE,0,FALSE,FALSE,NA,NA,0.00354192760478903,FALSE,FALSE,TRUE
1024,0.9,109,"x12","x15","none","none","R3",NA,1,FALSE,0,FALSE,FALSE,NA,NA,0.0141920814291839,FALSE,FALSE,TRUE
1024,0.9,109,"x13","x14","none","none","R3",NA,1,FALSE,0,FALSE,FALSE,NA,NA,0.024495819081491,FALSE,FALSE,TRUE
1024,0.9,109,"x13","x15","a<b","a<b","R1",3,1,TRUE,1,FALSE,FALSE,1,5,0.250025934747367,TRUE,TRUE,TRUE
1024,0.9,109,"x14","x15","none","none","R3",NA,1,FALSE,0,TRUE,FALSE,NA,NA,0.0275079415934349,FALSE,FALSE,TRUE
1024,0.9,109,"x2","x10","none","none","R3",NA,1,FALSE,0,FALSE,FALSE,NA,NA,0.00886668793963813,FALSE,FALSE,TRUE
1024,0.9,109,"x2","x11","a<b","a<b","R1",2,1,TRUE,1,FALSE,FALSE,2,6,0.166882382553359,TRUE,TRUE,TRUE
1024,0.9,109,"x2","x12","none","none","R3",NA,1,FALSE,0,TRUE,FALSE,NA,NA,0.00524063892911144,FALSE,FALSE,TRUE
1024,0.9,109,"x2","x13","none","none","R3",NA,1,FALSE,0,FALSE,FALSE,NA,NA,0.022368655683445,FALSE,FALSE,TRUE
1024,0.9,109,"x2","x14","a<b","a<b","transitivity",NA,1,FALSE,2,TRUE,FALSE,3,5,0.00597315447725444,TRUE,TRUE,TRUE
1024,0.9,109,"x2","x15","none","none","R3",NA,1,FALSE,0,FALSE,FALSE,NA,NA,0.0175856657993249,FALSE,FALSE,TRUE
1024,0.9,109,"x2","x3","none","none","R3",NA,1,FALSE,0,TRUE,FALSE,NA,NA,0.0743665673295805,FALSE,FALSE,TRUE
1024,0.9,109,"x2","x4","a<b","a<b","R1",6,1,TRUE,1,FALSE,FALSE,1,5,0.250099699310646,TRUE,TRUE,TRUE
1024,0.9,109,"x2","x5","none","none","R3",NA,1,FALSE,0,TRUE,FALSE,NA,NA,0.000138484432251644,FALSE,FALSE,TRUE
1024,0.9,109,"x2","x6","a<b","a<b","transitivity",NA,1,FALSE,1,TRUE,FALSE,1,5,0.0595764649496313,TRUE,TRUE,TRUE
1024,0.9,109,"x2","x7","a<b","a<b","R1",4,1,TRUE,1,TRUE,FALSE,1,7,0.216828764960109,TRUE,TRUE,TRUE
1024,0.9,109,"x2","x8","none","none","R3",NA,1,FALSE,0,TRUE,FALSE,NA,NA,0.000832091780708309,FALSE,FALSE,TRUE
1024,0.9,109,"x2","x9","a<b","a<b","transitivity",NA,1,FALSE,1,FALSE,FALSE,3,0,0.0262036175058782,TRUE,TRUE,TRUE
1024,0.9,109,"x3","x10","none","none","R3",NA,1,FALSE,0,FALSE,FALSE,NA,NA,0.037911151066402,FALSE,FALSE,TRUE
1024,0.9,109,"x3","x11","none","none","R3",NA,1,FALSE,0,FALSE,FALSE,NA,NA,0.00627024649664824,FALSE,FALSE,TRUE
1024,0.9,109,"x3","x12","none","none","R3",NA,1,FALSE,0,TRUE,FALSE,NA,NA,0.0663403283672193,FALSE,FALSE,TRUE
1024,0.9,109,"x3","x13","none","none","R3",NA,1,FALSE,0,FALSE,FALSE,NA,NA,0.0114563648417939,FALSE,FALSE,TRUE
1024,0.9,109,"x3","x14","none","a<b","transitivity",NA,1,FALSE,0,TRUE,FALSE,NA,NA,0.0307201875107056,FALSE,TRUE,FALSE
1024,0.9,109,"x3","x15","none","none","R3",NA,1,FALSE,0,FALSE,FALSE,NA,NA,0.0427664937494518,FALSE,FALSE,TRUE
1024,0.9,109,"x3","x4","none","none","R3",NA,1,FALSE,0,FALSE,FALSE,NA,NA,0.0247552105557763,FALSE,FALSE,TRUE
1024,0.9,109,"x3","x5","none","none","R3",NA,1,FALSE,0,FALSE,FALSE,NA,NA,0.00491011608549547,FALSE,FALSE,TRUE
1024,0.9,109,"x3","x6","none","none","R3",NA,1,FALSE,0,TRUE,FALSE,NA,NA,0.023408226679683,FALSE,FALSE,TRUE
1024,0.9,109,"x3","x7","none","none","R3",NA,1,FALSE,0,TRUE,FALSE,NA,NA,0.0696885489284396,FALSE,FALSE,TRUE
1024,0.9,109,"x3","x8","none","none","R3",NA,1,FALSE,0,FALSE,FALSE,NA,NA,0.0021613149762187,FALSE,FALSE,TRUE
1024,0.9,109,"x3","x9","a<b","a<b","R1",4,1,TRUE,1,FALSE,FALSE,3,0,0.269532586722974,TRUE,TRUE,TRUE
1024,0.9,109,"x4","x10","none","none","R3",NA,1,FALSE,0,TRUE,FALSE,NA,NA,0.0128017078013909,FALSE,FALSE,TRUE
1024,0.9,109,"x4","x11","none","none","R3",NA,1,FALSE,0,TRUE,TRUE,NA,NA,0.0678629301501088,FALSE,FALSE,TRUE
1024,0.9,109,"x4","x12","none","none","R3",NA,1,FALSE,0,FALSE,FALSE,NA,NA,0.0332671993821944,FALSE,FALSE,TRUE
1024,0.9,109,"x4","x13","none","none","R3",NA,1,FALSE,0,FALSE,FALSE,NA,NA,0.022450970240013,FALSE,FALSE,TRUE
1024,0.9,109,"x4","x14","a<b","a<b","R2",2,1,TRUE,1,TRUE,TRUE,3,5,0.221248826755952,TRUE,TRUE,TRUE
1024,0.9,109,"x4","x15","none","none","R3",NA,1,FALSE,0,FALSE,FALSE,NA,NA,0.0400014065727003,FALSE,FALSE,TRUE
1024,0.9,109,"x4","x5","none","none","R3",NA,1,FALSE,0,FALSE,FALSE,NA,NA,0.0355249191239375,FALSE,FALSE,TRUE
1024,0.9,109,"x4","x6","a<b","a<b","R1",1,1,TRUE,1,TRUE,FALSE,1,5,0.253338321341933,TRUE,TRUE,TRUE
1024,0.9,109,"x4","x7","none","none","R3",NA,1,FALSE,0,TRUE,TRUE,NA,NA,0.0827604671812265,FALSE,FALSE,TRUE
1024,0.9,109,"x4","x8","none","none","R3",NA,1,FALSE,0,FALSE,FALSE,NA,NA,0.0580295098267749,FALSE,FALSE,TRUE
1024,0.9,109,"x4","x9","none","none","R3",NA,1,FALSE,0,FALSE,TRUE,NA,NA,0.00167772551994857,FALSE,FALSE,TRUE
1024,0.9,109,"x5","x10","none","none","R3",NA,1,FALSE,0,FALSE,FALSE,NA,NA,0.0111167334411077,FALSE,FALSE,TRUE
1024,0.9,109,"x5","x11","none","none","R3",NA,1,FALSE,0,FALSE,FALSE,NA,NA,0.0161958925782809,FALSE,FALSE,TRUE
1024,0.9,109,"x5","x12","none","none","R3",NA,1,FALSE,0,TRUE,FALSE,NA,NA,0.0303238326249175,FALSE,FALSE,TRUE
1024,0.9,109,"x5","x13","none","none","R3",NA,1,FALSE,0,FALSE,FALSE,NA,NA,0.00356304532926289,FALSE,FALSE,TRUE
1024,0.9,109,"x5","x14","none","none","R3",NA,1,FALSE,0,FALSE,FALSE,NA,NA,0.0448150819805089,FALSE,FALSE,TRUE
1024,0.9,109,"x5","x15","none","none","R3",NA,1,FALSE,0,TRUE,FALSE,NA,NA,0.0464015319253116,FALSE,FALSE,TRUE
1024,0.9,109,"x5","x6","none","none","R3",NA,1,FALSE,0,FALSE,FALSE,NA,NA,0.0390198558081714,FALSE,FALSE,TRUE
1024,0.9,109,"x5","x7","none","none","R3",NA,1,FALSE,0,FALSE,FALSE,NA,NA,0.0156264711832228,FALSE,FALSE,TRUE
1024,0.9,109,"x5","x8","none","none","R3",NA,1,FALSE,0,TRUE,FALSE,NA,NA,0.0112002019523249,FALSE,FALSE,TRUE
1024,0.9,109,"x5","x9","none","none","R3",NA,1,FALSE,0,FALSE,FALSE,NA,NA,0.0309261957307995,FALSE,FALSE,TRUE
1024,0.9,109,"x6","x10","none","none","R3",NA,1,FALSE,0,TRUE,FALSE,NA,NA,0.0241032065566276,FALSE,FALSE,TRUE
1024,0.9,109,"x6","x11","none","none","R3",NA,1,FALSE,0,FALSE,TRUE,NA,NA,0.00149945203196498,FALSE,FALSE,TRUE
1024,0.9,109,"x6","x12","none","none","R3",NA,1,FALSE,0,TRUE,FALSE,NA,NA,0.0261723285249995,FALSE,FALSE,TRUE
1024,0.9,109,"x6","x13","none","none","R3",NA,1,FALSE,0,TRUE,FALSE,NA,NA,0.0351576827268826,FALSE,FALSE,TRUE
1024,0.9,109,"x6","x14","none","none","R3",NA,1,FALSE,0,TRUE,TRUE,NA,NA,0.0559464472044377,FALSE,FALSE,TRUE
1024,0.9,109,"x6","x15","none","none","R3",NA,1,FALSE,0,FALSE,FALSE,NA,NA,0.0427721207091959,FALSE,FALSE,TRUE
1024,0.9,109,"x6","x7","none","none","R3",NA,1,FALSE,0,TRUE,TRUE,NA,NA,0.0179827546459588,FALSE,FALSE,TRUE
1024,0.9,109,"x6","x8","none","none","R3",NA,1,FALSE,0,FALSE,FALSE,NA,NA,0.0634691959724405,FALSE,FALSE,TRUE
1024,0.9,109,"x6","x9","none","none","R3",NA,1,FALSE,0,FALSE,TRUE,NA,NA,0.0401153737896136,FALSE,FALSE,TRUE
1024,0.9,109,"x7","x10","none","none","R3",NA,1,FALSE,0,FALSE,FALSE,NA,NA,0.0655833347830166,FALSE,FALSE,TRUE
1024,0.9,109,"x7","x11","none","none","R3",NA,1,FALSE,0,TRUE,TRUE,NA,NA,0.0883036799726335,FALSE,FALSE,TRUE
1024,0.9,109,"x7","x12","none","none","R3",NA,1,FALSE,0,FALSE,FALSE,NA,NA,0.0493230325414899,FALSE,FALSE,TRUE
1024,0.9,109,"x7","x13","none","none","R3",NA,1,FALSE,0,TRUE,FALSE,NA,NA,0.0157430594993814,FALSE,FALSE,TRUE
1024,0.9,109,"x7","x14","a<b","a<b","R1",2,1,TRUE,1,TRUE,TRUE,3,5,0.260311260631674,TRUE,TRUE,TRUE
1024,0.9,109,"x7","x15","none","none","R3",NA,1,FALSE,0,TRUE,FALSE,NA,NA,0.027812128931657,FALSE,FALSE,TRUE
1024,0.9,109,"x7","x8","none","none","R3",NA,1,FALSE,0,TRUE,FALSE,NA,NA,0.00269973609025736,FALSE,FALSE,TRUE
1024,0.9,109,"x7","x9","a<b","a<b","R1",8,1,TRUE,1,FALSE,FALSE,3,0,0.357482508370397,TRUE,TRUE,TRUE
1024,0.9,109,"x8","x10","none","none","R3",NA,1,FALSE,0,FALSE,FALSE,NA,NA,0.0449716785230841,FALSE,FALSE,TRUE
1024,0.9,109,"x8","x11","none","none","R3",NA,1,FALSE,0,TRUE,FALSE,NA,NA,0.0187648035830568,FALSE,FALSE,TRUE
1024,0.9,109,"x8","x12","none","none","R3",NA,1,FALSE,0,FALSE,FALSE,NA,NA,0.0161370362258897,FALSE,FALSE,TRUE
1024,0.9,109,"x8","x13","none","none","R3",NA,1,FALSE,0,TRUE,FALSE,NA,NA,0.0159443518247231,FALSE,FALSE,TRUE
1024,0.9,109,"x8","x14","a<b","a<b","R1",2,1,TRUE,1,FALSE,FALSE,3,5,0.248811623865112,TRUE,TRUE,TRUE
1024,0.9,109,"x8","x15","none","none","R3",NA,1,FALSE,0,FALSE,FALSE,NA,NA,0.0396238712832632,FALSE,FALSE,TRUE
1024,0.9,109,"x8","x9","none","none","R3",NA,1,FALSE,0,FALSE,FALSE,NA,NA,0.00187663919143771,FALSE,FALSE,TRUE
1024,0.9,109,"x9","x10","none","none","R3",NA,1,FALSE,0,FALSE,FALSE,NA,NA,0.0616407745207171,FALSE,FALSE,TRUE
1024,0.9,109,"x9","x11","none","none","R3",NA,1,FALSE,0,FALSE,TRUE,NA,NA,0.0113471291455312,FALSE,FALSE,TRUE
1024,0.9,109,"x9","x12","none","none","R3",NA,1,FALSE,0,FALSE,FALSE,NA,NA,0.036804568615372,FALSE,FALSE,TRUE
1024,0.9,109,"x9","x13","none","none","R3",NA,1,FALSE,0,FALSE,FALSE,NA,NA,0.0424094757229491,FALSE,FALSE,TRUE
1024,0.9,109,"x9","x14","none","a<b","R1",1,1,FALSE,0,TRUE,TRUE,NA,NA,0.152431804422598,FALSE,TRUE,FALSE
1024,0.9,109,"x9","x15","none","none","R3",NA,1,FALSE,0,FALSE,FALSE,NA,NA,0.00838015463430242,FALSE,FALSE,TRUE
1024,0.9,110,"x1","x10","none","none","R3",NA,1,FALSE,0,FALSE,FALSE,NA,NA,0.0394744314946466,FALSE,FALSE,TRUE
1024,0.9,110,"x1","x11","a<b","a<b","transitivity",NA,1,FALSE,2,TRUE,FALSE,1,5,0.074395742990652,TRUE,TRUE,TRUE
1024,0.9,110,"x1","x12","none","none","R3",NA,1,FALSE,0,FALSE,FALSE,NA,NA,0.0215606940158005,FALSE,FALSE,TRUE
1024,0.9,110,"x1","x13","a<b","a<b","transitivity",NA,1,FALSE,1,FALSE,FALSE,1,7,0.0487239392527108,TRUE,TRUE,TRUE
1024,0.9,110,"x1","x14","none","none","R3",NA,1,FALSE,0,TRUE,FALSE,NA,NA,0.0373396193583428,FALSE,FALSE,TRUE
1024,0.9,110,"x1","x15","none","none","R3",NA,1,FALSE,0,TRUE,FALSE,NA,NA,0.041514491248929,FALSE,FALSE,TRUE
1024,0.9,110,"x1","x2","none","none","R3",NA,1,FALSE,0,TRUE,FALSE,NA,NA,0.0206628201685923,FALSE,FALSE,TRUE
1024,0.9,110,"x1","x3","none","none","R3",NA,1,FALSE,0,FALSE,FALSE,NA,NA,0.0257522841545441,FALSE,FALSE,TRUE
1024,0.9,110,"x1","x4","a<b","a<b","R1",3,1,TRUE,1,FALSE,FALSE,1,5,0.23776215113508,TRUE,TRUE,TRUE
1024,0.9,110,"x1","x5","a<b","a<b","R1",3,1,TRUE,1,FALSE,FALSE,2,8,0.210944842608655,TRUE,TRUE,TRUE
1024,0.9,110,"x1","x6","a<b","a<b","R1",5,1,TRUE,1,FALSE,FALSE,1,5,0.367915788398949,TRUE,TRUE,TRUE
1024,0.9,110,"x1","x7","none","none","R3",NA,1,FALSE,0,TRUE,FALSE,NA,NA,0.0151909657416776,FALSE,FALSE,TRUE
1024,0.9,110,"x1","x8","a<b","a<b","transitivity",NA,1,FALSE,1,TRUE,FALSE,2,7,0.0286283090259979,TRUE,TRUE,TRUE
1024,0.9,110,"x1","x9","a<b","a<b","R1",4,1,TRUE,2,FALSE,FALSE,2,2,0.281271709987616,TRUE,TRUE,TRUE
1024,0.9,110,"x10","x11","none","none","R3",NA,1,FALSE,0,FALSE,FALSE,NA,NA,0.0174656494348079,FALSE,FALSE,TRUE
1024,0.9,110,"x10","x12","none","none","R3",NA,1,FALSE,0,TRUE,FALSE,NA,NA,0.0251884944775263,FALSE,FALSE,TRUE
1024,0.9,110,"x10","x13","none","none","R3",NA,1,FALSE,0,FALSE,FALSE,NA,NA,0.0383599667436378,FALSE,FALSE,TRUE
1024,0.9,110,"x10","x14","none","none","R3",NA,1,FALSE,0,TRUE,FALSE,NA,NA,0.01356089989322,FALSE,FALSE,TRUE
1024,0.9,110,"x10","x15","none","none","R3",NA,1,FALSE,0,FALSE,FALSE,NA,NA,0.012669458027881,FALSE,FALSE,TRUE
1024,0.9,110,"x11","x12","none","none","R3",NA,1,FALSE,0,FALSE,FALSE,NA,NA,0.0076263810517865,FALSE,FALSE,TRUE
1024,0.9,110,"x11","x13","none","none","R3",NA,1,FALSE,0,FALSE,TRUE,NA,NA,0.0324602675020472,FALSE,FALSE,TRUE
1024,0.9,110,"x11","x14","none","none","R3",NA,1,FALSE,0,TRUE,FALSE,NA,NA,0.0123367081369052,FALSE,FALSE,TRUE
1024,0.9,110,"x11","x15","none","none","R3",NA,1,FALSE,0,FALSE,FALSE,NA,NA,0.0145253655342095,FALSE,FALSE,TRUE
1024,0.9,110,"x12","x13","none","none","R3",NA,1,FALSE,0,FALSE,FALSE,NA,NA,0.0221405011260888,FALSE,FALSE,TRUE
1024,0.9,110,"x12","x14","none","none","R3",NA,1,FALSE,0,FALSE,FALSE,NA,NA,0.000170726697965778,FALSE,FALSE,TRUE
1024,0.9,110,"x12","x15","none","none","R3",NA,1,FALSE,0,FALSE,FALSE,NA,NA,0.0179845752600407,FALSE,FALSE,TRUE
1024,0.9,110,"x13","x14","none","none","R3",NA,1,FALSE,0,TRUE,FALSE,NA,NA,0.0112141215984772,FALSE,FALSE,TRUE
1024,0.9,110,"x13","x15","none","none","R3",NA,1,FALSE,0,FALSE,FALSE,NA,NA,0.0163038431855951,FALSE,FALSE,TRUE
1024,0.9,110,"x14","x15","none","none","R3",NA,1,FALSE,0,TRUE,FALSE,NA,NA,0.0412424197655842,FALSE,FALSE,TRUE
1024,0.9,110,"x2","x10","none","none","R3",NA,1,FALSE,0,FALSE,FALSE,NA,NA,0.047518522441354,FALSE,FALSE,TRUE
1024,0.9,110,"x2","x11","a<b","a<b","transitivity",NA,1,FALSE,1,TRUE,FALSE,1,5,0.0225557094221952,TRUE,TRUE,TRUE
1024,0.9,110,"x2","x12","none","none","R3",NA,1,FALSE,0,FALSE,FALSE,NA,NA,0.00543889289369175,FALSE,FALSE,TRUE
1024,0.9,110,"x2","x13","none","none","R3",NA,1,FALSE,0,TRUE,FALSE,NA,NA,0.0250661556857095,FALSE,FALSE,TRUE
1024,0.9,110,"x2","x14","none","none","R3",NA,1,FALSE,0,TRUE,FALSE,NA,NA,0.062676222962054,FALSE,FALSE,TRUE
1024,0.9,110,"x2","x15","none","none","R3",NA,1,FALSE,0,FALSE,FALSE,NA,NA,0.0226579805845136,FALSE,FALSE,TRUE
1024,0.9,110,"x2","x3","none","none","R3",NA,1,FALSE,0,TRUE,FALSE,NA,NA,0.0157863864470527,FALSE,FALSE,TRUE
1024,0.9,110,"x2","x4","none","none","R3",NA,1,FALSE,0,FALSE,FALSE,NA,NA,0.00252445199458505,FALSE,FALSE,TRUE
1024,0.9,110,"x2","x5","a<b","a<b","R1",2,1,TRUE,1,FALSE,FALSE,2,8,0.160951877442498,TRUE,TRUE,TRUE
1024,0.9,110,"x2","x6","none","none","R3",NA,1,FALSE,0,TRUE,FALSE,NA,NA,0.0122789354461126,FALSE,FALSE,TRUE
1024,0.9,110,"x2","x7","none","none","R3",NA,1,FALSE,0,FALSE,FALSE,NA,NA,0.00466338736289615,FALSE,FALSE,TRUE
1024,0.9,110,"x2","x8","a<b","a<b","R1",3,1,TRUE,1,FALSE,FALSE,2,7,0.205585010271605,TRUE,TRUE,TRUE
1024,0.9,110,"x2","x9","a<b","a<b","transitivity",NA,1,FALSE,1,FALSE,FALSE,2,2,0.0334241711403396,TRUE,TRUE,TRUE
1024,0.9,110,"x3","x10","none","none","R3",NA,1,FALSE,0,TRUE,FALSE,NA,NA,0.00481165474954112,FALSE,FALSE,TRUE
1024,0.9,110,"x3","x11","none","none","R3",NA,1,FALSE,0,TRUE,FALSE,NA,NA,0.00801458230624847,FALSE,FALSE,TRUE
1024,0.9,110,"x3","x12","none","none","R3",NA,1,FALSE,0,FALSE,FALSE,NA,NA,0.00517947542119021,FALSE,FALSE,TRUE
1024,0.9,110,"x3","x13","none","none","R3",NA,1,FALSE,0,FALSE,FALSE,NA,NA,0.0304881344840728,FALSE,FALSE,TRUE
1024,0.9,110,"x3","x14","none","none","R3",NA,1,FALSE,0,TRUE,FALSE,NA,NA,0.0446440027181091,FALSE,FALSE,TRUE
1024,0.9,110,"x3","x15","a<b","a<b","R1",3,1,TRUE,1,FALSE,FALSE,1,2,0.278815189699936,TRUE,TRUE,TRUE
1024,0.9,110,"x3","x4","none","none","R3",NA,1,FALSE,0,TRUE,FALSE,NA,NA,0.00898549734389325,FALSE,FALSE,TRUE
1024,0.9,110,"x3","x5","none","none","R3",NA,1,FALSE,0,FALSE,FALSE,NA,NA,0.0364362460855442,FALSE,FALSE,TRUE
1024,0.9,110,"x3","x6","none","none","R3",NA,1,FALSE,0,FALSE,FALSE,NA,NA,0.0028498522630346,FALSE,FALSE,TRUE
1024,0.9,110,"x3","x7","none","none","R3",NA,1,FALSE,0,FALSE,FALSE,NA,NA,0.0406365689082725,FALSE,FALSE,TRUE
1024,0.9,110,"x3","x8","none","none","R3",NA,1,FALSE,0,TRUE,FALSE,NA,NA,0.0174077678344009,FALSE,FALSE,TRUE
1024,0.9,110,"x3","x9","none","none","R3",NA,1,FALSE,0,FALSE,FALSE,NA,NA,0.0207484228890667,FALSE,FALSE,TRUE
1024,0.9,110,"x4","x10","none","none","R3",NA,1,FALSE,0,TRUE,FALSE,NA,NA,0.0437919033453095,FALSE,FALSE,TRUE
1024,0.9,110,"x4","x11","a<b","a<b","transitivity",NA,1,FALSE,1,TRUE,TRUE,1,5,0.027763985325678,TRUE,TRUE,TRUE
1024,0.9,110,"x4","x12","none","none","R3",NA,1,FALSE,0,FALSE,FALSE,NA,NA,0.0585928602219889,FALSE,FALSE,TRUE
1024,0.9,110,"x4","x13","none","none","R3",NA,1,FALSE,0,FALSE,TRUE,NA,NA,0.00850514404171549,FALSE,FALSE,TRUE
1024,0.9,110,"x4","x14","none","none","R3",NA,1,FALSE,0,TRUE,FALSE,NA,NA,0.0276520204894046,FALSE,FALSE,TRUE
1024,0.9,110,"x4","x15","none","none","R3",NA,1,FALSE,0,FALSE,FALSE,NA,NA,0.0115575587495219,FALSE,FALSE,TRUE
1024,0.9,110,"x4","x5","none","none","R3",NA,2,FALSE,0,TRUE,TRUE,NA,NA,0.109085861407783,FALSE,FALSE,TRUE
1024,0.9,110,"x4","x6","none","none","R3",NA,1,FALSE,0,TRUE,TRUE,NA,NA,0.124223414192713,FALSE,FALSE,TRUE
1024,0.9,110,"x4","x7","none","none","R3",NA,1,FALSE,0,TRUE,FALSE,NA,NA,0.00356835044212498,FALSE,FALSE,TRUE
1024,0.9,110,"x4","x8","a<b","a<b","R1",1,1,TRUE,1,FALSE,FALSE,2,7,0.233647196639778,TRUE,TRUE,TRUE
1024,0.9,110,"x4","x9","a<b","a<b","R1",1,1,FALSE,1,TRUE,TRUE,2,2,0.172012287515974,TRUE,TRUE,TRUE
1024,0.9,110,"x5","x10","none","none","R3",NA,1,FALSE,0,TRUE,FALSE,NA,NA,0.0514443509206598,FALSE,FALSE,TRUE
1024,0.9,110,"x5","x11","none","none","R3",NA,1,FALSE,0,FALSE,TRUE,NA,NA,0.00921886896395653,FALSE,FALSE,TRUE
1024,0.9,110,"x5","x12","none","none","R3",NA,1,FALSE,0,FALSE,FALSE,NA,NA,0.00469423466988206,FALSE,FALSE,TRUE
1024,0.9,110,"x5","x13","none","none","R3",NA,1,FALSE,0,FALSE,TRUE,NA,NA,0.0655188094255887,FALSE,FALSE,TRUE
1024,0.9,110,"x5","x14","none","none","R3",NA,1,FALSE,0,TRUE,FALSE,NA,NA,0.0111164204829711,FALSE,FALSE,TRUE
1024,0.9,110,"x5","x15","none","none","R3",NA,1,FALSE,0,FALSE,FALSE,NA,NA,0.0341910196601067,FALSE,FALSE,TRUE
1024,0.9,110,"x5","x6","none","b<a","R1",1,1,FALSE,0,TRUE,TRUE,NA,NA,0.123582415487109,FALSE,TRUE,FALSE
1024,0.9,110,"x5","x7","none","none","R3",NA,1,FALSE,0,FALSE,FALSE,NA,NA,0.0227890787281811,FALSE,FALSE,TRUE
1024,0.9,110,"x5","x8","none","none","R3",NA,1,FALSE,0,TRUE,TRUE,NA,NA,0.0276385586307737,FALSE,FALSE,TRUE
1024,0.9,110,"x5","x9","none","none","R3",NA,1,FALSE,0,TRUE,TRUE,NA,NA,0.0736087167770076,FALSE,FALSE,TRUE
1024,0.9,110,"x6","x10","none","none","R3",NA,1,FALSE,0,FALSE,FALSE,NA,NA,0.0470571201424251,FALSE,FALSE,TRUE
1024,0.9,110,"x6","x11","none","a<b","transitivity",NA,1,FALSE,0,TRUE,TRUE,NA,NA,3.05087046107201e-05,FALSE,TRUE,FALSE
1024,0.9,110,"x6","x12","none","none","R3",NA,1,FALSE,0,FALSE,FALSE,NA,NA,0.000530160876917919,FALSE,FALSE,TRUE
1024,0.9,110,"x6","x13","a<b","a<b","R1",1,1,TRUE,1,TRUE,FALSE,1,7,0.214356289799245,TRUE,TRUE,TRUE
1024,0.9,110,"x6","x14","none","none","R3",NA,1,FALSE,0,TRUE,FALSE,NA,NA,0.00268044507599776,FALSE,FALSE,TRUE
1024,0.9,110,"x6","x15","none","none","R3",NA,1,FALSE,0,FALSE,FALSE,NA,NA,0.0457094610974662,FALSE,FALSE,TRUE
1024,0.9,110,"x6","x7","none","none","R3",NA,1,FALSE,0,FALSE,FALSE,NA,NA,0.00864711084217971,FALSE,FALSE,TRUE
1024,0.9,110,"x6","x8","none","none","R3",NA,1,FALSE,0,TRUE,TRUE,NA,NA,0.0282105720275132,FALSE,FALSE,TRUE
1024,0.9,110,"x6","x9","none","a<b","R1",2,1,FALSE,0,TRUE,TRUE,NA,NA,0.120807247313719,FALSE,TRUE,FALSE
1024,0.9,110,"x7","x10","none","none","R3",NA,1,FALSE,0,FALSE,FALSE,NA,NA,0.0144478194897239,FALSE,FALSE,TRUE
1024,0.9,110,"x7","x11","none","none","R3",NA,1,FALSE,0,FALSE,FALSE,NA,NA,0.000138368706479987,FALSE,FALSE,TRUE
1024,0.9,110,"x7","x12","none","none","R3",NA,1,FALSE,0,FALSE,FALSE,NA,NA,0.0196189210261664,FALSE,FALSE,TRUE
1024,0.9,110,"x7","x13","none","none","R3",NA,1,FALSE,0,FALSE,FALSE,NA,NA,0.0356249714785924,FALSE,FALSE,TRUE
1024,0.9,110,"x7","x14","none","none","R3",NA,1,FALSE,0,TRUE,FALSE,NA,NA,0.00697280730535068,FALSE,FALSE,TRUE
1024,0.9,110,"x7","x15","none","none","R3",NA,1,FALSE,0,FALSE,FALSE,NA,NA,0.0141700816270645,FALSE,FALSE,TRUE
1024,0.9,110,"x7","x8","none","none","R3",NA,1,FALSE,0,FALSE,FALSE,NA,NA,0.04137587627038,FALSE,FALSE,TRUE
1024,0.9,110,"x7","x9","none","none","R3",NA,1,FALSE,0,FALSE,FALSE,NA,NA,0.0142429529968982,FALSE,FALSE,TRUE
1024,0.9,110,"x8","x10","none","none","R3",NA,1,FALSE,0,TRUE,FALSE,NA,NA,0.0641280237838609,FALSE,FALSE,TRUE
1024,0.9,110,"x8","x11","a<b","a<b","transitivity",NA,1,FALSE,1,FALSE,TRUE,1,5,0.0325576452931036,TRUE,TRUE,TRUE
1024,0.9,110,"x8","x12","none","none","R3",NA,1,FALSE,0,TRUE,FALSE,NA,NA,0.00527543123167594,FALSE,FALSE,TRUE
1024,0.9,110,"x8","x13","none","none","R3",NA,1,FALSE,0,TRUE,TRUE,NA,NA,0.0266984301497286,FALSE,FALSE,TRUE
1024,0.9,110,"x8","x14","none","none","R3",NA,1,FALSE,0,FALSE,FALSE,NA,NA,0.0319418514695746,FALSE,FALSE,TRUE
1024,0.9,110,"x8","x15","none","none","R3",NA,1,FALSE,0,FALSE,FALSE,NA,NA,0.0159993369910372,FALSE,FALSE,TRUE
1024,0.9,110,"x8","x9","a<b","a<b","R1",4,1,TRUE,1,FALSE,TRUE,2,2,0.242720621125256,TRUE,TRUE,TRUE
1024,0.9,110,"x9","x10","none","none","R3",NA,1,FALSE,0,FALSE,FALSE,NA,NA,0.000451455016451245,FALSE,FALSE,TRUE
1024,0.9,110,"x9","x11","a<b","a<b","R1",2,1,TRUE,1,FALSE,FALSE,1,5,0.213670684141822,TRUE,TRUE,TRUE
1024,0.9,110,"x9","x12","none","none","R3",NA,1,FALSE,0,FALSE,FALSE,NA,NA,0.0105187688672993,FALSE,FALSE,TRUE
1024,0.9,110,"x9","x13","none","none","R3",NA,1,FALSE,0,TRUE,TRUE,NA,NA,0.0390681595896646,FALSE,FALSE,TRUE
1024,0.9,110,"x9","x14","none","none","R3",NA,1,FALSE,0,FALSE,FALSE,NA,NA,0.0140853596844115,FALSE,FALSE,TRUE
1024,0.9,110,"x9","x15","none","none","R3",NA,1,FALSE,0,FALSE,FALSE,NA,NA,0.0567950252039691,FALSE,FALSE,TRUE
4096,0.9,101,"x1","x10","none","none","R3",NA,1,FALSE,0,FALSE,FALSE,NA,NA,0.0124021812690839,FALSE,FALSE,TRUE
4096,0.9,101,"x1","x11","a<b","a<b","R1",2,1,FALSE,1,FALSE,FALSE,2,4,0.089047817232178,TRUE,TRUE,TRUE
4096,0.9,101,"x1","x12","none","none","R3",NA,1,FALSE,0,TRUE,FALSE,NA,NA,0.00773031290748891,FALSE,FALSE,TRUE
4096,0.9,101,"x1","x13","none","none","R3",NA,1,FALSE,0,TRUE,FALSE,NA,NA,0.00416435098844366,FALSE,FALSE,TRUE
4096,0.9,101,"x1","x14","none","a<b","transitivity",NA,1,FALSE,0,FALSE,FALSE,NA,NA,0.0166939724492698,FALSE,TRUE,FALSE
4096,0.9,101,"x1","x15","none","a<b","transitivity",NA,1,FALSE,0,TRUE,FALSE,NA,NA,0.013198107069739,FALSE,TRUE,FALSE
4096,0.9,101,"x1","x2","a<b","a<b","R1",5,1,TRUE,1,TRUE,FALSE,1,4,0.26659419248298,TRUE,TRUE,TRUE
4096,0.9,101,"x1","x3","none","none","R3",NA,1,FALSE,0,TRUE,FALSE,NA,NA,0.0214470656938675,FALSE,FALSE,TRUE
4096,0.9,101,"x1","x4","none","none","R3",NA,1,FALSE,0,TRUE,FALSE,NA,NA,6.88685266695704e-05,FALSE,FALSE,TRUE
4096,0.9,101,"x1","x5","none","none","R3",NA,1,FALSE,0,TRUE,FALSE,NA,NA,0.00899264388561648,FALSE,FALSE,TRUE
4096,0.9,101,"x1","x6","none","none","R3",NA,1,FALSE,0,FALSE,FALSE,NA,NA,0.00919696296702421,FALSE,FALSE,TRUE
4096,0.9,101,"x1","x7","none","none","R3",NA,1,FALSE,0,FALSE,FALSE,NA,NA,0.0203462719538434,FALSE,FALSE,TRUE
4096,0.9,101,"x1","x8","a<b","a<b","R1",7,1,TRUE,1,FALSE,FALSE,1,2,0.37496957732039,TRUE,TRUE,TRUE
4096,0.9,101,"x1","x9","none","none","R3",NA,1,FALSE,0,TRUE,FALSE,NA,NA,0.00414187551854467,FALSE,FALSE,TRUE
4096,0.9,101,"x10","x11","none","none","R3",NA,1,FALSE,0,FALSE,FALSE,NA,NA,0.00194859355746966,FALSE,FALSE,TRUE
4096,0.9,101,"x10","x12","none","none","R3",NA,1,FALSE,0,FALSE,FALSE,NA,NA,0.00388169393423638,FALSE,FALSE,TRUE
4096,0.9,101,"x10","x13","none","none","R3",NA,1,FALSE,0,FALSE,FALSE,NA,NA,0.00613605398481504,FALSE,FALSE,TRUE
4096,0.9,101,"x10","x14","none","none","R3",NA,1,FALSE,0,TRUE,FALSE,NA,NA,0.0324620161446342,FALSE,FALSE,TRUE
4096,0.9,101,"x10","x15","none","none","R3",NA,1,FALSE,0,TRUE,FALSE,NA,NA,0.00944763331380382,FALSE,FALSE,TRUE
4096,0.9,101,"x11","x12","none","none","R3",NA,1,FALSE,0,FALSE,FALSE,NA,NA,0.0177212171405213,FALSE,FALSE,TRUE
4096,0.9,101,"x11","x13","none","none","R3",NA,1,FALSE,0,FALSE,FALSE,NA,NA,0.0170512020848227,FALSE,FALSE,TRUE
4096,0.9,101,"x11","x14","none","a<b","R1",1,1,FALSE,0,TRUE,TRUE,NA,NA,0.174429385018602,FALSE,TRUE,FALSE
4096,0.9,101,"x11","x15","none","a<b","transitivity",NA,1,FALSE,0,TRUE,TRUE,NA,NA,0.0557388664641506,FALSE,TRUE,FALSE
4096,0.9,101,"x12","x13","none","none","R3",NA,1,FALSE,0,TRUE,FALSE,NA,NA,0.0158678972426859,FALSE,FALSE,TRUE
4096,0.9,101,"x12","x14","none","none","R3",NA,1,FALSE,0,FALSE,FALSE,NA,NA,0.00289980573908956,FALSE,FALSE,TRUE
4096,0.9,101,"x12","x15","none","a<b","R1",1,1,FALSE,0,TRUE,TRUE,NA,NA,0.0582063322426093,FALSE,TRUE,FALSE
4096,0.9,101,"x13","x14","none","none","R3",NA,1,FALSE,0,FALSE,FALSE,NA,NA,0.0242017571382625,FALSE,FALSE,TRUE
4096,0.9,101,"x13","x15","none","none","R3",NA,1,FALSE,0,TRUE,FALSE,NA,NA,0.0102704356030757,FALSE,FALSE,TRUE
4096,0.9,101,"x14","x15","none","a<b","R1",1,1,FALSE,0,TRUE,TRUE,NA,NA,0.105944763381165,FALSE,TRUE,FALSE
4096,0.9,101,"x2","x10","none","none","R3",NA,1,FALSE,0,FALSE,FALSE,NA,NA,0.0097688130059242,FALSE,FALSE,TRUE
4096,0.9,101,"x2","x11","none","none","R3",NA,1,FALSE,0,TRUE,TRUE,NA,NA,0.0654731011656094,FALSE,FALSE,TRUE
4096,0.9,101,"x2","x12","none","none","R3",NA,1,FALSE,0,TRUE,FALSE,NA,NA,0.00287504060917391,FALSE,FALSE,TRUE
4096,0.9,101,"x2","x13","none","none","R3",NA,1,FALSE,0,FALSE,FALSE,NA,NA,0.0335414450155831,FALSE,FALSE,TRUE
4096,0.9,101,"x2","x14","none","none","R3",NA,1,FALSE,0,FALSE,FALSE,NA,NA,0.0504233538489897,FALSE,FALSE,TRUE
4096,0.9,101,"x2","x15","none","none","R3",NA,1,FALSE,0,TRUE,FALSE,NA,NA,0.00671671437139922,FALSE,FALSE,TRUE
4096,0.9,101,"x2","x3","none","none","R3",NA,1,FALSE,0,TRUE,FALSE,NA,NA,0.0312340217509494,FALSE,FALSE,TRUE
4096,0.9,101,"x2","x4","none","none","R3",NA,1,FALSE,0,FALSE,FALSE,NA,NA,0.000612049283578959,FALSE,FALSE,TRUE
4096,0.9,101,"x2","x5","none","none","R3",NA,1,FALSE,0,TRUE,FALSE,NA,NA,0.0186846033223868,FALSE,FALSE,TRUE
4096,0.9,101,"x2","x6","none","none","R3",NA,1,FALSE,0,FALSE,FALSE,NA,NA,0.0065276442574,FALSE,FALSE,TRUE
4096,0.9,101,"x2","x7","none","none","R3",NA,1,FALSE,0,FALSE,FALSE,NA,NA,0.00906793483301544,FALSE,FALSE,TRUE
4096,0.9,101,"x2","x8","none","b<a","R1",1,1,FALSE,0,TRUE,TRUE,NA,NA,0.168593923164988,FALSE,TRUE,FALSE
4096,0.9,101,"x2","x9","none","none","R3",NA,1,FALSE,0,TRUE,FALSE,NA,NA,0.020087283017971,FALSE,FALSE,TRUE
4096,0.9,101,"x3","x10","none","none","R3",NA,1,FALSE,0,FALSE,FALSE,NA,NA,0.00373747326903675,FALSE,FALSE,TRUE
4096,0.9,101,"x3","x11","none","a<b","R1",1,2,FALSE,0,FALSE,FALSE,NA,NA,0.0465831235667989,FALSE,TRUE,FALSE
4096,0.9,101,"x3","x12","none","none","R3",NA,1,FALSE,0,FALSE,FALSE,NA,NA,0.00682920122680581,FALSE,FALSE,TRUE
4096,0.9,101,"x3","x13","a<b","a<b","R1",1,1,FALSE,1,FALSE,FALSE,1,6,0.0629459398636293,TRUE,TRUE,TRUE
4096,0.9,101,"x3","x14","none","a<b","transitivity",NA,2,FALSE,0,FALSE,FALSE,NA,NA,0.0323066822318315,FALSE,TRUE,FALSE
4096,0.9,101,"x3","x15","none","a<b","transitivity",NA,2,FALSE,0,TRUE,FALSE,NA,NA,0.0168031657357755,FALSE,TRUE,FALSE
4096,0.9,101,"x3","x4","a<b","a<b","R1",4,1,TRUE,1,TRUE,FALSE,1,5,0.252207307841748,TRUE,TRUE,TRUE
4096,0.9,101,"x3","x5","none","none","R3",NA,1,FALSE,0,TRUE,FALSE,NA,NA,0.00216454698919503,FALSE,FALSE,TRUE
4096,0.9,101,"x3","x6","none","none","R3",NA,1,FALSE,0,FALSE,FALSE,NA,NA,0.00387572434795606,FALSE,FALSE,TRUE
4096,0.9,101,"x3","x7","none","none","R3",NA,1,FALSE,0,FALSE,FALSE,NA,NA,0.0227733895193093,FALSE,FALSE,TRUE
4096,0.9,101,"x3","x8","none","none","R3",NA,1,FALSE,0,FALSE,FALSE,NA,NA,0.00850587505321929,FALSE,FALSE,TRUE
4096,0.9,101,"x3","x9","none","none","R3",NA,1,FALSE,0,TRUE,FALSE,NA,NA,0.016312104461485,FALSE,FALSE,TRUE
4096,0.9,101,"x4","x10","none","none","R3",NA,1,FALSE,0,FALSE,FALSE,NA,NA,0.00494750806362294,FALSE,FALSE,TRUE
4096,0.9,101,"x4","x11","none","none","R3",NA,1,FALSE,0,FALSE,FALSE,NA,NA,0.0206028305431432,FALSE,FALSE,TRUE
4096,0.9,101,"x4","x12","none","none","R3",NA,1,FALSE,0,TRUE,FALSE,NA,NA,0.0113220255225991,FALSE,FALSE,TRUE
4096,0.9,101,"x4","x13","a<b","a<b","R1",7,1,TRUE,1,TRUE,FALSE,1,6,0.239513002914859,TRUE,TRUE,TRUE
4096,0.9,101,"x4","x14","none","none","R3",NA,1,FALSE,0,FALSE,FALSE,NA,NA,0.0229094673141943,FALSE,FALSE,TRUE
4096,0.9,101,"x4","x15","none","none","R3",NA,1,FALSE,0,TRUE,FALSE,NA,NA,0.0223317271550198,FALSE,FALSE,TRUE
4096,0.9,101,"x4","x5","none","none","R3",NA,1,FALSE,0,TRUE,FALSE,NA,NA,0.0133185049790349,FALSE,FALSE,TRUE
4096,0.9,101,"x4","x6","none","none","R3",NA,1,FALSE,0,FALSE,FALSE,NA,NA,0.0160384983640083,FALSE,FALSE,TRUE
4096,0.9,101,"x4","x7","none","none","R3",NA,1,FALSE,0,FALSE,FALSE,NA,NA,0.0116113122937013,FALSE,FALSE,TRUE
4096,0.9,101,"x4","x8","none","none","R3",NA,1,FALSE,0,FALSE,FALSE,NA,NA,0.00819130985576938,FALSE,FALSE,TRUE
4096,0.9,101,"x4","x9","none","none","R3",NA,1,FALSE,0,FALSE,FALSE,NA,NA,0.0148966000574292,FALSE,FALSE,TRUE
4096,0.9,101,"x5","x10","none","none","R3",NA,1,FALSE,0,TRUE,FALSE,NA,NA,0.00517778468863785,FALSE,FALSE,TRUE
4096,0.9,101,"x5","x11","none","none","R3",NA,1,FALSE,0,FALSE,FALSE,NA,NA,0.0379586681742063,FALSE,FALSE,TRUE
4096,0.9,101,"x5","x12","a<b","a<b","R1",5,1,TRUE,1,FALSE,FALSE,1,6,0.289616665125204,TRUE,TRUE,TRUE
4096,0.9,101,"x5","x13","none","none","R3",NA,1,FALSE,0,TRUE,FALSE,NA,NA,0.0201259558978031,FALSE,FALSE,TRUE
4096,0.9,101,"x5","x14","none","none","R3",NA,1,FALSE,0,FALSE,FALSE,NA,NA,0.0047344102641233,FALSE,FALSE,TRUE
4096,0.9,101,"x5","x15","a<b","a<b","R1",2,1,TRUE,1,TRUE,FALSE,2,10,0.145978359273896,TRUE,TRUE,TRUE
4096,0.9,101,"x5","x6","none","none","R3",NA,1,FALSE,0,TRUE,FALSE,NA,NA,0.00525662207121725,FALSE,FALSE,TRUE
4096,0.9,101,"x5","x7","none","none","R3",NA,1,FALSE,0,FALSE,FALSE,NA,NA,0.00766404886311366,FALSE,FALSE,TRUE
4096,0.9,101,"x5","x8","none","none","R3",NA,1,FALSE,0,FALSE,FALSE,NA,NA,0.0191844867451572,FALSE,FALSE,TRUE
4096,0.9,101,"x5","x9","none","none","R3",NA,1,FALSE,0,TRUE,FALSE,NA,NA,0.0155374702342416,FALSE,FALSE,TRUE
4096,0.9,101,"x6","x10","none","none","R3",NA,1,FALSE,0,TRUE,FALSE,NA,NA,0.000118769680120139,FALSE,FALSE,TRUE
4096,0.9,101,"x6","x11","none","none","R3",NA,1,FALSE,0,TRUE,FALSE,NA,NA,0.00704564073659214,FALSE,FALSE,TRUE
4096,0.9,101,"x6","x12","none","none","R3",NA,1,FALSE,0,TRUE,FALSE,NA,NA,0.0107222367450516,FALSE,FALSE,TRUE
4096,0.9,101,"x6","x13","none","none","R3",NA,1,FALSE,0,TRUE,FALSE,NA,NA,0.0130596573273176,FALSE,FALSE,TRUE
4096,0.9,101,"x6","x14","none","none","R3",NA,1,FALSE,0,TRUE,FALSE,NA,NA,0.0218301179474516,FALSE,FALSE,TRUE
4096,0.9,101,"x6","x15","none","none","R3",NA,1,FALSE,0,FALSE,FALSE,NA,NA,0.0251315429182428,FALSE,FALSE,TRUE
4096,0.9,101,"x6","x7","none","none","R3",NA,1,FALSE,0,TRUE,FALSE,NA,NA,0.00017701273455007,FALSE,FALSE,TRUE
4096,0.9,101,"x6","x8","none","none","R3",NA,1,FALSE,0,TRUE,FALSE,NA,NA,0.0122869253280551,FALSE,FALSE,TRUE
4096,0.9,101,"x6","x9","none","none","R3",NA,1,FALSE,0,TRUE,FALSE,NA,NA,0.00654422763823799,FALSE,FALSE,TRUE
4096,0.9,101,"x7","x10","none","none","R3",NA,1,FALSE,0,TRUE,FALSE,NA,NA,0.00152123732944012,FALSE,FALSE,TRUE
4096,0.9,101,"x7","x11","a<b","a<b","transitivity",NA,1,FALSE,1,TRUE,FALSE,2,4,0.0204686305262445,TRUE,TRUE,TRUE
4096,0.9,101,"x7","x12","none","none","R3",NA,1,FALSE,0,FALSE,FALSE,NA,NA,0.00269635640610589,FALSE,FALSE,TRUE
4096,0.9,101,"x7","x13","none","none","R3",NA,1,FALSE,0,FALSE,FALSE,NA,NA,0.0106664524918964,FALSE,FALSE,TRUE
4096,0.9,101,"x7","x14","a<b","a<b","R1",2,1,FALSE,1,FALSE,FALSE,1,3,0.0989289052045436,TRUE,TRUE,TRUE
4096,0.9,101,"x7","x15","a<b","a<b","transitivity",NA,1,FALSE,1,FALSE,FALSE,2,10,0.0195734912466042,TRUE,TRUE,TRUE
4096,0.9,101,"x7","x8","none","none","R3",NA,1,FALSE,0,FALSE,FALSE,NA,NA,0.000131300502283341,FALSE,FALSE,TRUE
4096,0.9,101,"x7","x9","a<b","a<b","R1",3,1,TRUE,1,FALSE,FALSE,1,10,0.179783568856344,TRUE,TRUE,TRUE
4096,0.9,101,"x8","x10","none","none","R3",NA,1,FALSE,0,FALSE,FALSE,NA,NA,0.0034052232443865,FALSE,FALSE,TRUE
4096,0.9,101,"x8","x11","a<b","a<b","R1",3,1,TRUE,1,FALSE,FALSE,2,4,0.304164141781638,TRUE,TRUE,TRUE
4096,0.9,101,"x8","x12","none","none","R3",NA,1,FALSE,0,TRUE,FALSE,NA,NA,0.000999602215509526,FALSE,FALSE,TRUE
4096,0.9,101,"x8","x13","none","none","R3",NA,1,FALSE,0,FALSE,FALSE,NA,NA,0.00508495775117798,FALSE,FALSE,TRUE
4096,0.9,101,"x8","x14","none","a<b","transitivity",NA,1,FALSE,0,TRUE,FALSE,NA,NA,0.0765317350626296,FALSE,TRUE,FALSE
4096,0.9,101,"x8","x15","none","a<b","transitivity",NA,1,FALSE,0,TRUE,FALSE,NA,NA,0.0239603956988517,FALSE,TRUE,FALSE
4096,0.9,101,"x8","x9","none","none","R3",NA,1,FALSE,0,FALSE,FALSE,NA,NA,0.0166773517774689,FALSE,FALSE,TRUE
4096,0.9,101,"x9","x10","none","none","R3",NA,1,FALSE,0,TRUE,FALSE,NA,NA,0.0013256284893436,FALSE,FALSE,TRUE
4096,0.9,101,"x9","x11","a<b","a<b","R1",8,1,TRUE,1,FALSE,FALSE,2,4,0.231971076216669,TRUE,TRUE,TRUE
4096,0.9,101,"x9","x12","none","none","R3",NA,1,FALSE,0,TRUE,FALSE,NA,NA,0.00858400840195149,FALSE,FALSE,TRUE
4096,0.9,101,"x9","x13","none","none","R3",NA,1,FALSE,0,TRUE,FALSE,NA,NA,0.0049933175516251,FALSE,FALSE,TRUE
4096,0.9,101,"x9","x14","a<b","a<b","R1",10,1,TRUE,1,FALSE,FALSE,1,3,0.39957951250137,TRUE,TRUE,TRUE
4096,0.9,101,"x9","x15","a<b","a<b","R1",3,1,TRUE,1,FALSE,FALSE,2,10,0.176039580240791,TRUE,TRUE,TRUE
4096,0.9,102,"x1","x10","none","none","R3",NA,1,FALSE,0,FALSE,FALSE,NA,NA,0.0139806920062414,FALSE,FALSE,TRUE
4096,0.9,102,"x1","x11","none","none","R3",NA,1,FALSE,0,TRUE,FALSE,NA,NA,0.00618622069407937,FALSE,FALSE,TRUE
4096,0.9,102,"x1","x12","none","none","R3",NA,1,FALSE,0,FALSE,FALSE,NA,NA,0.0170055363640121,FALSE,FALSE,TRUE
4096,0.9,102,"x1","x13","none","none","R3",NA,1,FALSE,0,FALSE,FALSE,NA,NA,0.0172439839371912,FALSE,FALSE,TRUE
4096,0.9,102,"x1","x14","none","none","R3",NA,1,FALSE,0,FALSE,FALSE,NA,NA,0.00133436914572314,FALSE,FALSE,TRUE
4096,0.9,102,"x1","x15","none","none","R3",NA,1,FALSE,0,TRUE,FALSE,NA,NA,0.0114818829898125,FALSE,FALSE,TRUE
4096,0.9,102,"x1","x2","none","none","R3",NA,1,FALSE,0,FALSE,FALSE,NA,NA,0.000211457433482539,FALSE,FALSE,TRUE
4096,0.9,102,"x1","x3","none","none","R3",NA,1,FALSE,0,FALSE,FALSE,NA,NA,1.18158306195151e-05,FALSE,FALSE,TRUE
4096,0.9,102,"x1","x4","none","none","R3",NA,1,FALSE,0,FALSE,FALSE,NA,NA,0.00259335767635111,FALSE,FALSE,TRUE
4096,0.9,102,"x1","x5","none","none","R3",NA,1,FALSE,0,FALSE,FALSE,NA,NA,0.018860792171846,FALSE,FALSE,TRUE
4096,0.9,102,"x1","x6","none","none","R3",NA,1,FALSE,0,TRUE,FALSE,NA,NA,0.00258543109227033,FALSE,FALSE,TRUE
4096,0.9,102,"x1","x7","none","none","R3",NA,1,FALSE,0,FALSE,FALSE,NA,NA,0.00768231383157886,FALSE,FALSE,TRUE
4096,0.9,102,"x1","x8","none","none","R3",NA,1,FALSE,0,FALSE,FALSE,NA,NA,0.00395042744567071,FALSE,FALSE,TRUE
4096,0.9,102,"x1","x9","none","none","R3",NA,1,FALSE,0,FALSE,FALSE,NA,NA,0.00744126233887018,FALSE,FALSE,TRUE
4096,0.9,102,"x10","x11","a<b","a<b","R1",4,1,TRUE,1,FALSE,FALSE,3,2,0.244790636062973,TRUE,TRUE,TRUE
4096,0.9,102,"x10","x12","none","none","R3",NA,1,FALSE,0,FALSE,FALSE,NA,NA,0.0137797079687092,FALSE,FALSE,TRUE
4096,0.9,102,"x10","x13","none","none","R3",NA,1,FALSE,0,FALSE,FALSE,NA,NA,0.011912037886187,FALSE,FALSE,TRUE
4096,0.9,102,"x10","x14","none","none","R3",NA,1,FALSE,0,TRUE,FALSE,NA,NA,0.0110928862180214,FALSE,FALSE,TRUE
4096,0.9,102,"x10","x15","none","none","R3",NA,1,FALSE,0,FALSE,FALSE,NA,NA,0.0101904487643971,FALSE,FALSE,TRUE
4096,0.9,102,"x11","x12","none","none","R3",NA,1,FALSE,0,FALSE,FALSE,NA,NA,0.000651863369708687,FALSE,FALSE,TRUE
4096,0.9,102,"x11","x13","none","none","R3",NA,1,FALSE,0,FALSE,FALSE,NA,NA,0.0174421260220664,FALSE,FALSE,TRUE
4096,0.9,102,"x11","x14","none","none","R3",NA,1,FALSE,0,FALSE,FALSE,NA,NA,0.0128339803534529,FALSE,FALSE,TRUE
4096,0.9,102,"x11","x15","none","none","R3",NA,1,FALSE,0,FALSE,FALSE,NA,NA,0.011077188876292,FALSE,FALSE,TRUE
4096,0.9,102,"x12","x13","none","none","R3",NA,1,FALSE,0,FALSE,FALSE,NA,NA,0.0003332093542951,FALSE,FALSE,TRUE
4096,0.9,102,"x12","x14","none","none","R3",NA,1,FALSE,0,FALSE,FALSE,NA,NA,0.0259345377733471,FALSE,FALSE,TRUE
4096,0.9,102,"x12","x15","none","none","R3",NA,1,FALSE,0,FALSE,FALSE,NA,NA,0.00474341729538418,FALSE,FALSE,TRUE
4096,0.9,102,"x13","x14","none","none","R3",NA,1,FALSE,0,FALSE,FALSE,NA,NA,0.0106405220389098,FALSE,FALSE,TRUE
4096,0.9,102,"x13","x15","none","none","R3",NA,1,FALSE,0,TRUE,FALSE,NA,NA,0.0348871296237037,FALSE,FALSE,TRUE
4096,0.9,102,"x14","x15","none","none","R3",NA,1,FALSE,0,TRUE,FALSE,NA,NA,0.00155953695606493,FALSE,FALSE,TRUE
4096,0.9,102,"x2","x10","none","none","R3",NA,1,FALSE,0,FALSE,FALSE,NA,NA,0.0310852222333231,FALSE,FALSE,TRUE
4096,0.9,102,"x2","x11","a<b","a<b","R1",4,1,TRUE,1,FALSE,FALSE,3,2,0.259426052210264,TRUE,TRUE,TRUE
4096,0.9,102,"x2","x12","none","none","R3",NA,1,FALSE,0,FALSE,FALSE,NA,NA,0.00289674651642687,FALSE,FALSE,TRUE
4096,0.9,102,"x2","x13","none","none","R3",NA,1,FALSE,0,FALSE,FALSE,NA,NA,0.00369373743425024,FALSE,FALSE,TRUE
4096,0.9,102,"x2","x14","none","none","R3",NA,1,FALSE,0,FALSE,FALSE,NA,NA,0.00998482227589568,FALSE,FALSE,TRUE
4096,0.9,102,"x2","x15","none","none","R3",NA,1,FALSE,0,FALSE,FALSE,NA,NA,0.00507414397516279,FALSE,FALSE,TRUE
4096,0.9,102,"x2","x3","none","none","R3",NA,1,FALSE,0,FALSE,FALSE,NA,NA,0.00157181987485854,FALSE,FALSE,TRUE
4096,0.9,102,"x2","x4","a<b","a<b","R1",3,1,TRUE,1,FALSE,FALSE,1,8,0.189997202626283,TRUE,TRUE,TRUE
4096,0.9,102,"x2","x5","a<b","a<b","transitivity",NA,1,FALSE,1,FALSE,FALSE,1,4,0.0176456021315215,TRUE,TRUE,TRUE
4096,0.9,102,"x2","x6","none","none","R3",NA,1,FALSE,0,FALSE,FALSE,NA,NA,0.000314626407484454,FALSE,FALSE,TRUE
4096,0.9,102,"x2","x7","none","none","R3",NA,1,FALSE,0,FALSE,FALSE,NA,NA,0.00874167117749313,FALSE,FALSE,TRUE
4096,0.9,102,"x2","x8","none","none","R3",NA,1,FALSE,0,FALSE,FALSE,NA,NA,0.00242117230264536,FALSE,FALSE,TRUE
4096,0.9,102,"x2","x9","none","a<b","transitivity",NA,1,FALSE,0,TRUE,FALSE,NA,NA,0.016631551843557,FALSE,TRUE,FALSE
4096,0.9,102,"x3","x10","none","none","R3",NA,1,FALSE,0,FALSE,FALSE,NA,NA,0.0221919499887924,FALSE,FALSE,TRUE
4096,0.9,102,"x3","x11","none","none","R3",NA,1,FALSE,0,FALSE,FALSE,NA,NA,0.00988658252675813,FALSE,FALSE,TRUE
4096,0.9,102,"x3","x12","none","none","R3",NA,1,FALSE,0,FALSE,FALSE,NA,NA,0.00437301808605155,FALSE,FALSE,TRUE
4096,0.9,102,"x3","x13","none","none","R3",NA,1,FALSE,0,TRUE,FALSE,NA,NA,0.00834775654255322,FALSE,FALSE,TRUE
4096,0.9,102,"x3","x14","none","none","R3",NA,1,FALSE,0,FALSE,FALSE,NA,NA,0.021393093046577,FALSE,FALSE,TRUE
4096,0.9,102,"x3","x15","none","none","R3",NA,1,FALSE,0,TRUE,FALSE,NA,NA,0.00924263385806503,FALSE,FALSE,TRUE
4096,0.9,102,"x3","x4","none","none","R3",NA,1,FALSE,0,FALSE,FALSE,NA,NA,0.0165185821382799,FALSE,FALSE,TRUE
4096,0.9,102,"x3","x5","none","none","R3",NA,1,FALSE,0,FALSE,FALSE,NA,NA,0.00782211648192679,FALSE,FALSE,TRUE
4096,0.9,102,"x3","x6","none","none","R3",NA,1,FALSE,0,TRUE,FALSE,NA,NA,0.00841578149339513,FALSE,FALSE,TRUE
4096,0.9,102,"x3","x7","none","none","R3",NA,1,FALSE,0,TRUE,FALSE,NA,NA,0.0119390474089518,FALSE,FALSE,TRUE
4096,0.9,102,"x3","x8","none","none","R3",NA,1,FALSE,0,TRUE,FALSE,NA,NA,0.0126468883076509,FALSE,FALSE,TRUE
4096,0.9,102,"x3","x9","none","none","R3",NA,1,FALSE,0,FALSE,FALSE,NA,NA,0.0114308998674833,FALSE,FALSE,TRUE
4096,0.9,102,"x4","x10","none","none","R3",NA,1,FALSE,0,FALSE,FALSE,NA,NA,0.0102484659501461,FALSE,FALSE,TRUE
4096,0.9,102,"x4","x11","none","none","R3",NA,1,FALSE,0,TRUE,TRUE,NA,NA,0.0699516646850434,FALSE,FALSE,TRUE
4096,0.9,102,"x4","x12","none","none","R3",NA,1,FALSE,0,TRUE,FALSE,NA,NA,0.0221093133613071,FALSE,FALSE,TRUE
4096,0.9,102,"x4","x13","none","none","R3",NA,1,FALSE,0,FALSE,FALSE,NA,NA,0.00838511020980821,FALSE,FALSE,TRUE
4096,0.9,102,"x4","x14","none","none","R3",NA,1,FALSE,0,TRUE,FALSE,NA,NA,0.000741427448953155,FALSE,FALSE,TRUE
4096,0.9,102,"x4","x15","none","none","R3",NA,1,FALSE,0,TRUE,FALSE,NA,NA,0.00577477938667338,FALSE,FALSE,TRUE
4096,0.9,102,"x4","x5","a<b","a<b","R1",7,1,TRUE,1,TRUE,FALSE,1,4,0.263500199784028,TRUE,TRUE,TRUE
4096,0.9,102,"x4","x6","none","none","R3",NA,1,FALSE,0,TRUE,FALSE,NA,NA,0.00947831989066408,FALSE,FALSE,TRUE
4096,0.9,102,"x4","x7","none","none","R3",NA,1,FALSE,0,TRUE,FALSE,NA,NA,0.01006821983257,FALSE,FALSE,TRUE
4096,0.9,102,"x4","x8","none","none","R3",NA,1,FALSE,0,FALSE,FALSE,NA,NA,0.00217031631339396,FALSE,FALSE,TRUE
4096,0.9,102,"x4","x9","none","none","R3",NA,1,FALSE,0,FALSE,FALSE,NA,NA,0.0128227940169213,FALSE,FALSE,TRUE
4096,0.9,102,"x5","x10","none","none","R3",NA,1,FALSE,0,FALSE,FALSE,NA,NA,0.00791310009382783,FALSE,FALSE,TRUE
4096,0.9,102,"x5","x11","none","none","R3",NA,1,FALSE,0,FALSE,TRUE,NA,NA,0.0177154639013971,FALSE,FALSE,TRUE
4096,0.9,102,"x5","x12","none","none","R3",NA,1,FALSE,0,FALSE,FALSE,NA,NA,0.0072456108731994,FALSE,FALSE,TRUE
4096,0.9,102,"x5","x13","none","none","R3",NA,1,FALSE,0,FALSE,FALSE,NA,NA,0.00531686738702645,FALSE,FALSE,TRUE
4096,0.9,102,"x5","x14","none","none","R3",NA,1,FALSE,0,TRUE,FALSE,NA,NA,0.00756823403628476,FALSE,FALSE,TRUE
4096,0.9,102,"x5","x15","none","none","R3",NA,1,FALSE,0,TRUE,FALSE,NA,NA,0.0136463123792294,FALSE,FALSE,TRUE
4096,0.9,102,"x5","x6","none","none","R3",NA,1,FALSE,0,FALSE,FALSE,NA,NA,0.00812361302269049,FALSE,FALSE,TRUE
4096,0.9,102,"x5","x7","none","none","R3",NA,1,FALSE,0,TRUE,FALSE,NA,NA,0.0206929288435959,FALSE,FALSE,TRUE
4096,0.9,102,"x5","x8","none","none","R3",NA,1,FALSE,0,FALSE,FALSE,NA,NA,0.0150450953679321,FALSE,FALSE,TRUE
4096,0.9,102,"x5","x9","none","none","R3",NA,1,FALSE,0,TRUE,FALSE,NA,NA,0.00833784835266521,FALSE,FALSE,TRUE
4096,0.9,102,"x6","x10","none","none","R3",NA,1,FALSE,0,TRUE,FALSE,NA,NA,0.00700804949828506,FALSE,FALSE,TRUE
4096,0.9,102,"x6","x11","none","none","R3",NA,1,FALSE,0,TRUE,FALSE,NA,NA,0.0341618023154597,FALSE,FALSE,TRUE
4096,0.9,102,"x6","x12","none","none","R3",NA,1,FALSE,0,FALSE,FALSE,NA,NA,0.00708684515316035,FALSE,FALSE,TRUE
4096,0.9,102,"x6","x13","none","none","R3",NA,1,FALSE,0,TRUE,FALSE,NA,NA,0.00388706036138109,FALSE,FALSE,TRUE
4096,0.9,102,"x6","x14","none","none","R3",NA,1,FALSE,0,TRUE,FALSE,NA,NA,0.00595365596243803,FALSE,FALSE,TRUE
4096,0.9,102,"x6","x15","none","none","R3",NA,1,FALSE,0,TRUE,FALSE,NA,NA,0.0212266401631356,FALSE,FALSE,TRUE
4096,0.9,102,"x6","x7","none","none","R3",NA,1,FALSE,0,FALSE,FALSE,NA,NA,0.00907809903343521,FALSE,FALSE,TRUE
4096,0.9,102,"x6","x8","none","none","R3",NA,1,FALSE,0,FALSE,FALSE,NA,NA,0.00174602609191492,FALSE,FALSE,TRUE
4096,0.9,102,"x6","x9","none","none","R3",NA,1,FALSE,0,FALSE,FALSE,NA,NA,0.00935970878872791,FALSE,FALSE,TRUE
4096,0.9,102,"x7","x10","none","none","R3",NA,1,FALSE,0,TRUE,FALSE,NA,NA,0.00300252310481952,FALSE,FALSE,TRUE
4096,0.9,102,"x7","x11","none","none","R3",NA,1,FALSE,0,FALSE,FALSE,NA,NA,0.00135008330990808,FALSE,FALSE,TRUE
4096,0.9,102,"x7","x12","none","none","R3",NA,1,FALSE,0,FALSE,FALSE,NA,NA,0.0216871203705071,FALSE,FALSE,TRUE
4096,0.9,102,"x7","x13","none","none","R3",NA,1,FALSE,0,FALSE,FALSE,NA,NA,0.0136024792193934,FALSE,FALSE,TRUE
4096,0.9,102,"x7","x14","none","none","R3",NA,1,FALSE,0,TRUE,FALSE,NA,NA,0.027865927786191,FALSE,FALSE,TRUE
4096,0.9,102,"x7","x15","none","none","R3",NA,1,FALSE,0,FALSE,FALSE,NA,NA,0.017206100270359,FALSE,FALSE,TRUE
4096,0.9,102,"x7","x8","none","none","R3",NA,1,FALSE,0,FALSE,FALSE,NA,NA,0.016481566910105,FALSE,FALSE,TRUE
4096,0.9,102,"x7","x9","none","none","R3",NA,1,FALSE,0,TRUE,FALSE,NA,NA,0.00660099955441543,FALSE,FALSE,TRUE
4096,0.9,102,"x8","x10","none","none","R3",NA,1,FALSE,0,FALSE,FALSE,NA,NA,0.00331955719278572,FALSE,FALSE,TRUE
4096,0.9,102,"x8","x11","a<b","a<b","R1",2,1,TRUE,1,FALSE,FALSE,3,2,0.263105284247458,TRUE,TRUE,TRUE
4096,0.9,102,"x8","x12","none","none","R3",NA,1,FALSE,0,FALSE,FALSE,NA,NA,0.00469187461095815,FALSE,FALSE,TRUE
4096,0.9,102,"x8","x13","none","none","R3",NA,1,FALSE,0,FALSE,FALSE,NA,NA,0.032488665567838,FALSE,FALSE,TRUE
4096,0.9,102,"x8","x14","none","none","R3",NA,1,FALSE,0,FALSE,FALSE,NA,NA,0.0226391000852809,FALSE,FALSE,TRUE
4096,0.9,102,"x8","x15","none","none","R3",NA,1,FALSE,0,FALSE,FALSE,NA,NA,0.0453682357704011,FALSE,FALSE,TRUE
4096,0.9,102,"x8","x9","a<b","a<b","R1",3,1,TRUE,1,FALSE,FALSE,1,6,0.215959915207584,TRUE,TRUE,TRUE
4096,0.9,102,"x9","x10","none","b<a","transitivity",NA,1,FALSE,0,TRUE,FALSE,NA,NA,0.00867122900339599,FALSE,TRUE,FALSE
4096,0.9,102,"x9","x11","none","b<a","R1",1,1,FALSE,0,TRUE,TRUE,NA,NA,0.0814424350264205,FALSE,TRUE,FALSE
4096,0.9,102,"x9","x12","none","none","R3",NA,1,FALSE,0,FALSE,FALSE,NA,NA,0.00530047803040122,FALSE,FALSE,TRUE
4096,0.9,102,"x9","x13","none","none","R3",NA,1,FALSE,0,FALSE,FALSE,NA,NA,0.0145903130703572,FALSE,FALSE,TRUE
4096,0.9,102,"x9","x14","none","none","R3",NA,1,FALSE,0,FALSE,FALSE,NA,NA,0.000964788251710254,FALSE,FALSE,TRUE
4096,0.9,102,"x9","x15","none","none","R3",NA,1,FALSE,0,TRUE,FALSE,NA,NA,0.00134387652732751,FALSE,FALSE,TRUE
4096,0.9,103,"x1","x10","none","none","R3",NA,1,FALSE,0,FALSE,FALSE,NA,NA,0.0051996585979789,FALSE,FALSE,TRUE
4096,0.9,103,"x1","x11","none","none","R3",NA,1,FALSE,0,FALSE,FALSE,NA,NA,0.00786895303072529,FALSE,FALSE,TRUE
4096,0.9,103,"x1","x12","none","none","R3",NA,1,FALSE,0,FALSE,FALSE,NA,NA,0.011181248573318,FALSE,FALSE,TRUE
4096,0.9,103,"x1","x13","none","none","R3",NA,1,FALSE,0,TRUE,FALSE,NA,NA,0.0230318734879139,FALSE,FALSE,TRUE
4096,0.9,103,"x1","x14","none","none","R3",NA,1,FALSE,0,FALSE,FALSE,NA,NA,0.000361481199748175,FALSE,FALSE,TRUE
4096,0.9,103,"x1","x15","none","none","R3",NA,1,FALSE,0,TRUE,FALSE,NA,NA,0.00121796706623174,FALSE,FALSE,TRUE
4096,0.9,103,"x1","x2","none","none","R3",NA,1,FALSE,0,FALSE,FALSE,NA,NA,0.00116618006829607,FALSE,FALSE,TRUE
4096,0.9,103,"x1","x3","none","none","R3",NA,1,FALSE,0,FALSE,FALSE,NA,NA,0.00590419986962345,FALSE,FALSE,TRUE
4096,0.9,103,"x1","x4","none","b<a","R2",3,1,FALSE,0,FALSE,FALSE,NA,NA,0.0622670747198714,FALSE,TRUE,FALSE
4096,0.9,103,"x1","x5","none","none","R3",NA,1,FALSE,0,FALSE,FALSE,NA,NA,0.00599174214488438,FALSE,FALSE,TRUE
4096,0.9,103,"x1","x6","none","none","R3",NA,1,FALSE,0,FALSE,FALSE,NA,NA,0.0125716973470777,FALSE,FALSE,TRUE
4096,0.9,103,"x1","x7","none","none","R3",NA,1,FALSE,0,FALSE,FALSE,NA,NA,0.00198303246854168,FALSE,FALSE,TRUE
4096,0.9,103,"x1","x8","none","none","R3",NA,1,FALSE,0,TRUE,FALSE,NA,NA,0.0139829241511461,FALSE,FALSE,TRUE
4096,0.9,103,"x1","x9","none","none","R3",NA,1,FALSE,0,TRUE,FALSE,NA,NA,0.00127378920717943,FALSE,FALSE,TRUE
4096,0.9,103,"x10","x11","none","none","R3",NA,1,FALSE,0,FALSE,FALSE,NA,NA,0.00461992060385955,FALSE,FALSE,TRUE
4096,0.9,103,"x10","x12","none","none","R3",NA,1,FALSE,0,FALSE,FALSE,NA,NA,0.00412176707349552,FALSE,FALSE,TRUE
4096,0.9,103,"x10","x13","none","none","R3",NA,1,FALSE,0,FALSE,FALSE,NA,NA,0.00448533142332488,FALSE,FALSE,TRUE
4096,0.9,103,"x10","x14","none","none","R3",NA,1,FALSE,0,FALSE,FALSE,NA,NA,0.000423042155509134,FALSE,FALSE,TRUE
4096,0.9,103,"x10","x15","none","none","R3",NA,1,FALSE,0,FALSE,FALSE,NA,NA,0.00249282581841646,FALSE,FALSE,TRUE
4096,0.9,103,"x11","x12","none","none","R3",NA,1,FALSE,0,FALSE,FALSE,NA,NA,0.0211750641956146,FALSE,FALSE,TRUE
4096,0.9,103,"x11","x13","none","none","R3",NA,1,FALSE,0,FALSE,FALSE,NA,NA,0.00850122391808881,FALSE,FALSE,TRUE
4096,0.9,103,"x11","x14","none","none","R3",NA,1,FALSE,0,FALSE,FALSE,NA,NA,0.00229193327693492,FALSE,FALSE,TRUE
4096,0.9,103,"x11","x15","none","none","R3",NA,1,FALSE,0,FALSE,FALSE,NA,NA,0.00896228905612893,FALSE,FALSE,TRUE
4096,0.9,103,"x12","x13","a<b","a<b","R1",1,1,TRUE,1,TRUE,FALSE,3,5,0.262622047414311,TRUE,TRUE,TRUE
4096,0.9,103,"x12","x14","none","none","R3",NA,1,FALSE,0,FALSE,FALSE,NA,NA,0.0212538594346793,FALSE,FALSE,TRUE
4096,0.9,103,"x12","x15","none","none","R3",NA,1,FALSE,0,FALSE,FALSE,NA,NA,0.00980796398963065,FALSE,FALSE,TRUE
4096,0.9,103,"x13","x14","none","none","R3",NA,1,FALSE,0,FALSE,FALSE,NA,NA,0.00526103585587808,FALSE,FALSE,TRUE
4096,0.9,103,"x13","x15","none","none","R3",NA,1,FALSE,0,TRUE,FALSE,NA,NA,0.0123414007358343,FALSE,FALSE,TRUE
4096,0.9,103,"x14","x15","none","none","R3",NA,1,FALSE,0,FALSE,FALSE,NA,NA,0.00930243218673433,FALSE,FALSE,TRUE
4096,0.9,103,"x2","x10","none","none","R3",NA,1,FALSE,0,FALSE,FALSE,NA,NA,0.00812708785578617,FALSE,FALSE,TRUE
4096,0.9,103,"x2","x11","none","none","R3",NA,1,FALSE,0,FALSE,FALSE,NA,NA,0.0153151995740699,FALSE,FALSE,TRUE
4096,0.9,103,"x2","x12","none","none","R3",NA,1,FALSE,0,FALSE,FALSE,NA,NA,0.00932848243690135,FALSE,FALSE,TRUE
4096,0.9,103,"x2","x13","none","none","R3",NA,1,FALSE,0,FALSE,FALSE,NA,NA,0.0311919624642964,FALSE,FALSE,TRUE
4096,0.9,103,"x2","x14","none","none","R3",NA,1,FALSE,0,FALSE,FALSE,NA,NA,0.0119887767186662,FALSE,FALSE,TRUE
4096,0.9,103,"x2","x15","none","none","R3",NA,1,FALSE,0,FALSE,FALSE,NA,NA,0.00417762765253612,FALSE,FALSE,TRUE
4096,0.9,103,"x2","x3","none","none","R3",NA,1,FALSE,0,FALSE,FALSE,NA,NA,0.0300213641055784,FALSE,FALSE,TRUE
4096,0.9,103,"x2","x4","none","none","R3",NA,1,FALSE,0,FALSE,FALSE,NA,NA,0.00261180992460577,FALSE,FALSE,TRUE
4096,0.9,103,"x2","x5","none","none","R3",NA,1,FALSE,0,FALSE,FALSE,NA,NA,0.0326350949146727,FALSE,FALSE,TRUE
4096,0.9,103,"x2","x6","none","none","R3",NA,1,FALSE,0,FALSE,FALSE,NA,NA,0.000726430182893143,FALSE,FALSE,TRUE
4096,0.9,103,"x2","x7","none","none","R3",NA,1,FALSE,0,FALSE,FALSE,NA,NA,0.0104483879702448,FALSE,FALSE,TRUE
4096,0.9,103,"x2","x8","none","none","R3",NA,1,FALSE,0,FALSE,FALSE,NA,NA,0.00271312340090465,FALSE,FALSE,TRUE
4096,0.9,103,"x2","x9","none","none","R3",NA,1,FALSE,0,FALSE,FALSE,NA,NA,0.0153202272307005,FALSE,FALSE,TRUE
4096,0.9,103,"x3","x10","none","none","R3",NA,1,FALSE,0,FALSE,FALSE,NA,NA,0.00471567166824719,FALSE,FALSE,TRUE
4096,0.9,103,"x3","x11","none","none","R3",NA,1,FALSE,0,FALSE,FALSE,NA,NA,0.00248420971318136,FALSE,FALSE,TRUE
4096,0.9,103,"x3","x12","none","none","R3",NA,1,FALSE,0,FALSE,FALSE,NA,NA,0.00188004171109876,FALSE,FALSE,TRUE
4096,0.9,103,"x3","x13","none","none","R3",NA,1,FALSE,0,TRUE,FALSE,NA,NA,0.00669341245249547,FALSE,FALSE,TRUE
4096,0.9,103,"x3","x14","none","none","R3",NA,1,FALSE,0,TRUE,FALSE,NA,NA,0.00535591741633796,FALSE,FALSE,TRUE
4096,0.9,103,"x3","x15","none","none","R3",NA,1,FALSE,0,FALSE,FALSE,NA,NA,0.0355016148377384,FALSE,FALSE,TRUE
4096,0.9,103,"x3","x4","none","none","R3",NA,1,FALSE,0,TRUE,FALSE,NA,NA,0.0144304645687515,FALSE,FALSE,TRUE
4096,0.9,103,"x3","x5","none","none","R3",NA,1,FALSE,0,TRUE,FALSE,NA,NA,0.0184759281679951,FALSE,FALSE,TRUE
4096,0.9,103,"x3","x6","none","none","R3",NA,1,FALSE,0,TRUE,FALSE,NA,NA,0.00891186711628804,FALSE,FALSE,TRUE
4096,0.9,103,"x3","x7","none","none","R3",NA,1,FALSE,0,FALSE,FALSE,NA,NA,0.0110604421122814,FALSE,FALSE,TRUE
4096,0.9,103,"x3","x8","none","none","R3",NA,1,FALSE,0,FALSE,FALSE,NA,NA,0.0063802983579866,FALSE,FALSE,TRUE
4096,0.9,103,"x3","x9","none","none","R3",NA,1,FALSE,0,TRUE,FALSE,NA,NA,0.00760737019576319,FALSE,FALSE,TRUE
4096,0.9,103,"x4","x10","none","none","R3",NA,1,FALSE,0,FALSE,FALSE,NA,NA,0.00982150676323315,FALSE,FALSE,TRUE
4096,0.9,103,"x4","x11","none","none","R3",NA,1,FALSE,0,FALSE,FALSE,NA,NA,0.0145060824445231,FALSE,FALSE,TRUE
4096,0.9,103,"x4","x12","none","none","R3",NA,1,FALSE,0,TRUE,FALSE,NA,NA,0.00634098530019482,FALSE,FALSE,TRUE
4096,0.9,103,"x4","x13","a<b","a<b","R1",3,1,TRUE,1,TRUE,FALSE,3,5,0.254024662944673,TRUE,TRUE,TRUE
4096,0.9,103,"x4","x14","none","none","R3",NA,1,FALSE,0,FALSE,FALSE,NA,NA,0.00612103421647534,FALSE,FALSE,TRUE
4096,0.9,103,"x4","x15","none","none","R3",NA,1,FALSE,0,FALSE,FALSE,NA,NA,0.0244343430173944,FALSE,FALSE,TRUE
4096,0.9,103,"x4","x5","none","none","R3",NA,1,FALSE,0,FALSE,FALSE,NA,NA,0.00405355004951239,FALSE,FALSE,TRUE
4096,0.9,103,"x4","x6","none","none","R3",NA,1,FALSE,0,FALSE,FALSE,NA,NA,0.004892887819563,FALSE,FALSE,TRUE
4096,0.9,103,"x4","x7","none","none","R3",NA,1,FALSE,0,FALSE,FALSE,NA,NA,0.0417054463866122,FALSE,FALSE,TRUE
4096,0.9,103,"x4","x8","none","none","R3",NA,1,FALSE,0,FALSE,FALSE,NA,NA,0.0091341088186101,FALSE,FALSE,TRUE
4096,0.9,103,"x4","x9","none","none","R3",NA,1,FALSE,0,FALSE,FALSE,NA,NA,0.00611850587392561,FALSE,FALSE,TRUE
4096,0.9,103,"x5","x10","none","none","R3",NA,1,FALSE,0,FALSE,FALSE,NA,NA,0.00280161350821603,FALSE,FALSE,TRUE
4096,0.9,103,"x5","x11","none","none","R3",NA,1,FALSE,0,FALSE,FALSE,NA,NA,0.00659220479651257,FALSE,FALSE,TRUE
4096,0.9,103,"x5","x12","none","none","R3",NA,1,FALSE,0,FALSE,FALSE,NA,NA,0.00176155638715637,FALSE,FALSE,TRUE
4096,0.9,103,"x5","x13","none","none","R3",NA,1,FALSE,0,TRUE,FALSE,NA,NA,0.0337146265795641,FALSE,FALSE,TRUE
4096,0.9,103,"x5","x14","none","none","R3",NA,1,FALSE,0,TRUE,FALSE,NA,NA,0.00844167834959882,FALSE,FALSE,TRUE
4096,0.9,103,"x5","x15","none","none","R3",NA,1,FALSE,0,FALSE,FALSE,NA,NA,0.00576462684554435,FALSE,FALSE,TRUE
4096,0.9,103,"x5","x6","none","none","R3",NA,1,FALSE,0,FALSE,FALSE,NA,NA,0.0196955618383008,FALSE,FALSE,TRUE
4096,0.9,103,"x5","x7","none","none","R3",NA,1,FALSE,0,FALSE,FALSE,NA,NA,0.0262246204711273,FALSE,FALSE,TRUE
4096,0.9,103,"x5","x8","none","none","R3",NA,1,FALSE,0,FALSE,FALSE,NA,NA,0.0171622375767237,FALSE,FALSE,TRUE
4096,0.9,103,"x5","x9","a<b","a<b","R1",3,1,TRUE,1,TRUE,FALSE,1,5,0.274034099206062,TRUE,TRUE,TRUE
4096,0.9,103,"x6","x10","none","none","R3",NA,1,FALSE,0,FALSE,FALSE,NA,NA,0.00353703948332985,FALSE,FALSE,TRUE
4096,0.9,103,"x6","x11","none","none","R3",NA,1,FALSE,0,FALSE,FALSE,NA,NA,0.0283571938602316,FALSE,FALSE,TRUE
4096,0.9,103,"x6","x12","none","none","R3",NA,1,FALSE,0,FALSE,FALSE,NA,NA,0.0149570563090282,FALSE,FALSE,TRUE
4096,0.9,103,"x6","x13","none","none","R3",NA,1,FALSE,0,FALSE,FALSE,NA,NA,0.000279235354350701,FALSE,FALSE,TRUE
4096,0.9,103,"x6","x14","none","none","R3",NA,1,FALSE,0,FALSE,FALSE,NA,NA,0.00499610304843599,FALSE,FALSE,TRUE
4096,0.9,103,"x6","x15","none","none","R3",NA,1,FALSE,0,FALSE,FALSE,NA,NA,0.0125789854240848,FALSE,FALSE,TRUE
4096,0.9,103,"x6","x7","none","none","R3",NA,1,FALSE,0,FALSE,FALSE,NA,NA,0.0221129277732116,FALSE,FALSE,TRUE
4096,0.9,103,"x6","x8","none","none","R3",NA,1,FALSE,0,FALSE,FALSE,NA,NA,0.0422724219751179,FALSE,FALSE,TRUE
4096,0.9,103,"x6","x9","none","none","R3",NA,1,FALSE,0,FALSE,FALSE,NA,NA,0.0273029144581379,FALSE,FALSE,TRUE
4096,0.9,103,"x7","x10","none","none","R3",NA,1,FALSE,0,FALSE,FALSE,NA,NA,0.00883305299676894,FALSE,FALSE,TRUE
4096,0.9,103,"x7","x11","none","none","R3",NA,1,FALSE,0,TRUE,FALSE,NA,NA,0.012547749197513,FALSE,FALSE,TRUE
4096,0.9,103,"x7","x12","none","none","R3",NA,1,FALSE,0,TRUE,FALSE,NA,NA,0.00363416325433132,FALSE,FALSE,TRUE
4096,0.9,103,"x7","x13","a<b","a<b","R1",5,1,TRUE,1,FALSE,FALSE,3,5,0.269453625986122,TRUE,TRUE,TRUE
4096,0.9,103,"x7","x14","none","none","R3",NA,1,FALSE,0,FALSE,FALSE,NA,NA,0.0136295973411058,FALSE,FALSE,TRUE
4096,0.9,103,"x7","x15","none","none","R3",NA,1,FALSE,0,TRUE,FALSE,NA,NA,0.00186713105648417,FALSE,FALSE,TRUE
4096,0.9,103,"x7","x8","none","none","R3",NA,1,FALSE,0,FALSE,FALSE,NA,NA,0.00207313009920732,FALSE,FALSE,TRUE
4096,0.9,103,"x7","x9","none","none","R3",NA,1,FALSE,0,FALSE,FALSE,NA,NA,0.000382017443642612,FALSE,FALSE,TRUE
4096,0.9,103,"x8","x10","none","none","R3",NA,1,FALSE,0,FALSE,FALSE,NA,NA,0.00847892113918666,FALSE,FALSE,TRUE
4096,0.9,103,"x8","x11","none","none","R3",NA,1,FALSE,0,TRUE,FALSE,NA,NA,0.032396017888373,FALSE,FALSE,TRUE
4096,0.9,103,"x8","x12","none","none","R3",NA,1,FALSE,0,FALSE,FALSE,NA,NA,0.0130306745261161,FALSE,FALSE,TRUE
4096,0.9,103,"x8","x13","none","none","R3",NA,1,FALSE,0,TRUE,FALSE,NA,NA,0.0152896312047693,FALSE,FALSE,TRUE
4096,0.9,103,"x8","x14","none","none","R3",NA,1,FALSE,0,FALSE,FALSE,NA,NA,0.00499592119880582,FALSE,FALSE,TRUE
4096,0.9,103,"x8","x15","a<b","a<b","R1",3,1,TRUE,1,FALSE,FALSE,1,6,0.201644577672478,TRUE,TRUE,TRUE
4096,0.9,103,"x8","x9","none","none","R3",NA,1,FALSE,0,FALSE,FALSE,NA,NA,0.00111700065621577,FALSE,FALSE,TRUE
4096,0.9,103,"x9","x10","none","none","R3",NA,1,FALSE,0,FALSE,FALSE,NA,NA,0.0124454384960802,FALSE,FALSE,TRUE
4096,0.9,103,"x9","x11","none","none","R3",NA,1,FALSE,0,TRUE,FALSE,NA,NA,0.00188318676454773,FALSE,FALSE,TRUE
4096,0.9,103,"x9","x12","none","none","R3",NA,1,FALSE,0,FALSE,FALSE,NA,NA,0.00719634566706858,FALSE,FALSE,TRUE
4096,0.9,103,"x9","x13","none","none","R3",NA,1,FALSE,0,FALSE,FALSE,NA,NA,0.00127912683422968,FALSE,FALSE,TRUE
4096,0.9,103,"x9","x14","none","none","R3",NA,1,FALSE,0,TRUE,FALSE,NA,NA,0.00781306430491982,FALSE,FALSE,TRUE
4096,0.9,103,"x9","x15","none","none","R3",NA,1,FALSE,0,TRUE,FALSE,NA,NA,0.0171002480982186,FALSE,FALSE,TRUE
4096,0.9,104,"x1","x10","a<b","a<b","R1",3,1,TRUE,1,TRUE,FALSE,2,5,0.244646630478499,TRUE,TRUE,TRUE
4096,0.9,104,"x1","x11","none","none","R3",NA,1,FALSE,0,FALSE,FALSE,NA,NA,0.00105504559683831,FALSE,FALSE,TRUE
4096,0.9,104,"x1","x12","none","none","R3",NA,1,FALSE,0,FALSE,FALSE,NA,NA,0.02774237965315,FALSE,FALSE,TRUE
4096,0.9,104,"x1","x13","none","none","R3",NA,1,FALSE,0,TRUE,FALSE,NA,NA,0.0193793709579144,FALSE,FALSE,TRUE
4096,0.9,104,"x1","x14","none","a<b","transitivity",NA,1,FALSE,0,FALSE,FALSE,NA,NA,0.00591009597849686,FALSE,TRUE,FALSE
4096,0.9,104,"x1","x15","none","none","R3",NA,1,FALSE,0,TRUE,FALSE,NA,NA,0.0111545969692178,FALSE,FALSE,TRUE
4096,0.9,104,"x1","x2","none","none","R3",NA,1,FALSE,0,FALSE,FALSE,NA,NA,0.00222113423297895,FALSE,FALSE,TRUE
4096,0.9,104,"x1","x3","none","none","R3",NA,1,FALSE,0,FALSE,FALSE,NA,NA,0.00962642143459241,FALSE,FALSE,TRUE
4096,0.9,104,"x1","x4","none","none","R3",NA,1,FALSE,0,FALSE,FALSE,NA,NA,0.00632507658400717,FALSE,FALSE,TRUE
4096,0.9,104,"x1","x5","none","none","R3",NA,1,FALSE,0,TRUE,FALSE,NA,NA,0.0140707793424194,FALSE,FALSE,TRUE
4096,0.9,104,"x1","x6","none","none","R3",NA,1,FALSE,0,TRUE,FALSE,NA,NA,0.00208730273989083,FALSE,FALSE,TRUE
4096,0.9,104,"x1","x7","none","none","R3",NA,1,FALSE,0,FALSE,FALSE,NA,NA,0.0136548922409017,FALSE,FALSE,TRUE
4096,0.9,104,"x1","x8","none","none","R3",NA,1,FALSE,0,FALSE,FALSE,NA,NA,0.00879070904785827,FALSE,FALSE,TRUE
4096,0.9,104,"x1","x9","none","none","R3",NA,1,FALSE,0,TRUE,FALSE,NA,NA,0.0110771979017511,FALSE,FALSE,TRUE
4096,0.9,104,"x10","x11","none","none","R3",NA,1,FALSE,0,FALSE,FALSE,NA,NA,0.0033494978598704,FALSE,FALSE,TRUE
4096,0.9,104,"x10","x12","none","none","R3",NA,1,FALSE,0,FALSE,FALSE,NA,NA,0.0283431932550655,FALSE,FALSE,TRUE
4096,0.9,104,"x10","x13","none","none","R3",NA,1,FALSE,0,TRUE,FALSE,NA,NA,0.0283632915949284,FALSE,FALSE,TRUE
4096,0.9,104,"x10","x14","none","a<b","R1",1,1,FALSE,0,TRUE,TRUE,NA,NA,0.104235380269423,FALSE,TRUE,FALSE
4096,0.9,104,"x10","x15","none","none","R3",NA,1,FALSE,0,FALSE,FALSE,NA,NA,0.0107317055833586,FALSE,FALSE,TRUE
4096,0.9,104,"x11","x12","none","none","R3",NA,1,FALSE,0,FALSE,FALSE,NA,NA,0.00508048306287546,FALSE,FALSE,TRUE
4096,0.9,104,"x11","x13","none","none","R3",NA,1,FALSE,0,FALSE,FALSE,NA,NA,0.0207401762347919,FALSE,FALSE,TRUE
4096,0.9,104,"x11","x14","none","none","R3",NA,1,FALSE,0,FALSE,FALSE,NA,NA,0.0144290102844097,FALSE,FALSE,TRUE
4096,0.9,104,"x11","x15","none","none","R3",NA,1,FALSE,0,FALSE,FALSE,NA,NA,0.00116665467966899,FALSE,FALSE,TRUE
4096,0.9,104,"x12","x13","none","none","R3",NA,1,FALSE,0,FALSE,FALSE,NA,NA,0.00364423747225606,FALSE,FALSE,TRUE
4096,0.9,104,"x12","x14","none","none","R3",NA,1,FALSE,0,FALSE,FALSE,NA,NA,0.00518561240342646,FALSE,FALSE,TRUE
4096,0.9,104,"x12","x15","none","none","R3",NA,1,FALSE,0,FALSE,FALSE,NA,NA,0.00684235370925355,FALSE,FALSE,TRUE
4096,0.9,104,"x13","x14","none","none","R3",NA,1,FALSE,0,FALSE,FALSE,NA,NA,0.0146865658660793,FALSE,FALSE,TRUE
4096,0.9,104,"x13","x15","a<b","a<b","R1",3,1,TRUE,1,FALSE,FALSE,1,6,0.190414189804458,TRUE,TRUE,TRUE
4096,0.9,104,"x14","x15","none","none","R3",NA,1,FALSE,0,TRUE,FALSE,NA,NA,0.00686206713772947,FALSE,FALSE,TRUE
4096,0.9,104,"x2","x10","none","none","R3",NA,1,FALSE,0,TRUE,FALSE,NA,NA,0.0262195607769373,FALSE,FALSE,TRUE
4096,0.9,104,"x2","x11","none","none","R3",NA,1,FALSE,0,FALSE,FALSE,NA,NA,0.0150088682093253,FALSE,FALSE,TRUE
4096,0.9,104,"x2","x12","none","none","R3",NA,1,FALSE,0,TRUE,FALSE,NA,NA,0.00521447779461868,FALSE,FALSE,TRUE
4096,0.9,104,"x2","x13","a<b","a<b","R1",1,1,TRUE,1,FALSE,FALSE,3,7,0.165362185177605,TRUE,TRUE,TRUE
4096,0.9,104,"x2","x14","none","none","R3",NA,1,FALSE,0,FALSE,FALSE,NA,NA,0.0120482615677891,FALSE,FALSE,TRUE
4096,0.9,104,"x2","x15","a<b","a<b","transitivity",NA,1,FALSE,1,FALSE,FALSE,1,6,0.0419477602204432,TRUE,TRUE,TRUE
4096,0.9,104,"x2","x3","none","none","R3",NA,1,FALSE,0,TRUE,FALSE,NA,NA,0.00568979294246027,FALSE,FALSE,TRUE
4096,0.9,104,"x2","x4","none","none","R3",NA,1,FALSE,0,FALSE,FALSE,NA,NA,0.000792000067687526,FALSE,FALSE,TRUE
4096,0.9,104,"x2","x5","none","none","R3",NA,1,FALSE,0,FALSE,FALSE,NA,NA,0.00219290818747714,FALSE,FALSE,TRUE
4096,0.9,104,"x2","x6","none","none","R3",NA,1,FALSE,0,TRUE,FALSE,NA,NA,0.00671167126691634,FALSE,FALSE,TRUE
4096,0.9,104,"x2","x7","none","none","R3",NA,1,FALSE,0,FALSE,FALSE,NA,NA,0.0110531896321675,FALSE,FALSE,TRUE
4096,0.9,104,"x2","x8","none","none","R3",NA,1,FALSE,0,FALSE,FALSE,NA,NA,0.00345527133513642,FALSE,FALSE,TRUE
4096,0.9,104,"x2","x9","none","none","R3",NA,1,FALSE,0,FALSE,FALSE,NA,NA,0.00685846848891792,FALSE,FALSE,TRUE
4096,0.9,104,"x3","x10","none","none","R3",NA,1,FALSE,0,TRUE,FALSE,NA,NA,0.00721721331417132,FALSE,FALSE,TRUE
4096,0.9,104,"x3","x11","none","b<a","R2",1,1,FALSE,0,TRUE,FALSE,NA,NA,0.0458756762591677,FALSE,TRUE,FALSE
4096,0.9,104,"x3","x12","none","none","R3",NA,1,FALSE,0,FALSE,FALSE,NA,NA,0.00924904318653564,FALSE,FALSE,TRUE
4096,0.9,104,"x3","x13","none","none","R3",NA,1,FALSE,0,TRUE,FALSE,NA,NA,0.0193579383083579,FALSE,FALSE,TRUE
4096,0.9,104,"x3","x14","none","none","R3",NA,1,FALSE,0,FALSE,FALSE,NA,NA,0.0114520985537136,FALSE,FALSE,TRUE
4096,0.9,104,"x3","x15","none","none","R3",NA,1,FALSE,0,TRUE,FALSE,NA,NA,0.000527445182549287,FALSE,FALSE,TRUE
4096,0.9,104,"x3","x4","none","none","R3",NA,1,FALSE,0,FALSE,FALSE,NA,NA,0.00530877362879482,FALSE,FALSE,TRUE
4096,0.9,104,"x3","x5","none","none","R3",NA,1,FALSE,0,FALSE,FALSE,NA,NA,0.0165100461290574,FALSE,FALSE,TRUE
4096,0.9,104,"x3","x6","none","none","R3",NA,1,FALSE,0,FALSE,FALSE,NA,NA,0.00119128145589386,FALSE,FALSE,TRUE
4096,0.9,104,"x3","x7","none","none","R3",NA,1,FALSE,0,TRUE,FALSE,NA,NA,0.0184965586156124,FALSE,FALSE,TRUE
4096,0.9,104,"x3","x8","none","none","R3",NA,1,FALSE,0,FALSE,FALSE,NA,NA,0.0152776649036474,FALSE,FALSE,TRUE
4096,0.9,104,"x3","x9","none","none","R3",NA,1,FALSE,0,TRUE,FALSE,NA,NA,0.0218011060954086,FALSE,FALSE,TRUE
4096,0.9,104,"x4","x10","none","none","R3",NA,1,FALSE,0,TRUE,FALSE,NA,NA,0.0125588795423816,FALSE,FALSE,TRUE
4096,0.9,104,"x4","x11","none","none","R3",NA,1,FALSE,0,FALSE,FALSE,NA,NA,0.00708748358706163,FALSE,FALSE,TRUE
4096,0.9,104,"x4","x12","none","none","R3",NA,1,FALSE,0,FALSE,FALSE,NA,NA,0.0130370448291461,FALSE,FALSE,TRUE
4096,0.9,104,"x4","x13","a<b","a<b","R1",1,1,TRUE,1,TRUE,FALSE,3,7,0.157118694247205,TRUE,TRUE,TRUE
4096,0.9,104,"x4","x14","none","none","R3",NA,1,FALSE,0,FALSE,FALSE,NA,NA,0.00928628567976397,FALSE,FALSE,TRUE
4096,0.9,104,"x4","x15","a<b","a<b","transitivity",NA,1,FALSE,1,FALSE,FALSE,1,6,0.0350427553353081,TRUE,TRUE,TRUE
4096,0.9,104,"x4","x5","none","none","R3",NA,1,FALSE,0,FALSE,FALSE,NA,NA,0.0115424096616276,FALSE,FALSE,TRUE
4096,0.9,104,"x4","x6","none","none","R3",NA,1,FALSE,0,FALSE,FALSE,NA,NA,0.0100073467088779,FALSE,FALSE,TRUE
4096,0.9,104,"x4","x7","none","none","R3",NA,1,FALSE,0,FALSE,FALSE,NA,NA,0.009054368973524,FALSE,FALSE,TRUE
4096,0.9,104,"x4","x8","none","none","R3",NA,1,FALSE,0,FALSE,FALSE,NA,NA,0.0184544925657295,FALSE,FALSE,TRUE
4096,0.9,104,"x4","x9","none","none","R3",NA,1,FALSE,0,FALSE,FALSE,NA,NA,0.0040229512598344,FALSE,FALSE,TRUE
4096,0.9,104,"x5","x10","none","none","R3",NA,1,FALSE,0,TRUE,FALSE,NA,NA,0.0125833998032196,FALSE,FALSE,TRUE
4096,0.9,104,"x5","x11","none","none","R3",NA,1,FALSE,0,TRUE,FALSE,NA,NA,0.0135225825909083,FALSE,FALSE,TRUE
4096,0.9,104,"x5","x12","none","none","R3",NA,1,FALSE,0,FALSE,FALSE,NA,NA,0.0135108886166788,FALSE,FALSE,TRUE
4096,0.9,104,"x5","x13","a<b","a<b","R1",3,1,TRUE,1,TRUE,FALSE,3,7,0.192127473730253,TRUE,TRUE,TRUE
4096,0.9,104,"x5","x14","none","none","R3",NA,1,FALSE,0,FALSE,FALSE,NA,NA,0.00364107815203879,FALSE,FALSE,TRUE
4096,0.9,104,"x5","x15","a<b","a<b","transitivity",NA,1,FALSE,1,FALSE,FALSE,1,6,0.0356117483201635,TRUE,TRUE,TRUE
4096,0.9,104,"x5","x6","none","none","R3",NA,1,FALSE,0,FALSE,FALSE,NA,NA,0.0164453836282776,FALSE,FALSE,TRUE
4096,0.9,104,"x5","x7","none","none","R3",NA,1,FALSE,0,FALSE,FALSE,NA,NA,0.00975361344118453,FALSE,FALSE,TRUE
4096,0.9,104,"x5","x8","none","none","R3",NA,1,FALSE,0,FALSE,FALSE,NA,NA,0.0171427472099171,FALSE,FALSE,TRUE
4096,0.9,104,"x5","x9","a<b","a<b","R1",3,1,TRUE,1,FALSE,FALSE,1,4,0.301851798046571,TRUE,TRUE,TRUE
4096,0.9,104,"x6","x10","a<b","a<b","R1",5,1,TRUE,1,FALSE,FALSE,2,5,0.230460144240363,TRUE,TRUE,TRUE
4096,0.9,104,"x6","x11","none","none","R3",NA,1,FALSE,0,FALSE,FALSE,NA,NA,0.0228813424486323,FALSE,FALSE,TRUE
4096,0.9,104,"x6","x12","none","none","R3",NA,1,FALSE,0,TRUE,FALSE,NA,NA,0.00152492138358397,FALSE,FALSE,TRUE
4096,0.9,104,"x6","x13","none","none","R3",NA,1,FALSE,0,FALSE,FALSE,NA,NA,0.0190943500511914,FALSE,FALSE,TRUE
4096,0.9,104,"x6","x14","a<b","a<b","R1",5,1,TRUE,1,FALSE,FALSE,1,5,0.291595956583371,TRUE,TRUE,TRUE
4096,0.9,104,"x6","x15","none","none","R3",NA,1,FALSE,0,TRUE,FALSE,NA,NA,0.000565693046732843,FALSE,FALSE,TRUE
4096,0.9,104,"x6","x7","none","none","R3",NA,1,FALSE,0,FALSE,FALSE,NA,NA,0.00519337871574521,FALSE,FALSE,TRUE
4096,0.9,104,"x6","x8","none","none","R3",NA,1,FALSE,0,FALSE,FALSE,NA,NA,0.0064187163891384,FALSE,FALSE,TRUE
4096,0.9,104,"x6","x9","none","none","R3",NA,1,FALSE,0,FALSE,FALSE,NA,NA,0.0193637144652501,FALSE,FALSE,TRUE
4096,0.9,104,"x7","x10","none","none","R3",NA,1,FALSE,0,FALSE,FALSE,NA,NA,0.000504878724503723,FALSE,FALSE,TRUE
4096,0.9,104,"x7","x11","none","none","R3",NA,1,FALSE,0,FALSE,FALSE,NA,NA,0.00598767482038869,FALSE,FALSE,TRUE
4096,0.9,104,"x7","x12","none","none","R3",NA,1,FALSE,0,TRUE,FALSE,NA,NA,0.011703233408919,FALSE,FALSE,TRUE
4096,0.9,104,"x7","x13","none","none","R3",NA,1,FALSE,0,TRUE,FALSE,NA,NA,0.0121456444939075,FALSE,FALSE,TRUE
4096,0.9,104,"x7","x14","none","none","R3",NA,1,FALSE,0,FALSE,FALSE,NA,NA,0.00305319940924457,FALSE,FALSE,TRUE
4096,0.9,104,"x7","x15","none","none","R3",NA,1,FALSE,0,FALSE,FALSE,NA,NA,0.0106653915638237,FALSE,FALSE,TRUE
4096,0.9,104,"x7","x8","none","none","R3",NA,1,FALSE,0,FALSE,FALSE,NA,NA,0.0215336259556925,FALSE,FALSE,TRUE
4096,0.9,104,"x7","x9","none","none","R3",NA,1,FALSE,0,TRUE,FALSE,NA,NA,0.00454910978631537,FALSE,FALSE,TRUE
4096,0.9,104,"x8","x10","none","none","R3",NA,1,FALSE,0,FALSE,FALSE,NA,NA,0.0203731826557019,FALSE,FALSE,TRUE
4096,0.9,104,"x8","x11","none","none","R3",NA,1,FALSE,0,FALSE,FALSE,NA,NA,0.0223396660553282,FALSE,FALSE,TRUE
4096,0.9,104,"x8","x12","none","none","R3",NA,1,FALSE,0,FALSE,FALSE,NA,NA,0.00964050583504255,FALSE,FALSE,TRUE
4096,0.9,104,"x8","x13","none","none","R3",NA,1,FALSE,0,TRUE,FALSE,NA,NA,0.0150915562470703,FALSE,FALSE,TRUE
4096,0.9,104,"x8","x14","none","none","R3",NA,1,FALSE,0,FALSE,FALSE,NA,NA,0.0115292675729728,FALSE,FALSE,TRUE
4096,0.9,104,"x8","x15","none","none","R3",NA,1,FALSE,0,FALSE,FALSE,NA,NA,0.00326849410961639,FALSE,FALSE,TRUE
4096,0.9,104,"x8","x9","none","none","R3",NA,1,FALSE,0,FALSE,FALSE,NA,NA,0.0217208443127496,FALSE,FALSE,TRUE
4096,0.9,104,"x9","x10","none","none","R3",NA,1,FALSE,0,TRUE,FALSE,NA,NA,0.000533105696173718,FALSE,FALSE,TRUE
4096,0.9,104,"x9","x11","none","none","R3",NA,1,FALSE,0,FALSE,FALSE,NA,NA,0.0238144520883813,FALSE,FALSE,TRUE
4096,0.9,104,"x9","x12","none","none","R3",NA,1,FALSE,0,FALSE,FALSE,NA,NA,0.0061878602649329,FALSE,FALSE,TRUE
4096,0.9,104,"x9","x13","none","a<b","R2",1,1,FALSE,0,TRUE,TRUE,NA,NA,0.0847398295327985,FALSE,TRUE,FALSE
4096,0.9,104,"x9","x14","none","none","R3",NA,1,FALSE,0,FALSE,FALSE,NA,NA,0.00399106547098534,FALSE,FALSE,TRUE
4096,0.9,104,"x9","x15","none","none","R3",NA,1,FALSE,0,FALSE,TRUE,NA,NA,0.0187839742089875,FALSE,FALSE,TRUE
4096,0.9,105,"x1","x10","none","none","R3",NA,1,FALSE,0,FALSE,FALSE,NA,NA,0.0105784024148433,FALSE,FALSE,TRUE
4096,0.9,105,"x1","x11","none","none","R3",NA,1,FALSE,0,FALSE,FALSE,NA,NA,0.00131436722060848,FALSE,FALSE,TRUE
4096,0.9,105,"x1","x12","none","none","R3",NA,1,FALSE,0,FALSE,FALSE,NA,NA,0.0297049472197818,FALSE,FALSE,TRUE
4096,0.9,105,"x1","x13","none","none","R3",NA,1,FALSE,0,FALSE,FALSE,NA,NA,0.00651231029793454,FALSE,FALSE,TRUE
4096,0.9,105,"x1","x14","none","none","R3",NA,1,FALSE,0,FALSE,FALSE,NA,NA,0.0316278004097594,FALSE,FALSE,TRUE
4096,0.9,105,"x1","x15","none","none","R3",NA,1,FALSE,0,TRUE,FALSE,NA,NA,0.0253789061481765,FALSE,FALSE,TRUE
4096,0.9,105,"x1","x2","none","none","R3",NA,1,FALSE,0,FALSE,FALSE,NA,NA,0.0135211701473523,FALSE,FALSE,TRUE
4096,0.9,105,"x1","x3","none","none","R3",NA,1,FALSE,0,FALSE,FALSE,NA,NA,0.0131391668741441,FALSE,FALSE,TRUE
4096,0.9,105,"x1","x4","none","none","R3",NA,1,FALSE,0,FALSE,FALSE,NA,NA,0.00524369716836182,FALSE,FALSE,TRUE
4096,0.9,105,"x1","x5","none","none","R3",NA,1,FALSE,0,FALSE,FALSE,NA,NA,0.0131654363219262,FALSE,FALSE,TRUE
4096,0.9,105,"x1","x6","none","none","R3",NA,1,FALSE,0,TRUE,FALSE,NA,NA,0.0117582830280596,FALSE,FALSE,TRUE
4096,0.9,105,"x1","x7","a<b","a<b","R1",2,1,TRUE,1,FALSE,FALSE,1,2,0.349035200617126,TRUE,TRUE,TRUE
4096,0.9,105,"x1","x8","none","none","R3",NA,1,FALSE,0,FALSE,FALSE,NA,NA,0.0021258600549262,FALSE,FALSE,TRUE
4096,0.9,105,"x1","x9","none","none","R3",NA,1,FALSE,0,FALSE,FALSE,NA,NA,0.0191771851415069,FALSE,FALSE,TRUE
4096,0.9,105,"x10","x11","none","none","R3",NA,1,FALSE,0,TRUE,FALSE,NA,NA,0.0294970447493968,FALSE,FALSE,TRUE
4096,0.9,105,"x10","x12","none","none","R3",NA,1,FALSE,0,TRUE,FALSE,NA,NA,0.0102519331294614,FALSE,FALSE,TRUE
4096,0.9,105,"x10","x13","none","none","R3",NA,1,FALSE,0,TRUE,FALSE,NA,NA,0.0126202243902956,FALSE,FALSE,TRUE
4096,0.9,105,"x10","x14","none","none","R3",NA,1,FALSE,0,FALSE,FALSE,NA,NA,0.0048140630047062,FALSE,FALSE,TRUE
4096,0.9,105,"x10","x15","none","none","R3",NA,1,FALSE,0,FALSE,FALSE,NA,NA,0.0153076390285229,FALSE,FALSE,TRUE
4096,0.9,105,"x11","x12","none","none","R3",NA,1,FALSE,0,TRUE,FALSE,NA,NA,0.023941767034166,FALSE,FALSE,TRUE
4096,0.9,105,"x11","x13","none","a<b","R2",1,1,FALSE,0,TRUE,TRUE,NA,NA,0.114681369702652,FALSE,TRUE,FALSE
4096,0.9,105,"x11","x14","none","none","R3",NA,1,FALSE,0,TRUE,FALSE,NA,NA,0.00874551543811935,FALSE,FALSE,TRUE
4096,0.9,105,"x11","x15","none","none","R3",NA,1,FALSE,0,FALSE,TRUE,NA,NA,0.0352187774092038,FALSE,FALSE,TRUE
4096,0.9,105,"x12","x13","none","none","R3",NA,1,FALSE,0,FALSE,FALSE,NA,NA,0.00985808166531935,FALSE,FALSE,TRUE
4096,0.9,105,"x12","x14","a<b","a<b","R1",6,1,TRUE,1,FALSE,FALSE,2,5,0.214856628333974,TRUE,TRUE,TRUE
4096,0.9,105,"x12","x15","none","none","R3",NA,1,FALSE,0,TRUE,FALSE,NA,NA,0.0134761051501,FALSE,FALSE,TRUE
4096,0.9,105,"x13","x14","none","none","R3",NA,1,FALSE,0,FALSE,FALSE,NA,NA,0.0359669496515338,FALSE,FALSE,TRUE
4096,0.9,105,"x13","x15","a<b","a<b","R1",5,1,TRUE,1,FALSE,FALSE,1,6,0.281731402460342,TRUE,TRUE,TRUE
4096,0.9,105,"x14","x15","none","none","R3",NA,1,FALSE,0,FALSE,FALSE,NA,NA,0.000764178979235499,FALSE,FALSE,TRUE
4096,0.9,105,"x2","x10","none","none","R3",NA,1,FALSE,0,FALSE,FALSE,NA,NA,0.00800382923337766,FALSE,FALSE,TRUE
4096,0.9,105,"x2","x11","a<b","a<b","R1",3,1,TRUE,1,FALSE,FALSE,2,4,0.254497178778807,TRUE,TRUE,TRUE
4096,0.9,105,"x2","x12","none","none","R3",NA,1,FALSE,0,FALSE,FALSE,NA,NA,0.0130649339932638,FALSE,FALSE,TRUE
4096,0.9,105,"x2","x13","none","none","R3",NA,1,FALSE,0,FALSE,FALSE,NA,NA,0.0231617062477242,FALSE,FALSE,TRUE
4096,0.9,105,"x2","x14","none","none","R3",NA,1,FALSE,0,FALSE,FALSE,NA,NA,0.0164022201815931,FALSE,FALSE,TRUE
4096,0.9,105,"x2","x15","none","none","R3",NA,1,FALSE,0,FALSE,FALSE,NA,NA,0.0161064420525563,FALSE,FALSE,TRUE
4096,0.9,105,"x2","x3","none","none","R3",NA,1,FALSE,0,FALSE,FALSE,NA,NA,0.00544102871035594,FALSE,FALSE,TRUE
4096,0.9,105,"x2","x4","none","none","R3",NA,1,FALSE,0,FALSE,FALSE,NA,NA,0.0120871813035112,FALSE,FALSE,TRUE
4096,0.9,105,"x2","x5","none","none","R3",NA,1,FALSE,0,FALSE,FALSE,NA,NA,0.0146907668575945,FALSE,FALSE,TRUE
4096,0.9,105,"x2","x6","none","none","R3",NA,1,FALSE,0,FALSE,FALSE,NA,NA,0.00955899847812718,FALSE,FALSE,TRUE
4096,0.9,105,"x2","x7","none","none","R3",NA,1,FALSE,0,FALSE,FALSE,NA,NA,0.0144743221333372,FALSE,FALSE,TRUE
4096,0.9,105,"x2","x8","none","none","R3",NA,1,FALSE,0,FALSE,FALSE,NA,NA,0.0062706181132936,FALSE,FALSE,TRUE
4096,0.9,105,"x2","x9","none","none","R3",NA,1,FALSE,0,FALSE,FALSE,NA,NA,0.0382905288125154,FALSE,FALSE,TRUE
4096,0.9,105,"x3","x10","none","none","R3",NA,1,FALSE,0,FALSE,FALSE,NA,NA,0.0305715359756517,FALSE,FALSE,TRUE
4096,0.9,105,"x3","x11","none","none","R3",NA,1,FALSE,0,FALSE,FALSE,NA,NA,0.0239759003951754,FALSE,FALSE,TRUE
4096,0.9,105,"x3","x12","none","none","R3",NA,1,FALSE,0,FALSE,FALSE,NA,NA,0.000714962370349962,FALSE,FALSE,TRUE
4096,0.9,105,"x3","x13","none","none","R3",NA,1,FALSE,0,FALSE,FALSE,NA,NA,0.0122201960723053,FALSE,FALSE,TRUE
4096,0.9,105,"x3","x14","none","none","R3",NA,1,FALSE,0,FALSE,FALSE,NA,NA,0.0144657367187167,FALSE,FALSE,TRUE
4096,0.9,105,"x3","x15","none","none","R3",NA,1,FALSE,0,FALSE,FALSE,NA,NA,0.00693387038128535,FALSE,FALSE,TRUE
4096,0.9,105,"x3","x4","none","none","R3",NA,1,FALSE,0,FALSE,FALSE,NA,NA,0.00460138057897672,FALSE,FALSE,TRUE
4096,0.9,105,"x3","x5","none","none","R3",NA,1,FALSE,0,FALSE,FALSE,NA,NA,0.00781571948057487,FALSE,FALSE,TRUE
4096,0.9,105,"x3","x6","none","none","R3",NA,1,FALSE,0,FALSE,FALSE,NA,NA,0.0194696001655987,FALSE,FALSE,TRUE
4096,0.9,105,"x3","x7","none","none","R3",NA,1,FALSE,0,FALSE,FALSE,NA,NA,0.00736780506255289,FALSE,FALSE,TRUE
4096,0.9,105,"x3","x8","none","none","R3",NA,1,FALSE,0,FALSE,FALSE,NA,NA,0.00459888040334466,FALSE,FALSE,TRUE
4096,0.9,105,"x3","x9","none","none","R3",NA,1,FALSE,0,TRUE,FALSE,NA,NA,0.0195102547821141,FALSE,FALSE,TRUE
4096,0.9,105,"x4","x10","none","none","R3",NA,1,FALSE,0,TRUE,FALSE,NA,NA,0.00486414230854087,FALSE,FALSE,TRUE
4096,0.9,105,"x4","x11","none","none","R3",NA,1,FALSE,0,FALSE,FALSE,NA,NA,0.00464352630263133,FALSE,FALSE,TRUE
4096,0.9,105,"x4","x12","none","none","R3",NA,1,FALSE,0,TRUE,FALSE,NA,NA,0.0064496328940353,FALSE,FALSE,TRUE
4096,0.9,105,"x4","x13","none","none","R3",NA,1,FALSE,0,FALSE,FALSE,NA,NA,0.0111726656130466,FALSE,FALSE,TRUE
4096,0.9,105,"x4","x14","none","none","R3",NA,1,FALSE,0,FALSE,FALSE,NA,NA,0.0168385438293281,FALSE,FALSE,TRUE
4096,0.9,105,"x4","x15","none","none","R3",NA,1,FALSE,0,FALSE,FALSE,NA,NA,0.0220600511721572,FALSE,FALSE,TRUE
4096,0.9,105,"x4","x5","none","none","R3",NA,1,FALSE,0,TRUE,FALSE,NA,NA,0.0158120052059298,FALSE,FALSE,TRUE
4096,0.9,105,"x4","x6","none","none","R3",NA,1,FALSE,0,FALSE,FALSE,NA,NA,0.0355222125545002,FALSE,FALSE,TRUE
4096,0.9,105,"x4","x7","none","none","R3",NA,1,FALSE,0,TRUE,FALSE,NA,NA,0.00398591211021639,FALSE,FALSE,TRUE
4096,0.9,105,"x4","x8","none","none","R3",NA,1,FALSE,0,FALSE,FALSE,NA,NA,0.0204246875482654,FALSE,FALSE,TRUE
4096,0.9,105,"x4","x9","none","none","R3",NA,1,FALSE,0,FALSE,FALSE,NA,NA,0.0204255111388932,FALSE,FALSE,TRUE
4096,0.9,105,"x5","x10","none","none","R3",NA,1,FALSE,0,TRUE,FALSE,NA,NA,0.0165059742869334,FALSE,FALSE,TRUE
4096,0.9,105,"x5","x11","none","none","R3",NA,1,FALSE,0,FALSE,FALSE,NA,NA,0.0061893064533072,FALSE,FALSE,TRUE
4096,0.9,105,"x5","x12","none","none","R3",NA,1,FALSE,0,FALSE,FALSE,NA,NA,0.014856760288409,FALSE,FALSE,TRUE
4096,0.9,105,"x5","x13","none","none","R3",NA,1,FALSE,0,TRUE,FALSE,NA,NA,0.00909051826907266,FALSE,FALSE,TRUE
4096,0.9,105,"x5","x14","a<b","a<b","R1",6,1,TRUE,1,FALSE,FALSE,2,5,0.208850307693815,TRUE,TRUE,TRUE
4096,0.9,105,"x5","x15","none","none","R3",NA,1,FALSE,0,FALSE,FALSE,NA,NA,0.0226270927796876,FALSE,FALSE,TRUE
4096,0.9,105,"x5","x6","none","none","R3",NA,1,FALSE,0,FALSE,FALSE,NA,NA,0.00206518431475894,FALSE,FALSE,TRUE
4096,0.9,105,"x5","x7","none","none","R3",NA,1,FALSE,0,TRUE,FALSE,NA,NA,0.00937085435206246,FALSE,FALSE,TRUE
4096,0.9,105,"x5","x8","none","none","R3",NA,1,FALSE,0,FALSE,FALSE,NA,NA,0.011352674029395,FALSE,FALSE,TRUE
4096,0.9,105,"x5","x9","none","none","R3",NA,1,FALSE,0,FALSE,FALSE,NA,NA,0.0300934861369631,FALSE,FALSE,TRUE
4096,0.9,105,"x6","x10","none","none","R3",NA,1,FALSE,0,FALSE,FALSE,NA,NA,0.0244235245146363,FALSE,FALSE,TRUE
4096,0.9,105,"x6","x11","none","none","R3",NA,1,FALSE,0,TRUE,FALSE,NA,NA,0.0174318653402923,FALSE,FALSE,TRUE
4096,0.9,105,"x6","x12","none","none","R3",NA,1,FALSE,0,TRUE,FALSE,NA,NA,0.0189328664389828,FALSE,FALSE,TRUE
4096,0.9,105,"x6","x13","none","none","R3",NA,1,FALSE,0,FALSE,FALSE,NA,NA,0.0171600506422474,FALSE,FALSE,TRUE
4096,0.9,105,"x6","x14","none","none","R3",NA,1,FALSE,0,TRUE,FALSE,NA,NA,0.00131493396396377,FALSE,FALSE,TRUE
4096,0.9,105,"x6","x15","none","none","R3",NA,1,FALSE,0,TRUE,FALSE,NA,NA,0.00303709306364148,FALSE,FALSE,TRUE
4096,0.9,105,"x6","x7","none","none","R3",NA,1,FALSE,0,TRUE,FALSE,NA,NA,0.0163113987784344,FALSE,FALSE,TRUE
4096,0.9,105,"x6","x8","none","b<a","R1",1,1,FALSE,0,FALSE,FALSE,NA,NA,0.0470755485202648,FALSE,TRUE,FALSE
4096,0.9,105,"x6","x9","none","none","R3",NA,1,FALSE,0,FALSE,FALSE,NA,NA,0.00253251152353353,FALSE,FALSE,TRUE
4096,0.9,105,"x7","x10","none","none","R3",NA,1,FALSE,0,FALSE,FALSE,NA,NA,0.00279532970479724,FALSE,FALSE,TRUE
4096,0.9,105,"x7","x11","none","none","R3",NA,1,FALSE,0,FALSE,FALSE,NA,NA,0.0223738621362049,FALSE,FALSE,TRUE
4096,0.9,105,"x7","x12","none","none","R3",NA,1,FALSE,0,FALSE,FALSE,NA,NA,0.0103932574103865,FALSE,FALSE,TRUE
4096,0.9,105,"x7","x13","none","none","R3",NA,1,FALSE,0,FALSE,FALSE,NA,NA,0.014187801187169,FALSE,FALSE,TRUE
4096,0.9,105,"x7","x14","none","none","R3",NA,1,FALSE,0,FALSE,FALSE,NA,NA,0.0274831145429068,FALSE,FALSE,TRUE
4096,0.9,105,"x7","x15","none","none","R3",NA,1,FALSE,0,FALSE,FALSE,NA,NA,0.0159934487720057,FALSE,FALSE,TRUE
4096,0.9,105,"x7","x8","none","none","R3",NA,1,FALSE,0,FALSE,FALSE,NA,NA,0.0150055828407509,FALSE,FALSE,TRUE
4096,0.9,105,"x7","x9","none","none","R3",NA,1,FALSE,0,FALSE,FALSE,NA,NA,0.00655512577197658,FALSE,FALSE,TRUE
4096,0.9,105,"x8","x10","none","none","R3",NA,1,FALSE,0,TRUE,FALSE,NA,NA,0.00534695810129073,FALSE,FALSE,TRUE
4096,0.9,105,"x8","x11","a<b","a<b","R1",3,1,TRUE,1,TRUE,FALSE,2,4,0.228451292978079,TRUE,TRUE,TRUE
4096,0.9,105,"x8","x12","none","none","R3",NA,1,FALSE,0,TRUE,FALSE,NA,NA,0.00242134534694637,FALSE,FALSE,TRUE
4096,0.9,105,"x8","x13","a<b","a<b","R1",4,1,TRUE,1,TRUE,FALSE,1,2,0.300230041350655,TRUE,TRUE,TRUE
4096,0.9,105,"x8","x14","none","none","R3",NA,1,FALSE,0,FALSE,FALSE,NA,NA,0.00887753645404184,FALSE,FALSE,TRUE
4096,0.9,105,"x8","x15","a<b","a<b","R1",3,1,FALSE,1,FALSE,FALSE,1,6,0.0591348875853494,TRUE,TRUE,TRUE
4096,0.9,105,"x8","x9","none","none","R3",NA,1,FALSE,0,TRUE,FALSE,NA,NA,0.0209535151268029,FALSE,FALSE,TRUE
4096,0.9,105,"x9","x10","none","none","R3",NA,1,FALSE,0,TRUE,FALSE,NA,NA,0.00482170254363861,FALSE,FALSE,TRUE
4096,0.9,105,"x9","x11","none","none","R3",NA,1,FALSE,0,TRUE,FALSE,NA,NA,0.025999528671938,FALSE,FALSE,TRUE
4096,0.9,105,"x9","x12","none","none","R3",NA,1,FALSE,0,TRUE,FALSE,NA,NA,0.0087303363793246,FALSE,FALSE,TRUE
4096,0.9,105,"x9","x13","none","none","R3",NA,1,FALSE,0,FALSE,FALSE,NA,NA,4.61074719644152e-05,FALSE,FALSE,TRUE
4096,0.9,105,"x9","x14","none","none","R3",NA,1,FALSE,0,FALSE,FALSE,NA,NA,0.0134169711840998,FALSE,FALSE,TRUE
4096,0.9,105,"x9","x15","none","none","R3",NA,1,FALSE,0,FALSE,FALSE,NA,NA,0.0191600290966644,FALSE,FALSE,TRUE
4096,0.9,106,"x1","x10","none","none","R3",NA,1,FALSE,0,TRUE,FALSE,NA,NA,0.00443893002892292,FALSE,FALSE,TRUE
4096,0.9,106,"x1","x11","none","none","R3",NA,1,FALSE,0,FALSE,FALSE,NA,NA,0.00339700994623667,FALSE,FALSE,TRUE
4096,0.9,106,"x1","x12","none","none","R3",NA,1,FALSE,0,FALSE,FALSE,NA,NA,0.00723487992069807,FALSE,FALSE,TRUE
4096,0.9,106,"x1","x13","none","none","R3",NA,1,FALSE,0,FALSE,FALSE,NA,NA,0.0109195976841264,FALSE,FALSE,TRUE
4096,0.9,106,"x1","x14","none","none","R3",NA,1,FALSE,0,FALSE,FALSE,NA,NA,0.00756323249270335,FALSE,FALSE,TRUE
4096,0.9,106,"x1","x15","none","none","R3",NA,1,FALSE,0,FALSE,FALSE,NA,NA,0.00362390856197925,FALSE,FALSE,TRUE
4096,0.9,106,"x1","x2","none","none","R3",NA,1,FALSE,0,FALSE,FALSE,NA,NA,0.0125753849903404,FALSE,FALSE,TRUE
4096,0.9,106,"x1","x3","none","none","R3",NA,1,FALSE,0,TRUE,FALSE,NA,NA,0.0187660374567263,FALSE,FALSE,TRUE
4096,0.9,106,"x1","x4","a<b","a<b","R1",6,1,TRUE,1,TRUE,FALSE,1,7,0.211204721345582,TRUE,TRUE,TRUE
4096,0.9,106,"x1","x5","none","none","R3",NA,1,FALSE,0,TRUE,FALSE,NA,NA,0.00758289054056658,FALSE,FALSE,TRUE
4096,0.9,106,"x1","x6","none","none","R3",NA,1,FALSE,0,TRUE,FALSE,NA,NA,0.0291465242337662,FALSE,FALSE,TRUE
4096,0.9,106,"x1","x7","none","none","R3",NA,1,FALSE,0,TRUE,FALSE,NA,NA,0.00802737273446312,FALSE,FALSE,TRUE
4096,0.9,106,"x1","x8","none","none","R3",NA,1,FALSE,0,FALSE,FALSE,NA,NA,0.0169163125056364,FALSE,FALSE,TRUE
4096,0.9,106,"x1","x9","none","none","R3",NA,1,FALSE,0,FALSE,FALSE,NA,NA,0.00343223033271902,FALSE,FALSE,TRUE
4096,0.9,106,"x10","x11","none","none","R3",NA,1,FALSE,0,FALSE,FALSE,NA,NA,0.00342541617095967,FALSE,FALSE,TRUE
4096,0.9,106,"x10","x12","a<b","a<b","R1",6,1,TRUE,1,TRUE,FALSE,1,5,0.239714648320327,TRUE,TRUE,TRUE
4096,0.9,106,"x10","x13","a<b","a<b","R1",3,1,TRUE,2,TRUE,FALSE,4,10,0.21642281574354,TRUE,TRUE,TRUE
4096,0.9,106,"x10","x14","none","a<b","transitivity",NA,1,FALSE,0,TRUE,FALSE,NA,NA,0.0013786909506587,FALSE,TRUE,FALSE
4096,0.9,106,"x10","x15","none","none","R3",NA,1,FALSE,0,FALSE,FALSE,NA,NA,0.0118429568466186,FALSE,FALSE,TRUE
4096,0.9,106,"x11","x12","none","none","R3",NA,1,FALSE,0,TRUE,FALSE,NA,NA,0.0084540318949026,FALSE,FALSE,TRUE
4096,0.9,106,"x11","x13","none","none","R3",NA,1,FALSE,0,TRUE,FALSE,NA,NA,0.0211499203487882,FALSE,FALSE,TRUE
4096,0.9,106,"x11","x14","none","none","R3",NA,1,FALSE,0,FALSE,FALSE,NA,NA,0.0080231332035247,FALSE,FALSE,TRUE
4096,0.9,106,"x11","x15","none","none","R3",NA,1,FALSE,0,TRUE,FALSE,NA,NA,0.00750787842484648,FALSE,FALSE,TRUE
4096,0.9,106,"x12","x13","a<b","a<b","R1",3,1,TRUE,1,TRUE,TRUE,4,10,0.237563938895851,TRUE,TRUE,TRUE
4096,0.9,106,"x12","x14","none","a<b","transitivity",NA,1,FALSE,0,FALSE,FALSE,NA,NA,0.000263174260051872,FALSE,TRUE,FALSE
4096,0.9,106,"x12","x15","none","none","R3",NA,1,FALSE,0,FALSE,FALSE,NA,NA,0.0219407310001057,FALSE,FALSE,TRUE
4096,0.9,106,"x13","x14","none","a<b","transitivity",NA,1,FALSE,0,TRUE,TRUE,NA,NA,0.0282351163694393,FALSE,TRUE,FALSE
4096,0.9,106,"x13","x15","none","none","R3",NA,1,FALSE,0,TRUE,FALSE,NA,NA,0.00526553370620324,FALSE,FALSE,TRUE
4096,0.9,106,"x14","x15","none","none","R3",NA,1,FALSE,0,FALSE,FALSE,NA,NA,0.00482431173802753,FALSE,FALSE,TRUE
4096,0.9,106,"x2","x10","none","none","R3",NA,1,FALSE,0,TRUE,FALSE,NA,NA,0.00482076670118143,FALSE,FALSE,TRUE
4096,0.9,106,"x2","x11","none","none","R3",NA,1,FALSE,0,FALSE,FALSE,NA,NA,0.0215077509161839,FALSE,FALSE,TRUE
4096,0.9,106,"x2","x12","none","none","R3",NA,1,FALSE,0,FALSE,FALSE,NA,NA,0.00263768905844974,FALSE,FALSE,TRUE
4096,0.9,106,"x2","x13","a<b","none","R3",NA,1,FALSE,1,FALSE,FALSE,4,10,0.0148620040528761,TRUE,FALSE,FALSE
4096,0.9,106,"x2","x14","a<b","a<b","R1",1,1,FALSE,1,FALSE,FALSE,2,2,0.105718760445426,TRUE,TRUE,TRUE
4096,0.9,106,"x2","x15","none","none","R3",NA,1,FALSE,0,FALSE,FALSE,NA,NA,0.0257773547116603,FALSE,FALSE,TRUE
4096,0.9,106,"x2","x3","none","none","R3",NA,1,FALSE,0,TRUE,FALSE,NA,NA,0.00679316278498956,FALSE,FALSE,TRUE
4096,0.9,106,"x2","x4","none","none","R3",NA,1,FALSE,0,FALSE,FALSE,NA,NA,0.0102697538120634,FALSE,FALSE,TRUE
4096,0.9,106,"x2","x5","a<b","a<b","R1",3,1,TRUE,1,FALSE,FALSE,1,3,0.296446010070882,TRUE,TRUE,TRUE
4096,0.9,106,"x2","x6","none","none","R3",NA,1,FALSE,0,FALSE,FALSE,NA,NA,0.0158661169159284,FALSE,FALSE,TRUE
4096,0.9,106,"x2","x7","none","none","R3",NA,1,FALSE,0,FALSE,FALSE,NA,NA,0.00283448405970366,FALSE,FALSE,TRUE
4096,0.9,106,"x2","x8","none","none","R3",NA,1,FALSE,0,FALSE,FALSE,NA,NA,0.00454197814014661,FALSE,FALSE,TRUE
4096,0.9,106,"x2","x9","a<b","a<b","transitivity",NA,1,FALSE,1,FALSE,FALSE,2,5,0.0468436986399638,TRUE,TRUE,TRUE
4096,0.9,106,"x3","x10","none","none","R3",NA,1,FALSE,0,FALSE,FALSE,NA,NA,0.0138255744052272,FALSE,FALSE,TRUE
4096,0.9,106,"x3","x11","none","none","R3",NA,1,FALSE,0,FALSE,FALSE,NA,NA,0.0284061060470671,FALSE,FALSE,TRUE
4096,0.9,106,"x3","x12","none","none","R3",NA,1,FALSE,0,FALSE,FALSE,NA,NA,0.00176456608332368,FALSE,FALSE,TRUE
4096,0.9,106,"x3","x13","a<b","a<b","R1",1,2,FALSE,1,FALSE,FALSE,4,10,0.0450601063404014,TRUE,TRUE,TRUE
4096,0.9,106,"x3","x14","a<b","a<b","R1",3,1,TRUE,1,FALSE,FALSE,2,2,0.314859800393117,TRUE,TRUE,TRUE
4096,0.9,106,"x3","x15","none","none","R3",NA,1,FALSE,0,FALSE,FALSE,NA,NA,0.0208426759838763,FALSE,FALSE,TRUE
4096,0.9,106,"x3","x4","none","none","R3",NA,1,FALSE,0,FALSE,FALSE,NA,NA,0.0182950198798794,FALSE,FALSE,TRUE
4096,0.9,106,"x3","x5","none","a<b","transitivity",NA,2,FALSE,0,FALSE,FALSE,NA,NA,0.0170328600120501,FALSE,TRUE,FALSE
4096,0.9,106,"x3","x6","none","none","R3",NA,1,FALSE,0,FALSE,FALSE,NA,NA,0.0101025187612053,FALSE,FALSE,TRUE
4096,0.9,106,"x3","x7","none","none","R3",NA,1,FALSE,0,FALSE,FALSE,NA,NA,0.00736466849089787,FALSE,FALSE,TRUE
4096,0.9,106,"x3","x8","none","none","R3",NA,1,FALSE,0,TRUE,FALSE,NA,NA,0.0122451822745006,FALSE,FALSE,TRUE
4096,0.9,106,"x3","x9","a<b","a<b","R1",2,1,TRUE,1,FALSE,FALSE,2,5,0.23393939796299,TRUE,TRUE,TRUE
4096,0.9,106,"x4","x10","none","none","R3",NA,1,FALSE,0,TRUE,FALSE,NA,NA,0.0151466368977771,FALSE,FALSE,TRUE
4096,0.9,106,"x4","x11","none","none","R3",NA,1,FALSE,0,TRUE,FALSE,NA,NA,0.0217082953481289,FALSE,FALSE,TRUE
4096,0.9,106,"x4","x12","none","none","R3",NA,1,FALSE,0,TRUE,FALSE,NA,NA,0.00412291852959661,FALSE,FALSE,TRUE
4096,0.9,106,"x4","x13","none","none","R3",NA,1,FALSE,0,TRUE,FALSE,NA,NA,0.0100505470564428,FALSE,FALSE,TRUE
4096,0.9,106,"x4","x14","none","none","R3",NA,1,FALSE,0,TRUE,FALSE,NA,NA,0.0023191672963023,FALSE,FALSE,TRUE
4096,0.9,106,"x4","x15","none","none","R3",NA,1,FALSE,0,FALSE,FALSE,NA,NA,0.0131934484914077,FALSE,FALSE,TRUE
4096,0.9,106,"x4","x5","none","none","R3",NA,1,FALSE,0,FALSE,FALSE,NA,NA,0.00255211169367035,FALSE,FALSE,TRUE
4096,0.9,106,"x4","x6","none","none","R3",NA,1,FALSE,0,FALSE,FALSE,NA,NA,0.0133645530603242,FALSE,FALSE,TRUE
4096,0.9,106,"x4","x7","none","none","R3",NA,1,FALSE,0,FALSE,FALSE,NA,NA,0.0278508564211118,FALSE,FALSE,TRUE
4096,0.9,106,"x4","x8","none","none","R3",NA,1,FALSE,0,FALSE,FALSE,NA,NA,0.00132630515675581,FALSE,FALSE,TRUE
4096,0.9,106,"x4","x9","none","none","R3",NA,1,FALSE,0,FALSE,FALSE,NA,NA,0.00545876756555275,FALSE,FALSE,TRUE
4096,0.9,106,"x5","x10","none","b<a","transitivity",NA,1,FALSE,0,TRUE,FALSE,NA,NA,0.00221436742716609,FALSE,TRUE,FALSE
4096,0.9,106,"x5","x11","none","none","R3",NA,1,FALSE,0,FALSE,FALSE,NA,NA,0.00606947954653412,FALSE,FALSE,TRUE
4096,0.9,106,"x5","x12","none","b<a","transitivity",NA,1,FALSE,0,FALSE,FALSE,NA,NA,0.00778281118612976,FALSE,TRUE,FALSE
4096,0.9,106,"x5","x13","a<b","b<a","R1",1,1,FALSE,1,TRUE,FALSE,4,10,0.050736735203872,TRUE,TRUE,FALSE
4096,0.9,106,"x5","x14","a<b","a<b","R1",3,1,TRUE,1,TRUE,FALSE,2,2,0.337462972515356,TRUE,TRUE,TRUE
4096,0.9,106,"x5","x15","none","none","R3",NA,1,FALSE,0,FALSE,FALSE,NA,NA,0.00222440937621667,FALSE,FALSE,TRUE
4096,0.9,106,"x5","x6","none","none","R3",NA,1,FALSE,0,TRUE,FALSE,NA,NA,0.00609893548149476,FALSE,FALSE,TRUE
4096,0.9,106,"x5","x7","none","b<a","transitivity",NA,1,FALSE,0,FALSE,FALSE,NA,NA,0.00924527572371095,FALSE,TRUE,FALSE
4096,0.9,106,"x5","x8","none","none","R3",NA,1,FALSE,0,FALSE,FALSE,NA,NA,0.00382228459056271,FALSE,FALSE,TRUE
4096,0.9,106,"x5","x9","a<b","a<b","R1",3,1,TRUE,1,FALSE,FALSE,2,5,0.279957296359669,TRUE,TRUE,TRUE
4096,0.9,106,"x6","x10","none","none","R3",NA,1,FALSE,0,FALSE,FALSE,NA,NA,0.00327245850121185,FALSE,FALSE,TRUE
4096,0.9,106,"x6","x11","none","none","R3",NA,1,FALSE,0,FALSE,FALSE,NA,NA,0.0137326071704591,FALSE,FALSE,TRUE
4096,0.9,106,"x6","x12","none","none","R3",NA,1,FALSE,0,FALSE,FALSE,NA,NA,0.0219610268147765,FALSE,FALSE,TRUE
4096,0.9,106,"x6","x13","none","none","R3",NA,1,FALSE,0,TRUE,FALSE,NA,NA,0.000118830804349224,FALSE,FALSE,TRUE
4096,0.9,106,"x6","x14","none","none","R3",NA,1,FALSE,0,FALSE,FALSE,NA,NA,0.0078360716137139,FALSE,FALSE,TRUE
4096,0.9,106,"x6","x15","none","none","R3",NA,1,FALSE,0,FALSE,FALSE,NA,NA,0.0135314881112512,FALSE,FALSE,TRUE
4096,0.9,106,"x6","x7","none","none","R3",NA,1,FALSE,0,FALSE,FALSE,NA,NA,0.00548587945437665,FALSE,FALSE,TRUE
4096,0.9,106,"x6","x8","none","none","R3",NA,1,FALSE,0,TRUE,FALSE,NA,NA,0.00755474985751211,FALSE,FALSE,TRUE
4096,0.9,106,"x6","x9","none","none","R3",NA,1,FALSE,0,TRUE,FALSE,NA,NA,0.0159392521778246,FALSE,FALSE,TRUE
4096,0.9,106,"x7","x10","none","none","R3",NA,1,FALSE,0,TRUE,FALSE,NA,NA,0.0122913195682828,FALSE,FALSE,TRUE
4096,0.9,106,"x7","x11","none","none","R3",NA,1,FALSE,0,FALSE,FALSE,NA,NA,0.00498331902568476,FALSE,FALSE,TRUE
4096,0.9,106,"x7","x12","none","none","R3",NA,1,FALSE,0,FALSE,FALSE,NA,NA,0.0206655691313272,FALSE,FALSE,TRUE
4096,0.9,106,"x7","x13","a<b","a<b","R1",1,1,TRUE,1,FALSE,FALSE,4,10,0.185882169200143,TRUE,TRUE,TRUE
4096,0.9,106,"x7","x14","none","a<b","transitivity",NA,1,FALSE,0,FALSE,FALSE,NA,NA,0.00212065267028785,FALSE,TRUE,FALSE
4096,0.9,106,"x7","x15","none","none","R3",NA,1,FALSE,0,FALSE,FALSE,NA,NA,0.0216457729437408,FALSE,FALSE,TRUE
4096,0.9,106,"x7","x8","none","none","R3",NA,1,FALSE,0,FALSE,FALSE,NA,NA,0.00111693853251124,FALSE,FALSE,TRUE
4096,0.9,106,"x7","x9","none","a<b","transitivity",NA,1,FALSE,0,FALSE,FALSE,NA,NA,0.0142917327124901,FALSE,TRUE,FALSE
4096,0.9,106,"x8","x10","none","none","R3",NA,1,FALSE,0,FALSE,FALSE,NA,NA,0.00814088130628136,FALSE,FALSE,TRUE
4096,0.9,106,"x8","x11","none","none","R3",NA,1,FALSE,0,FALSE,FALSE,NA,NA,0.0109174123916631,FALSE,FALSE,TRUE
4096,0.9,106,"x8","x12","none","none","R3",NA,1,FALSE,0,TRUE,FALSE,NA,NA,0.0176603848293374,FALSE,FALSE,TRUE
4096,0.9,106,"x8","x13","none","none","R3",NA,1,FALSE,0,FALSE,FALSE,NA,NA,0.00567359125332117,FALSE,FALSE,TRUE
4096,0.9,106,"x8","x14","none","none","R3",NA,1,FALSE,0,FALSE,FALSE,NA,NA,0.0144677252659842,FALSE,FALSE,TRUE
4096,0.9,106,"x8","x15","none","none","R3",NA,1,FALSE,0,FALSE,FALSE,NA,NA,0.000967033834229884,FALSE,FALSE,TRUE
4096,0.9,106,"x8","x9","none","none","R3",NA,1,FALSE,0,FALSE,FALSE,NA,NA,0.00490249317730244,FALSE,FALSE,TRUE
4096,0.9,106,"x9","x10","none","b<a","transitivity",NA,1,FALSE,0,FALSE,FALSE,NA,NA,0.0252405257709497,FALSE,TRUE,FALSE
4096,0.9,106,"x9","x11","none","none","R3",NA,1,FALSE,0,FALSE,FALSE,NA,NA,0.00682748953998706,FALSE,FALSE,TRUE
4096,0.9,106,"x9","x12","none","b<a","transitivity",NA,1,FALSE,0,FALSE,FALSE,NA,NA,0.00328054771897285,FALSE,TRUE,FALSE
4096,0.9,106,"x9","x13","a<b","b<a","transitivity",NA,1,TRUE,1,TRUE,FALSE,4,10,0.219473593442662,TRUE,TRUE,FALSE
4096,0.9,106,"x9","x14","none","none","R3",NA,1,FALSE,0,TRUE,TRUE,NA,NA,0.00112531943818548,FALSE,FALSE,TRUE
4096,0.9,106,"x9","x15","none","none","R3",NA,1,FALSE,0,FALSE,FALSE,NA,NA,0.00988947792908576,FALSE,FALSE,TRUE
4096,0.9,107,"x1","x10","none","none","R3",NA,1,FALSE,0,TRUE,FALSE,NA,NA,0.0139393632348008,FALSE,FALSE,TRUE
4096,0.9,107,"x1","x11","a<b","a<b","R1",1,1,FALSE,1,TRUE,FALSE,2,4,0.0802393689519773,TRUE,TRUE,TRUE
4096,0.9,107,"x1","x12","none","none","R3",NA,1,FALSE,0,TRUE,FALSE,NA,NA,0.000370927119582529,FALSE,FALSE,TRUE
4096,0.9,107,"x1","x13","none","a<b","transitivity",NA,1,FALSE,0,TRUE,FALSE,NA,NA,0.00314372518637174,FALSE,TRUE,FALSE
4096,0.9,107,"x1","x14","a<b","b<a","R2",1,1,FALSE,2,FALSE,FALSE,2,5,0.095526655446327,TRUE,TRUE,FALSE
4096,0.9,107,"x1","x15","none","a<b","transitivity",NA,1,FALSE,0,FALSE,FALSE,NA,NA,0.00957654901601017,FALSE,TRUE,FALSE
4096,0.9,107,"x1","x2","none","b<a","transitivity",NA,1,FALSE,0,TRUE,FALSE,NA,NA,0.00127522820457601,FALSE,TRUE,FALSE
4096,0.9,107,"x1","x3","none","none","R3",NA,1,FALSE,0,FALSE,FALSE,NA,NA,0.012132595641252,FALSE,FALSE,TRUE
4096,0.9,107,"x1","x4","a<b","a<b","R1",6,1,TRUE,1,TRUE,FALSE,1,3,0.310657264753783,TRUE,TRUE,TRUE
4096,0.9,107,"x1","x5","none","none","R3",NA,1,FALSE,0,FALSE,FALSE,NA,NA,0.00602241891341775,FALSE,FALSE,TRUE
4096,0.9,107,"x1","x6","a<b","b<a","R1",1,1,FALSE,1,TRUE,FALSE,2,6,0.0909433092293275,TRUE,TRUE,FALSE
4096,0.9,107,"x1","x7","none","none","R3",NA,1,FALSE,0,TRUE,FALSE,NA,NA,0.0100716261525048,FALSE,FALSE,TRUE
4096,0.9,107,"x1","x8","a<b","a<b","R1",4,1,TRUE,2,TRUE,FALSE,2,7,0.24358332773605,TRUE,TRUE,TRUE
4096,0.9,107,"x1","x9","none","none","R3",NA,1,FALSE,0,FALSE,FALSE,NA,NA,0.0245085458042206,FALSE,FALSE,TRUE
4096,0.9,107,"x10","x11","none","none","R3",NA,1,FALSE,0,FALSE,FALSE,NA,NA,0.00653685273961634,FALSE,FALSE,TRUE
4096,0.9,107,"x10","x12","none","none","R3",NA,1,FALSE,0,FALSE,FALSE,NA,NA,0.00476936881994553,FALSE,FALSE,TRUE
4096,0.9,107,"x10","x13","a<b","NA","unresolved",NA,NA,TRUE,1,FALSE,FALSE,2,5,0.210884352773053,TRUE,FALSE,FALSE
4096,0.9,107,"x10","x14","none","none","R3",NA,1,FALSE,0,FALSE,FALSE,NA,NA,0.00504779651772917,FALSE,FALSE,TRUE
4096,0.9,107,"x10","x15","none","none","R3",NA,1,FALSE,0,TRUE,FALSE,NA,NA,0.00197914689760581,FALSE,FALSE,TRUE
4096,0.9,107,"x11","x12","none","none","R3",NA,1,FALSE,0,FALSE,FALSE,NA,NA,0.000961320996407423,FALSE,FALSE,TRUE
4096,0.9,107,"x11","x13","none","a<b","R1",1,1,FALSE,0,TRUE,TRUE,NA,NA,0.0681197548775534,FALSE,TRUE,FALSE
4096,0.9,107,"x11","x14","none","none","R3",NA,1,FALSE,0,TRUE,TRUE,NA,NA,0.0183290498020808,FALSE,FALSE,TRUE
4096,0.9,107,"x11","x15","none","a<b","R1",1,1,FALSE,0,TRUE,TRUE,NA,NA,0.138275522280194,FALSE,TRUE,FALSE
4096,0.9,107,"x12","x13","none","none","R3",NA,1,FALSE,0,TRUE,FALSE,NA,NA,0.01019819722467,FALSE,FALSE,TRUE
4096,0.9,107,"x12","x14","none","none","R3",NA,1,FALSE,0,FALSE,FALSE,NA,NA,0.0136490268870401,FALSE,FALSE,TRUE
4096,0.9,107,"x12","x15","none","none","R3",NA,1,FALSE,0,FALSE,FALSE,NA,NA,0.00606000191023333,FALSE,FALSE,TRUE
4096,0.9,107,"x13","x14","none","none","R3",NA,1,FALSE,0,FALSE,FALSE,NA,NA,0.0201118819721412,FALSE,FALSE,TRUE
4096,0.9,107,"x13","x15","none","b<a","R2",2,1,FALSE,0,TRUE,TRUE,NA,NA,0.0986051434783801,FALSE,TRUE,FALSE
4096,0.9,107,"x14","x15","none","none","R3",NA,1,FALSE,0,FALSE,FALSE,NA,NA,0.0254091075519019,FALSE,FALSE,TRUE
4096,0.9,107,"x2","x10","none","none","R3",NA,1,FALSE,0,TRUE,FALSE,NA,NA,0.0197011272722125,FALSE,FALSE,TRUE
4096,0.9,107,"x2","x11","none","a<b","transitivity",NA,1,FALSE,0,FALSE,FALSE,NA,NA,0.00112118940541118,FALSE,TRUE,FALSE
4096,0.9,107,"x2","x12","none","none","R3",NA,1,FALSE,0,TRUE,FALSE,NA,NA,0.0188334441190973,FALSE,FALSE,TRUE
4096,0.9,107,"x2","x13","none","a<b","transitivity",NA,1,FALSE,0,FALSE,FALSE,NA,NA,0.0414217515609555,FALSE,TRUE,FALSE
4096,0.9,107,"x2","x14","a<b","a<b","R1",1,1,FALSE,1,FALSE,FALSE,2,5,0.139748241949694,TRUE,TRUE,TRUE
4096,0.9,107,"x2","x15","none","a<b","transitivity",NA,1,FALSE,0,FALSE,FALSE,NA,NA,0.00613926127912662,FALSE,TRUE,FALSE
4096,0.9,107,"x2","x3","none","none","R3",NA,1,FALSE,0,TRUE,FALSE,NA,NA,0.00507746565883937,FALSE,FALSE,TRUE
4096,0.9,107,"x2","x4","none","a<b","transitivity",NA,1,FALSE,0,TRUE,FALSE,NA,NA,0.0262796499090405,FALSE,TRUE,FALSE
4096,0.9,107,"x2","x5","a<b","a<b","R1",7,1,TRUE,1,FALSE,FALSE,1,1,0.418622001613638,TRUE,TRUE,TRUE
4096,0.9,107,"x2","x6","a<b","a<b","R1",2,1,TRUE,1,TRUE,FALSE,2,6,0.207494422982417,TRUE,TRUE,TRUE
4096,0.9,107,"x2","x7","none","none","R3",NA,1,FALSE,0,TRUE,FALSE,NA,NA,0.0112303049043068,FALSE,FALSE,TRUE
4096,0.9,107,"x2","x8","none","a<b","transitivity",NA,1,FALSE,0,FALSE,FALSE,NA,NA,0.00416775647853196,FALSE,TRUE,FALSE
4096,0.9,107,"x2","x9","none","none","R3",NA,1,FALSE,0,FALSE,FALSE,NA,NA,0.0240590872937586,FALSE,FALSE,TRUE
4096,0.9,107,"x3","x10","none","none","R3",NA,1,FALSE,0,FALSE,FALSE,NA,NA,0.0095341119097474,FALSE,FALSE,TRUE
4096,0.9,107,"x3","x11","a<b","a<b","R1",2,1,TRUE,1,FALSE,FALSE,2,4,0.208926614033336,TRUE,TRUE,TRUE
4096,0.9,107,"x3","x12","none","none","R3",NA,1,FALSE,0,TRUE,FALSE,NA,NA,0.0150086800199873,FALSE,FALSE,TRUE
4096,0.9,107,"x3","x13","a<b","a<b","R1",2,1,TRUE,1,FALSE,FALSE,2,5,0.200140652561475,TRUE,TRUE,TRUE
4096,0.9,107,"x3","x14","none","none","R3",NA,1,FALSE,0,FALSE,FALSE,NA,NA,0.00313789411218746,FALSE,FALSE,TRUE
4096,0.9,107,"x3","x15","a<b","a<b","R1",3,1,TRUE,1,FALSE,FALSE,1,3,0.364058447330114,TRUE,TRUE,TRUE
4096,0.9,107,"x3","x4","none","none","R3",NA,1,FALSE,0,FALSE,FALSE,NA,NA,0.0161291457232456,FALSE,FALSE,TRUE
4096,0.9,107,"x3","x5","none","none","R3",NA,1,FALSE,0,FALSE,FALSE,NA,NA,0.031615808340232,FALSE,FALSE,TRUE
4096,0.9,107,"x3","x6","none","none","R3",NA,1,FALSE,0,TRUE,FALSE,NA,NA,0.0230822271195315,FALSE,FALSE,TRUE
4096,0.9,107,"x3","x7","none","none","R3",NA,1,FALSE,0,FALSE,FALSE,NA,NA,0.00206191899833179,FALSE,FALSE,TRUE
4096,0.9,107,"x3","x8","none","none","R3",NA,1,FALSE,0,FALSE,FALSE,NA,NA,0.0281686239718976,FALSE,FALSE,TRUE
4096,0.9,107,"x3","x9","none","none","R3",NA,1,FALSE,0,FALSE,FALSE,NA,NA,0.0174625927037392,FALSE,FALSE,TRUE
4096,0.9,107,"x4","x10","none","none","R3",NA,1,FALSE,0,TRUE,FALSE,NA,NA,0.0173010373869887,FALSE,FALSE,TRUE
4096,0.9,107,"x4","x11","a<b","a<b","R1",4,1,TRUE,1,FALSE,FALSE,2,4,0.25353415017179,TRUE,TRUE,TRUE
4096,0.9,107,"x4","x12","none","none","R3",NA,1,FALSE,0,TRUE,FALSE,NA,NA,0.00848463747959355,FALSE,FALSE,TRUE
4096,0.9,107,"x4","x13","none","a<b","transitivity",NA,1,FALSE,0,TRUE,FALSE,NA,NA,0.00443458079540286,FALSE,TRUE,FALSE
4096,0.9,107,"x4","x14","a<b","NA","unresolved",NA,NA,FALSE,1,FALSE,TRUE,2,5,0.0989462765235613,TRUE,FALSE,FALSE
4096,0.9,107,"x4","x15","none","a<b","transitivity",NA,1,FALSE,0,FALSE,FALSE,NA,NA,0.0130653785598917,FALSE,TRUE,FALSE
4096,0.9,107,"x4","x5","none","none","R3",NA,1,FALSE,0,FALSE,FALSE,NA,NA,0.027682326926996,FALSE,FALSE,TRUE
4096,0.9,107,"x4","x6","a<b","b<a","transitivity",NA,1,TRUE,1,FALSE,FALSE,2,6,0.242667164904563,TRUE,TRUE,FALSE
4096,0.9,107,"x4","x7","none","none","R3",NA,1,FALSE,0,FALSE,FALSE,NA,NA,0.00581565490631844,FALSE,FALSE,TRUE
4096,0.9,107,"x4","x8","a<b","a<b","R1",6,1,TRUE,1,TRUE,TRUE,2,7,0.273078856576072,TRUE,TRUE,TRUE
4096,0.9,107,"x4","x9","none","none","R3",NA,1,FALSE,0,FALSE,FALSE,NA,NA,0.00295022326649894,FALSE,FALSE,TRUE
4096,0.9,107,"x5","x10","none","none","R3",NA,1,FALSE,0,FALSE,FALSE,NA,NA,0.0140933629886483,FALSE,FALSE,TRUE
4096,0.9,107,"x5","x11","none","none","R3",NA,1,FALSE,0,FALSE,FALSE,NA,NA,0.0092764131884358,FALSE,FALSE,TRUE
4096,0.9,107,"x5","x12","none","none","R3",NA,1,FALSE,0,FALSE,FALSE,NA,NA,0.0021099156046087,FALSE,FALSE,TRUE
4096,0.9,107,"x5","x13","none","none","R3",NA,1,FALSE,0,FALSE,FALSE,NA,NA,0.0101686531708358,FALSE,FALSE,TRUE
4096,0.9,107,"x5","x14","a<b","a<b","R1",2,1,TRUE,1,FALSE,FALSE,2,5,0.300872058963579,TRUE,TRUE,TRUE
4096,0.9,107,"x5","x15","none","none","R3",NA,1,FALSE,0,FALSE,FALSE,NA,NA,0.035814272796412,FALSE,FALSE,TRUE
4096,0.9,107,"x5","x6","none","a<b","R2",1,1,FALSE,0,TRUE,TRUE,NA,NA,0.128440812390163,FALSE,TRUE,FALSE
4096,0.9,107,"x5","x7","none","none","R3",NA,1,FALSE,0,FALSE,FALSE,NA,NA,0.00359631764908044,FALSE,FALSE,TRUE
4096,0.9,107,"x5","x8","none","none","R3",NA,1,FALSE,0,FALSE,FALSE,NA,NA,0.0318685106706999,FALSE,FALSE,TRUE
4096,0.9,107,"x5","x9","none","none","R3",NA,1,FALSE,0,FALSE,FALSE,NA,NA,0.0336396343030952,FALSE,FALSE,TRUE
4096,0.9,107,"x6","x10","none","none","R3",NA,1,FALSE,0,TRUE,FALSE,NA,NA,0.00410258129972744,FALSE,FALSE,TRUE
4096,0.9,107,"x6","x11","none","a<b","transitivity",NA,1,FALSE,0,TRUE,TRUE,NA,NA,0.106445080425238,FALSE,TRUE,FALSE
4096,0.9,107,"x6","x12","none","none","R3",NA,1,FALSE,0,TRUE,FALSE,NA,NA,0.00699095927027732,FALSE,FALSE,TRUE
4096,0.9,107,"x6","x13","none","a<b","transitivity",NA,1,FALSE,0,FALSE,FALSE,NA,NA,0.0369286179247197,FALSE,TRUE,FALSE
4096,0.9,107,"x6","x14","none","none","R3",NA,1,FALSE,0,FALSE,TRUE,NA,NA,0.00411507377603444,FALSE,FALSE,TRUE
4096,0.9,107,"x6","x15","none","a<b","transitivity",NA,1,FALSE,0,FALSE,FALSE,NA,NA,0.0324069041224825,FALSE,TRUE,FALSE
4096,0.9,107,"x6","x7","none","none","R3",NA,1,FALSE,0,TRUE,FALSE,NA,NA,0.00851456089127205,FALSE,FALSE,TRUE
4096,0.9,107,"x6","x8","none","a<b","transitivity",NA,1,FALSE,0,TRUE,TRUE,NA,NA,0.100510931948694,FALSE,TRUE,FALSE
4096,0.9,107,"x6","x9","none","none","R3",NA,1,FALSE,0,TRUE,FALSE,NA,NA,0.000117214848382035,FALSE,FALSE,TRUE
4096,0.9,107,"x7","x10","a<b","a<b","R1",1,1,FALSE,1,TRUE,FALSE,1,6,0.0793243263877962,TRUE,TRUE,TRUE
4096,0.9,107,"x7","x11","none","none","R3",NA,1,FALSE,0,FALSE,FALSE,NA,NA,0.0118642933694944,FALSE,FALSE,TRUE
4096,0.9,107,"x7","x12","none","none","R3",NA,1,FALSE,0,FALSE,FALSE,NA,NA,0.00382679639406374,FALSE,FALSE,TRUE
4096,0.9,107,"x7","x13","a<b","none","R3",NA,1,FALSE,1,FALSE,FALSE,2,5,0.0212478638070833,TRUE,FALSE,FALSE
4096,0.9,107,"x7","x14","none","none","R3",NA,1,FALSE,0,FALSE,FALSE,NA,NA,0.00993236701513079,FALSE,FALSE,TRUE
4096,0.9,107,"x7","x15","none","none","R3",NA,1,FALSE,0,FALSE,FALSE,NA,NA,0.0184070662362642,FALSE,FALSE,TRUE
4096,0.9,107,"x7","x8","none","none","R3",NA,1,FALSE,0,FALSE,FALSE,NA,NA,0.00140125601847905,FALSE,FALSE,TRUE
4096,0.9,107,"x7","x9","a<b","a<b","R1",2,1,TRUE,1,FALSE,FALSE,1,3,0.315424551110576,TRUE,TRUE,TRUE
4096,0.9,107,"x8","x10","none","none","R3",NA,1,FALSE,0,TRUE,FALSE,NA,NA,0.0169618750314147,FALSE,FALSE,TRUE
4096,0.9,107,"x8","x11","none","b<a","R2",1,1,FALSE,0,TRUE,TRUE,NA,NA,0.108078721819957,FALSE,TRUE,FALSE
4096,0.9,107,"x8","x12","none","none","R3",NA,1,FALSE,0,FALSE,FALSE,NA,NA,0.027874176601898,FALSE,FALSE,TRUE
4096,0.9,107,"x8","x13","none","none","R3",NA,1,FALSE,0,FALSE,FALSE,NA,NA,0.030870057090079,FALSE,FALSE,TRUE
4096,0.9,107,"x8","x14","a<b","NA","unresolved",NA,NA,TRUE,1,TRUE,FALSE,2,5,0.281982321569694,TRUE,FALSE,FALSE
4096,0.9,107,"x8","x15","none","none","R3",NA,1,FALSE,0,TRUE,FALSE,NA,NA,0.00284740452621272,FALSE,FALSE,TRUE
4096,0.9,107,"x8","x9","none","none","R3",NA,1,FALSE,0,TRUE,FALSE,NA,NA,0.00140916081726304,FALSE,FALSE,TRUE
4096,0.9,107,"x9","x10","a<b","a<b","R1",5,1,TRUE,1,FALSE,FALSE,1,6,0.274665735019562,TRUE,TRUE,TRUE
4096,0.9,107,"x9","x11","none","none","R3",NA,1,FALSE,0,TRUE,FALSE,NA,NA,0.00829604442990952,FALSE,FALSE,TRUE
4096,0.9,107,"x9","x12","none","none","R3",NA,1,FALSE,0,FALSE,FALSE,NA,NA,0.00565224859428566,FALSE,FALSE,TRUE
4096,0.9,107,"x9","x13","a<b","b<a","R2",1,1,FALSE,1,TRUE,FALSE,2,5,0.0425552153591465,TRUE,TRUE,FALSE
4096,0.9,107,"x9","x14","none","none","R3",NA,1,FALSE,0,FALSE,FALSE,NA,NA,0.036194385403093,FALSE,FALSE,TRUE
4096,0.9,107,"x9","x15","none","none","R3",NA,1,FALSE,0,TRUE,FALSE,NA,NA,0.0186802942788603,FALSE,FALSE,TRUE
4096,0.9,108,"x1","x10","none","none","R3",NA,1,FALSE,0,TRUE,FALSE,NA,NA,0.0152210303830582,FALSE,FALSE,TRUE
4096,0.9,108,"x1","x11","none","none","R3",NA,1,FALSE,0,TRUE,FALSE,NA,NA,0.00211840131839438,FALSE,FALSE,TRUE
4096,0.9,108,"x1","x12","none","a<b","transitivity",NA,2,FALSE,0,TRUE,FALSE,NA,NA,0.00890394895489208,FALSE,TRUE,FALSE
4096,0.9,108,"x1","x13","a<b","b<a","R1",1,1,FALSE,1,TRUE,FALSE,3,5,0.0596794834195302,TRUE,TRUE,FALSE
4096,0.9,108,"x1","x14","none","none","R3",NA,1,FALSE,0,FALSE,FALSE,NA,NA,0.0136929991852123,FALSE,FALSE,TRUE
4096,0.9,108,"x1","x15","a<b","a<b","R1",4,1,TRUE,2,TRUE,FALSE,2,12,0.1594055400449,TRUE,TRUE,TRUE
4096,0.9,108,"x1","x2","none","none","R3",NA,1,FALSE,0,TRUE,FALSE,NA,NA,0.0135780730848529,FALSE,FALSE,TRUE
4096,0.9,108,"x1","x3","none","b<a","transitivity",NA,1,FALSE,0,TRUE,FALSE,NA,NA,0.00565155197620976,FALSE,TRUE,FALSE
4096,0.9,108,"x1","x4","none","none","R3",NA,1,FALSE,0,TRUE,FALSE,NA,NA,2.08580674302492e-06,FALSE,FALSE,TRUE
4096,0.9,108,"x1","x5","none","none","R3",NA,1,FALSE,0,TRUE,FALSE,NA,NA,0.018957310989532,FALSE,FALSE,TRUE
4096,0.9,108,"x1","x6","none","none","R3",NA,1,FALSE,0,TRUE,FALSE,NA,NA,0.00148090005463066,FALSE,FALSE,TRUE
4096,0.9,108,"x1","x7","a<b","a<b","R1",3,1,TRUE,1,FALSE,FALSE,3,10,0.215309162648548,TRUE,TRUE,TRUE
4096,0.9,108,"x1","x8","none","none","R3",NA,1,FALSE,0,FALSE,FALSE,NA,NA,0.0229742105167496,FALSE,FALSE,TRUE
4096,0.9,108,"x1","x9","none","b<a","transitivity",NA,1,FALSE,0,FALSE,FALSE,NA,NA,0.0254552581623955,FALSE,TRUE,FALSE
4096,0.9,108,"x10","x11","none","none","R3",NA,1,FALSE,0,TRUE,FALSE,NA,NA,0.00252469074908274,FALSE,FALSE,TRUE
4096,0.9,108,"x10","x12","none","none","R3",NA,1,FALSE,0,TRUE,FALSE,NA,NA,0.0146524796401107,FALSE,FALSE,TRUE
4096,0.9,108,"x10","x13","none","none","R3",NA,1,FALSE,0,FALSE,FALSE,NA,NA,0.0155527552554518,FALSE,FALSE,TRUE
4096,0.9,108,"x10","x14","none","none","R3",NA,1,FALSE,0,FALSE,FALSE,NA,NA,0.0011794717479167,FALSE,FALSE,TRUE
4096,0.9,108,"x10","x15","none","none","R3",NA,1,FALSE,0,FALSE,FALSE,NA,NA,0.00878992748186777,FALSE,FALSE,TRUE
4096,0.9,108,"x11","x12","none","a<b","R1",1,1,FALSE,0,TRUE,TRUE,NA,NA,0.0603668169602626,FALSE,TRUE,FALSE
4096,0.9,108,"x11","x13","none","b<a","R2",3,1,FALSE,0,TRUE,TRUE,NA,NA,0.0587222567743213,FALSE,TRUE,FALSE
4096,0.9,108,"x11","x14","none","none","R3",NA,1,FALSE,0,FALSE,FALSE,NA,NA,0.00290816501238298,FALSE,FALSE,TRUE
4096,0.9,108,"x11","x15","none","none","R3",NA,1,FALSE,0,TRUE,TRUE,NA,NA,0.0200066260965542,FALSE,FALSE,TRUE
4096,0.9,108,"x12","x13","none","b<a","transitivity",NA,2,FALSE,0,TRUE,TRUE,NA,NA,0.0870489596297196,FALSE,TRUE,FALSE
4096,0.9,108,"x12","x14","none","none","R3",NA,1,FALSE,0,FALSE,FALSE,NA,NA,0.00387636055985311,FALSE,FALSE,TRUE
4096,0.9,108,"x12","x15","none","b<a","R1",1,2,FALSE,0,TRUE,TRUE,NA,NA,0.0458968526172829,FALSE,TRUE,FALSE
4096,0.9,108,"x13","x14","none","none","R3",NA,1,FALSE,0,FALSE,FALSE,NA,NA,0.00544170242416137,FALSE,FALSE,TRUE
4096,0.9,108,"x13","x15","a<b","a<b","R1",4,1,TRUE,1,FALSE,TRUE,2,12,0.174923169972514,TRUE,TRUE,TRUE
4096,0.9,108,"x14","x15","none","none","R3",NA,1,FALSE,0,TRUE,FALSE,NA,NA,0.0360132769372967,FALSE,FALSE,TRUE
4096,0.9,108,"x2","x10","none","none","R3",NA,1,FALSE,0,FALSE,FALSE,NA,NA,0.00309170166237947,FALSE,FALSE,TRUE
4096,0.9,108,"x2","x11","none","none","R3",NA,1,FALSE,0,TRUE,FALSE,NA,NA,0.0163393494686231,FALSE,FALSE,TRUE
4096,0.9,108,"x2","x12","none","none","R3",NA,1,FALSE,0,FALSE,FALSE,NA,NA,0.0198970600963745,FALSE,FALSE,TRUE
4096,0.9,108,"x2","x13","none","none","R3",NA,1,FALSE,0,TRUE,FALSE,NA,NA,0.0055047441808845,FALSE,FALSE,TRUE
4096,0.9,108,"x2","x14","a<b","a<b","R1",3,1,TRUE,1,TRUE,FALSE,2,4,0.202440081370897,TRUE,TRUE,TRUE
4096,0.9,108,"x2","x15","none","none","R3",NA,1,FALSE,0,TRUE,FALSE,NA,NA,0.029258884824272,FALSE,FALSE,TRUE
4096,0.9,108,"x2","x3","none","none","R3",NA,1,FALSE,0,TRUE,FALSE,NA,NA,0.0156980448449138,FALSE,FALSE,TRUE
4096,0.9,108,"x2","x4","none","none","R3",NA,1,FALSE,0,TRUE,FALSE,NA,NA,0.024598181640052,FALSE,FALSE,TRUE
4096,0.9,108,"x2","x5","none","none","R3",NA,1,FALSE,0,FALSE,FALSE,NA,NA,0.0343714469839754,FALSE,FALSE,TRUE
4096,0.9,108,"x2","x6","none","none","R3",NA,1,FALSE,0,FALSE,FALSE,NA,NA,0.0178047983388272,FALSE,FALSE,TRUE
4096,0.9,108,"x2","x7","none","none","R3",NA,1,FALSE,0,TRUE,FALSE,NA,NA,0.00592593252146929,FALSE,FALSE,TRUE
4096,0.9,108,"x2","x8","none","none","R3",NA,1,FALSE,0,FALSE,FALSE,NA,NA,0.00240540973591049,FALSE,FALSE,TRUE
4096,0.9,108,"x2","x9","none","none","R3",NA,1,FALSE,0,FALSE,FALSE,NA,NA,0.00538848172184776,FALSE,FALSE,TRUE
4096,0.9,108,"x3","x10","none","none","R3",NA,1,FALSE,0,FALSE,FALSE,NA,NA,0.0266189066418916,FALSE,FALSE,TRUE
4096,0.9,108,"x3","x11","a<b","a<b","R1",2,1,TRUE,1,TRUE,FALSE,2,10,0.185473084555709,TRUE,TRUE,TRUE
4096,0.9,108,"x3","x12","a<b","a<b","R1",1,1,TRUE,1,FALSE,FALSE,2,4,0.237881810366654,TRUE,TRUE,TRUE
4096,0.9,108,"x3","x13","a<b","a<b","R1",2,1,TRUE,1,FALSE,FALSE,3,5,0.229802948666598,TRUE,TRUE,TRUE
4096,0.9,108,"x3","x14","none","none","R3",NA,1,FALSE,0,TRUE,FALSE,NA,NA,0.0194147438630611,FALSE,FALSE,TRUE
4096,0.9,108,"x3","x15","a<b","a<b","transitivity",NA,1,FALSE,1,TRUE,FALSE,2,12,0.0350726229481528,TRUE,TRUE,TRUE
4096,0.9,108,"x3","x4","none","none","R3",NA,1,FALSE,0,TRUE,FALSE,NA,NA,0.00556455406077681,FALSE,FALSE,TRUE
4096,0.9,108,"x3","x5","none","none","R3",NA,1,FALSE,0,TRUE,FALSE,NA,NA,0.00975162396993497,FALSE,FALSE,TRUE
4096,0.9,108,"x3","x6","none","none","R3",NA,1,FALSE,0,FALSE,FALSE,NA,NA,0.0249063683031956,FALSE,FALSE,TRUE
4096,0.9,108,"x3","x7","none","a<b","transitivity",NA,1,FALSE,0,TRUE,FALSE,NA,NA,0.0212177835919929,FALSE,TRUE,FALSE
4096,0.9,108,"x3","x8","none","none","R3",NA,1,FALSE,0,FALSE,FALSE,NA,NA,0.00383486789203336,FALSE,FALSE,TRUE
4096,0.9,108,"x3","x9","none","none","R3",NA,1,FALSE,0,TRUE,FALSE,NA,NA,0.017911553854285,FALSE,FALSE,TRUE
4096,0.9,108,"x4","x10","none","none","R3",NA,1,FALSE,0,TRUE,FALSE,NA,NA,0.027161264515137,FALSE,FALSE,TRUE
4096,0.9,108,"x4","x11","none","none","R3",NA,1,FALSE,0,TRUE,FALSE,NA,NA,0.0170781946608577,FALSE,FALSE,TRUE
4096,0.9,108,"x4","x12","a<b","a<b","R1",4,1,TRUE,1,FALSE,FALSE,2,4,0.243679920781772,TRUE,TRUE,TRUE
4096,0.9,108,"x4","x13","a<b","a<b","R2",2,1,FALSE,1,TRUE,FALSE,3,5,0.0782529529577892,TRUE,TRUE,TRUE
4096,0.9,108,"x4","x14","none","none","R3",NA,1,FALSE,0,FALSE,FALSE,NA,NA,0.0205371507177981,FALSE,FALSE,TRUE
4096,0.9,108,"x4","x15","a<b","none","R3",NA,1,FALSE,1,TRUE,FALSE,2,12,0.0164618043874113,TRUE,FALSE,FALSE
4096,0.9,108,"x4","x5","none","none","R3",NA,1,FALSE,0,TRUE,FALSE,NA,NA,0.0157589105609772,FALSE,FALSE,TRUE
4096,0.9,108,"x4","x6","none","none","R3",NA,1,FALSE,0,TRUE,FALSE,NA,NA,0.00915892522060217,FALSE,FALSE,TRUE
4096,0.9,108,"x4","x7","a<b","a<b","R1",3,1,TRUE,1,TRUE,FALSE,3,10,0.229235523438587,TRUE,TRUE,TRUE
4096,0.9,108,"x4","x8","none","none","R3",NA,1,FALSE,0,TRUE,FALSE,NA,NA,0.0376710283427425,FALSE,FALSE,TRUE
4096,0.9,108,"x4","x9","none","none","R3",NA,1,FALSE,0,FALSE,FALSE,NA,NA,0.00184029102739732,FALSE,FALSE,TRUE
4096,0.9,108,"x5","x10","none","none","R3",NA,1,FALSE,0,FALSE,FALSE,NA,NA,0.00235203846815596,FALSE,FALSE,TRUE
4096,0.9,108,"x5","x11","none","none","R3",NA,1,FALSE,0,TRUE,FALSE,NA,NA,0.00131992889388634,FALSE,FALSE,TRUE
4096,0.9,108,"x5","x12","none","none","R3",NA,1,FALSE,0,FALSE,FALSE,NA,NA,0.0129616484724968,FALSE,FALSE,TRUE
4096,0.9,108,"x5","x13","a<b","b<a","R2",2,1,FALSE,1,TRUE,FALSE,3,5,0.0584128792054781,TRUE,TRUE,FALSE
4096,0.9,108,"x5","x14","none","none","R3",NA,1,FALSE,0,FALSE,FALSE,NA,NA,0.0031785035736757,FALSE,FALSE,TRUE
4096,0.9,108,"x5","x15","a<b","none","R3",NA,1,FALSE,1,TRUE,FALSE,2,12,0.00773008161708928,TRUE,FALSE,FALSE
4096,0.9,108,"x5","x6","none","none","R3",NA,1,FALSE,0,FALSE,FALSE,NA,NA,0.0104608796055544,FALSE,FALSE,TRUE
4096,0.9,108,"x5","x7","a<b","a<b","R1",3,1,TRUE,1,TRUE,FALSE,3,10,0.230185431892801,TRUE,TRUE,TRUE
4096,0.9,108,"x5","x8","none","b<a","R2",2,1,FALSE,0,FALSE,FALSE,NA,NA,0.0503709191650756,FALSE,TRUE,FALSE
4096,0.9,108,"x5","x9","none","none","R3",NA,1,FALSE,0,TRUE,FALSE,NA,NA,0.00479310004865239,FALSE,FALSE,TRUE
4096,0.9,108,"x6","x10","none","none","R3",NA,1,FALSE,0,FALSE,FALSE,NA,NA,0.0254638394013319,FALSE,FALSE,TRUE
4096,0.9,108,"x6","x11","a<b","a<b","R1",6,1,TRUE,1,TRUE,FALSE,2,10,0.202989751608266,TRUE,TRUE,TRUE
4096,0.9,108,"x6","x12","none","a<b","transitivity",NA,1,FALSE,0,TRUE,FALSE,NA,NA,0.0167798329452674,FALSE,TRUE,FALSE
4096,0.9,108,"x6","x13","none","none","R3",NA,1,FALSE,0,TRUE,FALSE,NA,NA,0.0155389322675805,FALSE,FALSE,TRUE
4096,0.9,108,"x6","x14","none","none","R3",NA,1,FALSE,0,FALSE,FALSE,NA,NA,0.00321209472183612,FALSE,FALSE,TRUE
4096,0.9,108,"x6","x15","none","none","R3",NA,1,FALSE,0,TRUE,FALSE,NA,NA,0.0206246581238366,FALSE,FALSE,TRUE
4096,0.9,108,"x6","x7","none","a<b","transitivity",NA,1,FALSE,0,TRUE,FALSE,NA,NA,0.00232795738538255,FALSE,TRUE,FALSE
4096,0.9,108,"x6","x8","none","none","R3",NA,1,FALSE,0,TRUE,FALSE,NA,NA,0.00384498739776057,FALSE,FALSE,TRUE
4096,0.9,108,"x6","x9","none","none","R3",NA,1,FALSE,0,TRUE,FALSE,NA,NA,0.00187183635376614,FALSE,FALSE,TRUE
4096,0.9,108,"x7","x10","none","none","R3",NA,1,FALSE,0,FALSE,FALSE,NA,NA,0.0088465243240279,FALSE,FALSE,TRUE
4096,0.9,108,"x7","x11","none","b<a","transitivity",NA,1,FALSE,0,TRUE,FALSE,NA,NA,0.012114499600719,FALSE,TRUE,FALSE
4096,0.9,108,"x7","x12","none","b<a","R1",1,1,FALSE,0,TRUE,TRUE,NA,NA,0.0865570085377181,FALSE,TRUE,FALSE
4096,0.9,108,"x7","x13","a<b","b<a","transitivity",NA,1,TRUE,1,FALSE,FALSE,3,5,0.26189353833112,TRUE,TRUE,FALSE
4096,0.9,108,"x7","x14","none","none","R3",NA,1,FALSE,0,TRUE,FALSE,NA,NA,0.0158866729090663,FALSE,FALSE,TRUE
4096,0.9,108,"x7","x15","a<b","b<a","R1",1,1,FALSE,1,TRUE,TRUE,2,12,0.0854012114887117,TRUE,TRUE,FALSE
4096,0.9,108,"x7","x8","none","none","R3",NA,1,FALSE,0,TRUE,FALSE,NA,NA,0.0371229189083267,FALSE,FALSE,TRUE
4096,0.9,108,"x7","x9","none","b<a","transitivity",NA,1,FALSE,0,TRUE,FALSE,NA,NA,0.00135480736286674,FALSE,TRUE,FALSE
4096,0.9,108,"x8","x10","none","none","R3",NA,1,FALSE,0,FALSE,FALSE,NA,NA,0.00144743994011089,FALSE,FALSE,TRUE
4096,0.9,108,"x8","x11","none","none","R3",NA,1,FALSE,0,TRUE,FALSE,NA,NA,0.0105271419150558,FALSE,FALSE,TRUE
4096,0.9,108,"x8","x12","none","none","R3",NA,1,FALSE,0,FALSE,FALSE,NA,NA,0.00924792526664303,FALSE,FALSE,TRUE
4096,0.9,108,"x8","x13","none","none","R3",NA,1,FALSE,0,FALSE,FALSE,NA,NA,0.00157269726125364,FALSE,FALSE,TRUE
4096,0.9,108,"x8","x14","a<b","a<b","R1",2,1,TRUE,1,FALSE,FALSE,2,4,0.200064865139014,TRUE,TRUE,TRUE
4096,0.9,108,"x8","x15","none","none","R3",NA,1,FALSE,0,TRUE,FALSE,NA,NA,0.00162913190326879,FALSE,FALSE,TRUE
4096,0.9,108,"x8","x9","none","none","R3",NA,1,FALSE,0,FALSE,FALSE,NA,NA,0.0110845800792582,FALSE,FALSE,TRUE
4096,0.9,108,"x9","x10","none","none","R3",NA,1,FALSE,0,TRUE,FALSE,NA,NA,0.00613080658746527,FALSE,FALSE,TRUE
4096,0.9,108,"x9","x11","none","none","R3",NA,1,FALSE,0,FALSE,FALSE,NA,NA,0.0156939104753549,FALSE,FALSE,TRUE
4096,0.9,108,"x9","x12","none","a<b","transitivity",NA,2,FALSE,0,TRUE,FALSE,NA,NA,0.00955946842512007,FALSE,TRUE,FALSE
4096,0.9,108,"x9","x13","a<b","a<b","R1",2,1,TRUE,1,TRUE,FALSE,3,5,0.232552152043521,TRUE,TRUE,TRUE
4096,0.9,108,"x9","x14","none","none","R3",NA,1,FALSE,0,TRUE,FALSE,NA,NA,0.0311836079148359,FALSE,FALSE,TRUE
4096,0.9,108,"x9","x15","a<b","a<b","transitivity",NA,1,FALSE,1,TRUE,FALSE,2,12,0.027376297382659,TRUE,TRUE,TRUE
4096,0.9,109,"x1","x10","none","none","R3",NA,1,FALSE,0,FALSE,FALSE,NA,NA,0.0056316268533409,FALSE,FALSE,TRUE
4096,0.9,109,"x1","x11","none","none","R3",NA,1,FALSE,0,TRUE,FALSE,NA,NA,0.0185759858414576,FALSE,FALSE,TRUE
4096,0.9,109,"x1","x12","none","none","R3",NA,1,FALSE,0,FALSE,FALSE,NA,NA,0.00303667820912563,FALSE,FALSE,TRUE
4096,0.9,109,"x1","x13","none","none","R3",NA,1,FALSE,0,FALSE,FALSE,NA,NA,0.00186759848949895,FALSE,FALSE,TRUE
4096,0.9,109,"x1","x14","none","none","R3",NA,1,FALSE,0,FALSE,FALSE,NA,NA,0.00685151401121701,FALSE,FALSE,TRUE
4096,0.9,109,"x1","x15","none","none","R3",NA,1,FALSE,0,TRUE,FALSE,NA,NA,0.00333373015151643,FALSE,FALSE,TRUE
4096,0.9,109,"x1","x2","none","none","R3",NA,1,FALSE,0,TRUE,FALSE,NA,NA,0.0271108065821682,FALSE,FALSE,TRUE
4096,0.9,109,"x1","x3","none","none","R3",NA,1,FALSE,0,FALSE,FALSE,NA,NA,0.0241973155763475,FALSE,FALSE,TRUE
4096,0.9,109,"x1","x4","none","none","R3",NA,1,FALSE,0,FALSE,FALSE,NA,NA,0.000203182013984989,FALSE,FALSE,TRUE
4096,0.9,109,"x1","x5","none","none","R3",NA,1,FALSE,0,FALSE,FALSE,NA,NA,0.010288659436876,FALSE,FALSE,TRUE
4096,0.9,109,"x1","x6","none","none","R3",NA,1,FALSE,0,FALSE,FALSE,NA,NA,0.0406849913016145,FALSE,FALSE,TRUE
4096,0.9,109,"x1","x7","none","none","R3",NA,1,FALSE,0,FALSE,FALSE,NA,NA,0.0102262253162418,FALSE,FALSE,TRUE
4096,0.9,109,"x1","x8","none","none","R3",NA,1,FALSE,0,TRUE,FALSE,NA,NA,0.00629973883087196,FALSE,FALSE,TRUE
4096,0.9,109,"x1","x9","a<b","a<b","R1",4,1,TRUE,1,FALSE,FALSE,3,0,0.3392122277087,TRUE,TRUE,TRUE
4096,0.9,109,"x10","x11","a<b","b<a","R1",1,1,TRUE,1,TRUE,FALSE,2,6,0.180347054002824,TRUE,TRUE,FALSE
4096,0.9,109,"x10","x12","none","none","R3",NA,1,FALSE,0,TRUE,FALSE,NA,NA,0.00346697502782281,FALSE,FALSE,TRUE
4096,0.9,109,"x10","x13","none","none","R3",NA,1,FALSE,0,FALSE,FALSE,NA,NA,0.0160449757834429,FALSE,FALSE,TRUE
4096,0.9,109,"x10","x14","none","none","R3",NA,1,FALSE,0,FALSE,FALSE,NA,NA,0.0352689845142499,FALSE,FALSE,TRUE
4096,0.9,109,"x10","x15","none","none","R3",NA,1,FALSE,0,FALSE,FALSE,NA,NA,0.0128444825518546,FALSE,FALSE,TRUE
4096,0.9,109,"x11","x12","none","none","R3",NA,1,FALSE,0,FALSE,FALSE,NA,NA,0.00591477065283073,FALSE,FALSE,TRUE
4096,0.9,109,"x11","x13","none","none","R3",NA,1,FALSE,0,TRUE,FALSE,NA,NA,0.00636293556939005,FALSE,FALSE,TRUE
4096,0.9,109,"x11","x14","none","none","R3",NA,1,FALSE,0,FALSE,TRUE,NA,NA,0.0235325648497233,FALSE,FALSE,TRUE
4096,0.9,109,"x11","x15","none","none","R3",NA,1,FALSE,0,FALSE,FALSE,NA,NA,0.0145677749932793,FALSE,FALSE,TRUE
4096,0.9,109,"x12","x13","none","none","R3",NA,1,FALSE,0,FALSE,FALSE,NA,NA,0.00666113498169309,FALSE,FALSE,TRUE
4096,0.9,109,"x12","x14","none","none","R3",NA,1,FALSE,0,FALSE,FALSE,NA,NA,0.00571288929113705,FALSE,FALSE,TRUE
4096,0.9,109,"x12","x15","none","none","R3",NA,1,FALSE,0,FALSE,FALSE,NA,NA,0.00259622770505106,FALSE,FALSE,TRUE
4096,0.9,109,"x13","x14","none","none","R3",NA,1,FALSE,0,FALSE,FALSE,NA,NA,0.0219764402267003,FALSE,FALSE,TRUE
4096,0.9,109,"x13","x15","a<b","a<b","R1",2,1,TRUE,1,FALSE,FALSE,1,5,0.242821742321392,TRUE,TRUE,TRUE
4096,0.9,109,"x14","x15","none","none","R3",NA,1,FALSE,0,TRUE,FALSE,NA,NA,0.0278988135122045,FALSE,FALSE,TRUE
4096,0.9,109,"x2","x10","none","a<b","transitivity",NA,1,FALSE,0,FALSE,FALSE,NA,NA,0.00317743215094761,FALSE,TRUE,FALSE
4096,0.9,109,"x2","x11","a<b","a<b","R1",5,1,TRUE,1,FALSE,FALSE,2,6,0.196623913767848,TRUE,TRUE,TRUE
4096,0.9,109,"x2","x12","none","none","R3",NA,1,FALSE,0,TRUE,FALSE,NA,NA,0.0118447723875149,FALSE,FALSE,TRUE
4096,0.9,109,"x2","x13","none","none","R3",NA,1,FALSE,0,FALSE,FALSE,NA,NA,0.000223341051715595,FALSE,FALSE,TRUE
4096,0.9,109,"x2","x14","a<b","a<b","R1",1,1,FALSE,2,TRUE,FALSE,3,5,0.0532217546907403,TRUE,TRUE,TRUE
4096,0.9,109,"x2","x15","none","none","R3",NA,1,FALSE,0,FALSE,FALSE,NA,NA,0.000186516880437124,FALSE,FALSE,TRUE
4096,0.9,109,"x2","x3","none","none","R3",NA,1,FALSE,0,TRUE,FALSE,NA,NA,0.0116977034148805,FALSE,FALSE,TRUE
4096,0.9,109,"x2","x4","a<b","a<b","R1",8,1,TRUE,1,FALSE,FALSE,1,5,0.276926916536839,TRUE,TRUE,TRUE
4096,0.9,109,"x2","x5","none","none","R3",NA,1,FALSE,0,TRUE,FALSE,NA,NA,0.00740082476283401,FALSE,FALSE,TRUE
4096,0.9,109,"x2","x6","a<b","a<b","R1",1,1,FALSE,1,TRUE,FALSE,1,5,0.0661740632947941,TRUE,TRUE,TRUE
4096,0.9,109,"x2","x7","a<b","a<b","R1",6,1,TRUE,1,TRUE,FALSE,1,7,0.199980656995388,TRUE,TRUE,TRUE
4096,0.9,109,"x2","x8","none","none","R3",NA,1,FALSE,0,TRUE,FALSE,NA,NA,0.0151599535870734,FALSE,FALSE,TRUE
4096,0.9,109,"x2","x9","a<b","a<b","R1",2,1,FALSE,1,FALSE,FALSE,3,0,0.0999799721941863,TRUE,TRUE,TRUE
4096,0.9,109,"x3","x10","none","none","R3",NA,1,FALSE,0,FALSE,FALSE,NA,NA,0.00248498879644903,FALSE,FALSE,TRUE
4096,0.9,109,"x3","x11","none","none","R3",NA,1,FALSE,0,FALSE,FALSE,NA,NA,0.00206610290325221,FALSE,FALSE,TRUE
4096,0.9,109,"x3","x12","none","none","R3",NA,1,FALSE,0,TRUE,FALSE,NA,NA,0.00682434237756634,FALSE,FALSE,TRUE
4096,0.9,109,"x3","x13","none","none","R3",NA,1,FALSE,0,FALSE,FALSE,NA,NA,0.017654381227163,FALSE,FALSE,TRUE
4096,0.9,109,"x3","x14","none","none","R3",NA,1,FALSE,0,TRUE,FALSE,NA,NA,0.00362813625997352,FALSE,FALSE,TRUE
4096,0.9,109,"x3","x15","none","none","R3",NA,1,FALSE,0,FALSE,FALSE,NA,NA,0.00351339805608072,FALSE,FALSE,TRUE
4096,0.9,109,"x3","x4","none","none","R3",NA,1,FALSE,0,FALSE,FALSE,NA,NA,0.033589485606972,FALSE,FALSE,TRUE
4096,0.9,109,"x3","x5","none","none","R3",NA,1,FALSE,0,FALSE,FALSE,NA,NA,0.000153119709796437,FALSE,FALSE,TRUE
4096,0.9,109,"x3","x6","none","none","R3",NA,1,FALSE,0,TRUE,FALSE,NA,NA,0.0091267066691851,FALSE,FALSE,TRUE
4096,0.9,109,"x3","x7","none","none","R3",NA,1,FALSE,0,TRUE,FALSE,NA,NA,0.000382121097205032,FALSE,FALSE,TRUE
4096,0.9,109,"x3","x8","none","none","R3",NA,1,FALSE,0,FALSE,FALSE,NA,NA,0.00436996764124871,FALSE,FALSE,TRUE
4096,0.9,109,"x3","x9","a<b","a<b","R1",3,1,TRUE,1,FALSE,FALSE,3,0,0.312618510960793,TRUE,TRUE,TRUE
4096,0.9,109,"x4","x10","none","none","R3",NA,1,FALSE,0,TRUE,FALSE,NA,NA,0.0058659487693201,FALSE,FALSE,TRUE
4096,0.9,109,"x4","x11","none","a<b","R2",1,1,FALSE,0,TRUE,TRUE,NA,NA,0.0826678669907646,FALSE,TRUE,FALSE
4096,0.9,109,"x4","x12","none","none","R3",NA,1,FALSE,0,FALSE,FALSE,NA,NA,0.00567909474011669,FALSE,FALSE,TRUE
4096,0.9,109,"x4","x13","none","none","R3",NA,1,FALSE,0,FALSE,FALSE,NA,NA,0.0186367504618077,FALSE,FALSE,TRUE
4096,0.9,109,"x4","x14","a<b","a<b","R1",5,1,TRUE,1,TRUE,TRUE,3,5,0.225370834412015,TRUE,TRUE,TRUE
4096,0.9,109,"x4","x15","none","none","R3",NA,1,FALSE,0,FALSE,FALSE,NA,NA,0.011013570147156,FALSE,FALSE,TRUE
4096,0.9,109,"x4","x5","none","none","R3",NA,1,FALSE,0,FALSE,FALSE,NA,NA,0.015567732306605,FALSE,FALSE,TRUE
4096,0.9,109,"x4","x6","a<b","a<b","R1",6,1,TRUE,1,TRUE,FALSE,1,5,0.251968804477531,TRUE,TRUE,TRUE
4096,0.9,109,"x4","x7","none","b<a","R2",2,1,FALSE,0,TRUE,TRUE,NA,NA,0.10735540880055,FALSE,TRUE,FALSE
4096,0.9,109,"x4","x8","none","none","R3",NA,1,FALSE,0,FALSE,FALSE,NA,NA,0.00732508936372613,FALSE,FALSE,TRUE
4096,0.9,109,"x4","x9","none","none","R3",NA,1,FALSE,0,FALSE,TRUE,NA,NA,0.0552272041377276,FALSE,FALSE,TRUE
4096,0.9,109,"x5","x10","none","none","R3",NA,1,FALSE,0,FALSE,FALSE,NA,NA,0.00824667340539431,FALSE,FALSE,TRUE
4096,0.9,109,"x5","x11","none","none","R3",NA,1,FALSE,0,FALSE,FALSE,NA,NA,0.0167152737247334,FALSE,FALSE,TRUE
4096,0.9,109,"x5","x12","none","none","R3",NA,1,FALSE,0,TRUE,FALSE,NA,NA,0.00606788082968576,FALSE,FALSE,TRUE
4096,0.9,109,"x5","x13","none","none","R3",NA,1,FALSE,0,FALSE,FALSE,NA,NA,0.00105538582895797,FALSE,FALSE,TRUE
4096,0.9,109,"x5","x14","none","none","R3",NA,1,FALSE,0,FALSE,FALSE,NA,NA,0.0161586875642381,FALSE,FALSE,TRUE
4096,0.9,109,"x5","x15","none","none","R3",NA,1,FALSE,0,TRUE,FALSE,NA,NA,0.0119413844091535,FALSE,FALSE,TRUE
4096,0.9,109,"x5","x6","none","none","R3",NA,1,FALSE,0,FALSE,FALSE,NA,NA,0.00165763220539947,FALSE,FALSE,TRUE
4096,0.9,109,"x5","x7","none","none","R3",NA,1,FALSE,0,FALSE,FALSE,NA,NA,0.0139787193670721,FALSE,FALSE,TRUE
4096,0.9,109,"x5","x8","none","none","R3",NA,1,FALSE,0,TRUE,FALSE,NA,NA,0.00960969812413543,FALSE,FALSE,TRUE
4096,0.9,109,"x5","x9","none","none","R3",NA,1,FALSE,0,FALSE,FALSE,NA,NA,0.00460142711368559,FALSE,FALSE,TRUE
4096,0.9,109,"x6","x10","none","none","R3",NA,1,FALSE,0,TRUE,FALSE,NA,NA,0.0186873288913248,FALSE,FALSE,TRUE
4096,0.9,109,"x6","x11","none","none","R3",NA,1,FALSE,0,FALSE,TRUE,NA,NA,0.0200043538018424,FALSE,FALSE,TRUE
4096,0.9,109,"x6","x12","none","none","R3",NA,1,FALSE,0,TRUE,FALSE,NA,NA,0.00865083713190194,FALSE,FALSE,TRUE
4096,0.9,109,"x6","x13","none","none","R3",NA,1,FALSE,0,TRUE,FALSE,NA,NA,0.0191238086562144,FALSE,FALSE,TRUE
4096,0.9,109,"x6","x14","none","b<a","R1",1,1,FALSE,0,TRUE,TRUE,NA,NA,0.0742714690389538,FALSE,TRUE,FALSE
4096,0.9,109,"x6","x15","none","none","R3",NA,1,FALSE,0,FALSE,FALSE,NA,NA,0.0202556065193197,FALSE,FALSE,TRUE
4096,0.9,109,"x6","x7","none","b<a","R1",2,1,FALSE,0,TRUE,TRUE,NA,NA,0.0535972837772334,FALSE,TRUE,FALSE
4096,0.9,109,"x6","x8","none","b<a","transitivity",NA,1,FALSE,0,FALSE,FALSE,NA,NA,0.00166183529584282,FALSE,TRUE,FALSE
4096,0.9,109,"x6","x9","none","NA","unresolved",NA,NA,FALSE,0,FALSE,TRUE,NA,NA,0.0466596206982699,FALSE,FALSE,FALSE
4096,0.9,109,"x7","x10","none","none","R3",NA,1,FALSE,0,FALSE,FALSE,NA,NA,0.0111033095080625,FALSE,FALSE,TRUE
4096,0.9,109,"x7","x11","none","none","R3",NA,1,FALSE,0,TRUE,TRUE,NA,NA,0.0339166097609174,FALSE,FALSE,TRUE
4096,0.9,109,"x7","x12","none","none","R3",NA,1,FALSE,0,FALSE,FALSE,NA,NA,0.0321690707177446,FALSE,FALSE,TRUE
4096,0.9,109,"x7","x13","none","none","R3",NA,1,FALSE,0,TRUE,FALSE,NA,NA,0.0144036501103394,FALSE,FALSE,TRUE
4096,0.9,109,"x7","x14","a<b","a<b","R1",5,1,TRUE,1,TRUE,TRUE,3,5,0.183894768812789,TRUE,TRUE,TRUE
4096,0.9,109,"x7","x15","none","none","R3",NA,1,FALSE,0,TRUE,FALSE,NA,NA,0.0120651481452731,FALSE,FALSE,TRUE
4096,0.9,109,"x7","x8","none","none","R3",NA,1,FALSE,0,TRUE,FALSE,NA,NA,0.0244847759049973,FALSE,FALSE,TRUE
4096,0.9,109,"x7","x9","a<b","a<b","R1",5,1,TRUE,1,FALSE,FALSE,3,0,0.369172844524035,TRUE,TRUE,TRUE
4096,0.9,109,"x8","x10","none","none","R3",NA,1,FALSE,0,FALSE,FALSE,NA,NA,0.0159275739201104,FALSE,FALSE,TRUE
4096,0.9,109,"x8","x11","none","none","R3",NA,1,FALSE,0,TRUE,FALSE,NA,NA,0.0187897455008942,FALSE,FALSE,TRUE
4096,0.9,109,"x8","x12","none","none","R3",NA,1,FALSE,0,FALSE,FALSE,NA,NA,0.019566990876741,FALSE,FALSE,TRUE
4096,0.9,109,"x8","x13","none","none","R3",NA,1,FALSE,0,TRUE,FALSE,NA,NA,0.0179470782319,FALSE,FALSE,TRUE
4096,0.9,109,"x8","x14","a<b","a<b","R1",4,1,TRUE,1,FALSE,FALSE,3,5,0.204573547885208,TRUE,TRUE,TRUE
4096,0.9,109,"x8","x15","none","none","R3",NA,1,FALSE,0,FALSE,FALSE,NA,NA,0.0138595489201284,FALSE,FALSE,TRUE
4096,0.9,109,"x8","x9","none","NA","unresolved",NA,NA,FALSE,0,FALSE,FALSE,NA,NA,0.0486171946298199,FALSE,FALSE,FALSE
4096,0.9,109,"x9","x10","none","none","R3",NA,1,FALSE,0,FALSE,FALSE,NA,NA,0.0121895928132936,FALSE,FALSE,TRUE
4096,0.9,109,"x9","x11","none","none","R3",NA,1,FALSE,0,FALSE,TRUE,NA,NA,0.00524984694349225,FALSE,FALSE,TRUE
4096,0.9,109,"x9","x12","none","none","R3",NA,1,FALSE,0,FALSE,FALSE,NA,NA,0.00469750303767822,FALSE,FALSE,TRUE
4096,0.9,109,"x9","x13","none","none","R3",NA,1,FALSE,0,FALSE,FALSE,NA,NA,0.00787755824572453,FALSE,FALSE,TRUE
4096,0.9,109,"x9","x14","none","a<b","R2",2,1,FALSE,0,TRUE,TRUE,NA,NA,0.0432606464876411,FALSE,TRUE,FALSE
4096,0.9,109,"x9","x15","none","none","R3",NA,1,FALSE,0,FALSE,FALSE,NA,NA,0.0307820936290962,FALSE,FALSE,TRUE
4096,0.9,110,"x1","x10","none","none","R3",NA,1,FALSE,0,FALSE,FALSE,NA,NA,0.0224542746494213,FALSE,FALSE,TRUE
4096,0.9,110,"x1","x11","a<b","a<b","R1",2,1,FALSE,2,TRUE,FALSE,1,5,0.0835762001953366,TRUE,TRUE,TRUE
4096,0.9,110,"x1","x12","none","none","R3",NA,1,FALSE,0,FALSE,FALSE,NA,NA,0.0136711015909844,FALSE,FALSE,TRUE
4096,0.9,110,"x1","x13","a<b","a<b","transitivity",NA,1,FALSE,1,FALSE,FALSE,1,7,0.0506130607222414,TRUE,TRUE,TRUE
4096,0.9,110,"x1","x14","none","none","R3",NA,1,FALSE,0,TRUE,FALSE,NA,NA,0.0162439050372729,FALSE,FALSE,TRUE
4096,0.9,110,"x1","x15","none","none","R3",NA,1,FALSE,0,TRUE,FALSE,NA,NA,0.0107330103615304,FALSE,FALSE,TRUE
4096,0.9,110,"x1","x2","none","none","R3",NA,1,FALSE,0,TRUE,FALSE,NA,NA,0.0086871393403316,FALSE,FALSE,TRUE
4096,0.9,110,"x1","x3","none","none","R3",NA,1,FALSE,0,FALSE,FALSE,NA,NA,0.00726990868258284,FALSE,FALSE,TRUE
4096,0.9,110,"x1","x4","a<b","a<b","R1",6,1,TRUE,1,FALSE,FALSE,1,5,0.3038933494884,TRUE,TRUE,TRUE
4096,0.9,110,"x1","x5","a<b","a<b","R1",5,1,TRUE,1,FALSE,FALSE,2,8,0.187438906971189,TRUE,TRUE,TRUE
4096,0.9,110,"x1","x6","a<b","a<b","R1",6,1,TRUE,1,FALSE,FALSE,1,5,0.213203973634114,TRUE,TRUE,TRUE
4096,0.9,110,"x1","x7","none","none","R3",NA,1,FALSE,0,TRUE,FALSE,NA,NA,0.0103049418717516,FALSE,FALSE,TRUE
4096,0.9,110,"x1","x8","a<b","a<b","transitivity",NA,1,FALSE,1,TRUE,FALSE,2,7,0.0652733043186247,TRUE,TRUE,TRUE
4096,0.9,110,"x1","x9","a<b","a<b","R1",4,1,TRUE,2,FALSE,FALSE,2,2,0.294157912366713,TRUE,TRUE,TRUE
4096,0.9,110,"x10","x11","none","none","R3",NA,1,FALSE,0,FALSE,FALSE,NA,NA,0.00116080141142526,FALSE,FALSE,TRUE
4096,0.9,110,"x10","x12","none","none","R3",NA,1,FALSE,0,TRUE,FALSE,NA,NA,0.0211183890841013,FALSE,FALSE,TRUE
4096,0.9,110,"x10","x13","none","none","R3",NA,1,FALSE,0,FALSE,FALSE,NA,NA,0.00425685125499941,FALSE,FALSE,TRUE
4096,0.9,110,"x10","x14","none","none","R3",NA,1,FALSE,0,TRUE,FALSE,NA,NA,0.00300827388596036,FALSE,FALSE,TRUE
4096,0.9,110,"x10","x15","none","none","R3",NA,1,FALSE,0,FALSE,FALSE,NA,NA,0.0261478668296378,FALSE,FALSE,TRUE
4096,0.9,110,"x11","x12","none","none","R3",NA,1,FALSE,0,FALSE,FALSE,NA,NA,0.0220228234904736,FALSE,FALSE,TRUE
4096,0.9,110,"x11","x13","none","none","R3",NA,1,FALSE,0,FALSE,TRUE,NA,NA,0.0131060189996005,FALSE,FALSE,TRUE
4096,0.9,110,"x11","x14","none","none","R3",NA,1,FALSE,0,TRUE,FALSE,NA,NA,0.00403660891808834,FALSE,FALSE,TRUE
4096,0.9,110,"x11","x15","none","none","R3",NA,1,FALSE,0,FALSE,FALSE,NA,NA,0.00152666434648903,FALSE,FALSE,TRUE
4096,0.9,110,"x12","x13","none","none","R3",NA,1,FALSE,0,FALSE,FALSE,NA,NA,0.0203536575513491,FALSE,FALSE,TRUE
4096,0.9,110,"x12","x14","none","none","R3",NA,1,FALSE,0,FALSE,FALSE,NA,NA,0.00342995942002897,FALSE,FALSE,TRUE
4096,0.9,110,"x12","x15","none","none","R3",NA,1,FALSE,0,FALSE,FALSE,NA,NA,0.00122597377241736,FALSE,FALSE,TRUE
4096,0.9,110,"x13","x14","none","none","R3",NA,1,FALSE,0,TRUE,FALSE,NA,NA,0.0118191281491057,FALSE,FALSE,TRUE
4096,0.9,110,"x13","x15","none","none","R3",NA,1,FALSE,0,FALSE,FALSE,NA,NA,0.0322153405582175,FALSE,FALSE,TRUE
4096,0.9,110,"x14","x15","none","none","R3",NA,1,FALSE,0,TRUE,FALSE,NA,NA,0.0106679215441031,FALSE,FALSE,TRUE
4096,0.9,110,"x2","x10","none","a<b","R1",1,1,FALSE,0,FALSE,FALSE,NA,NA,0.0402129626161787,FALSE,TRUE,FALSE
4096,0.9,110,"x2","x11","a<b","a<b","transitivity",NA,1,FALSE,1,TRUE,FALSE,1,5,0.00340446192385166,TRUE,TRUE,TRUE
4096,0.9,110,"x2","x12","none","none","R3",NA,1,FALSE,0,FALSE,FALSE,NA,NA,0.00979245148593042,FALSE,FALSE,TRUE
4096,0.9,110,"x2","x13","none","none","R3",NA,1,FALSE,0,TRUE,FALSE,NA,NA,0.00437119290828765,FALSE,FALSE,TRUE
4096,0.9,110,"x2","x14","none","none","R3",NA,1,FALSE,0,TRUE,FALSE,NA,NA,0.00663541428784107,FALSE,FALSE,TRUE
4096,0.9,110,"x2","x15","none","none","R3",NA,1,FALSE,0,FALSE,FALSE,NA,NA,0.00547488102541449,FALSE,FALSE,TRUE
4096,0.9,110,"x2","x3","none","none","R3",NA,1,FALSE,0,TRUE,FALSE,NA,NA,0.00905852273879855,FALSE,FALSE,TRUE
4096,0.9,110,"x2","x4","none","none","R3",NA,1,FALSE,0,FALSE,FALSE,NA,NA,0.0121700880546151,FALSE,FALSE,TRUE
4096,0.9,110,"x2","x5","a<b","a<b","R1",3,1,TRUE,1,FALSE,FALSE,2,8,0.212302525138546,TRUE,TRUE,TRUE
4096,0.9,110,"x2","x6","none","none","R3",NA,1,FALSE,0,TRUE,FALSE,NA,NA,0.0114639444421823,FALSE,FALSE,TRUE
4096,0.9,110,"x2","x7","none","none","R3",NA,1,FALSE,0,FALSE,FALSE,NA,NA,0.0133892526291874,FALSE,FALSE,TRUE
4096,0.9,110,"x2","x8","a<b","a<b","R1",2,1,TRUE,1,FALSE,FALSE,2,7,0.200920792208814,TRUE,TRUE,TRUE
4096,0.9,110,"x2","x9","a<b","a<b","R1",1,1,FALSE,1,FALSE,FALSE,2,2,0.0604283595618699,TRUE,TRUE,TRUE
4096,0.9,110,"x3","x10","none","none","R3",NA,1,FALSE,0,TRUE,FALSE,NA,NA,0.00639088837586374,FALSE,FALSE,TRUE
4096,0.9,110,"x3","x11","none","none","R3",NA,1,FALSE,0,TRUE,FALSE,NA,NA,0.020767011617362,FALSE,FALSE,TRUE
4096,0.9,110,"x3","x12","none","none","R3",NA,1,FALSE,0,FALSE,FALSE,NA,NA,0.00568492110671484,FALSE,FALSE,TRUE
4096,0.9,110,"x3","x13","none","none","R3",NA,1,FALSE,0,FALSE,FALSE,NA,NA,0.0123277161258355,FALSE,FALSE,TRUE
4096,0.9,110,"x3","x14","none","none","R3",NA,1,FALSE,0,TRUE,FALSE,NA,NA,0.0247178680605289,FALSE,FALSE,TRUE
4096,0.9,110,"x3","x15","a<b","a<b","R1",3,1,TRUE,1,FALSE,FALSE,1,2,0.31596500964392,TRUE,TRUE,TRUE
4096,0.9,110,"x3","x4","none","none","R3",NA,1,FALSE,0,TRUE,FALSE,NA,NA,0.0307345964558095,FALSE,FALSE,TRUE
4096,0.9,110,"x3","x5","none","none","R3",NA,1,FALSE,0,FALSE,FALSE,NA,NA,0.0254650406990907,FALSE,FALSE,TRUE
4096,0.9,110,"x3","x6","none","none","R3",NA,1,FALSE,0,FALSE,FALSE,NA,NA,0.00595303774296335,FALSE,FALSE,TRUE
4096,0.9,110,"x3","x7","none","none","R3",NA,1,FALSE,0,FALSE,FALSE,NA,NA,0.00779670661975232,FALSE,FALSE,TRUE
4096,0.9,110,"x3","x8","none","none","R3",NA,1,FALSE,0,TRUE,FALSE,NA,NA,0.0171952707291817,FALSE,FALSE,TRUE
4096,0.9,110,"x3","x9","none","none","R3",NA,1,FALSE,0,FALSE,FALSE,NA,NA,0.0322498786221096,FALSE,FALSE,TRUE
4096,0.9,110,"x4","x10","none","none","R3",NA,1,FALSE,0,TRUE,FALSE,NA,NA,0.000915020133063247,FALSE,FALSE,TRUE
4096,0.9,110,"x4","x11","a<b","a<b","transitivity",NA,1,FALSE,1,TRUE,TRUE,1,5,0.00329838575314283,TRUE,TRUE,TRUE
4096,0.9,110,"x4","x12","none","none","R3",NA,1,FALSE,0,FALSE,FALSE,NA,NA,0.00274542167429026,FALSE,FALSE,TRUE
4096,0.9,110,"x4","x13","none","none","R3",NA,1,FALSE,0,FALSE,TRUE,NA,NA,0.027974968823208,FALSE,FALSE,TRUE
4096,0.9,110,"x4","x14","none","none","R3",NA,1,FALSE,0,TRUE,FALSE,NA,NA,0.015477890316556,FALSE,FALSE,TRUE
4096,0.9,110,"x4","x15","none","none","R3",NA,1,FALSE,0,FALSE,FALSE,NA,NA,0.00435025219670463,FALSE,FALSE,TRUE
4096,0.9,110,"x4","x5","none","none","R3",NA,2,FALSE,0,TRUE,TRUE,NA,NA,0.0813634637883671,FALSE,FALSE,TRUE
4096,0.9,110,"x4","x6","none","a<b","R2",2,1,FALSE,0,TRUE,TRUE,NA,NA,0.133594793053335,FALSE,TRUE,FALSE
4096,0.9,110,"x4","x7","none","none","R3",NA,1,FALSE,0,TRUE,FALSE,NA,NA,0.00365721442216112,FALSE,FALSE,TRUE
4096,0.9,110,"x4","x8","a<b","a<b","R1",5,1,TRUE,1,FALSE,FALSE,2,7,0.224381924303644,TRUE,TRUE,TRUE
4096,0.9,110,"x4","x9","a<b","a<b","transitivity",NA,1,FALSE,1,TRUE,TRUE,2,2,0.0451209083246918,TRUE,TRUE,TRUE
4096,0.9,110,"x5","x10","none","none","R3",NA,1,FALSE,0,TRUE,FALSE,NA,NA,0.0208495372440868,FALSE,FALSE,TRUE
4096,0.9,110,"x5","x11","none","a<b","transitivity",NA,1,FALSE,0,FALSE,TRUE,NA,NA,0.0194744937862857,FALSE,TRUE,FALSE
4096,0.9,110,"x5","x12","none","none","R3",NA,1,FALSE,0,FALSE,FALSE,NA,NA,0.0108277461749268,FALSE,FALSE,TRUE
4096,0.9,110,"x5","x13","none","none","R3",NA,1,FALSE,0,FALSE,TRUE,NA,NA,0.00717708594623949,FALSE,FALSE,TRUE
4096,0.9,110,"x5","x14","none","none","R3",NA,1,FALSE,0,TRUE,FALSE,NA,NA,0.00313388573883295,FALSE,FALSE,TRUE
4096,0.9,110,"x5","x15","none","none","R3",NA,1,FALSE,0,FALSE,FALSE,NA,NA,0.0186582737500537,FALSE,FALSE,TRUE
4096,0.9,110,"x5","x6","none","b<a","R1",1,1,FALSE,0,TRUE,TRUE,NA,NA,0.0754722951071208,FALSE,TRUE,FALSE
4096,0.9,110,"x5","x7","none","a<b","R2",2,2,FALSE,0,FALSE,FALSE,NA,NA,0.0448396275519274,FALSE,TRUE,FALSE
4096,0.9,110,"x5","x8","none","a<b","R1",1,1,FALSE,0,TRUE,TRUE,NA,NA,0.0736528994950165,FALSE,TRUE,FALSE
4096,0.9,110,"x5","x9","none","a<b","transitivity",NA,1,FALSE,0,TRUE,TRUE,NA,NA,0.0184479807851616,FALSE,TRUE,FALSE
4096,0.9,110,"x6","x10","none","none","R3",NA,1,FALSE,0,FALSE,FALSE,NA,NA,0.00819902216679506,FALSE,FALSE,TRUE
4096,0.9,110,"x6","x11","none","a<b","transitivity",NA,1,FALSE,0,TRUE,TRUE,NA,NA,0.00493161218033818,FALSE,TRUE,FALSE
4096,0.9,110,"x6","x12","none","none","R3",NA,1,FALSE,0,FALSE,FALSE,NA,NA,0.00919818067418107,FALSE,FALSE,TRUE
4096,0.9,110,"x6","x13","a<b","a<b","R1",4,1,TRUE,1,TRUE,FALSE,1,7,0.247999302596814,TRUE,TRUE,TRUE
4096,0.9,110,"x6","x14","none","a<b","R2",1,1,FALSE,0,TRUE,FALSE,NA,NA,0.0405905648461541,FALSE,TRUE,FALSE
4096,0.9,110,"x6","x15","none","none","R3",NA,1,FALSE,0,FALSE,FALSE,NA,NA,0.00601415055575302,FALSE,FALSE,TRUE
4096,0.9,110,"x6","x7","none","none","R3",NA,1,FALSE,0,FALSE,FALSE,NA,NA,0.00810146391113755,FALSE,FALSE,TRUE
4096,0.9,110,"x6","x8","none","a<b","transitivity",NA,1,FALSE,0,TRUE,TRUE,NA,NA,0.0202168313071275,FALSE,TRUE,FALSE
4096,0.9,110,"x6","x9","none","a<b","R1",1,1,FALSE,0,TRUE,TRUE,NA,NA,0.0966367310404099,FALSE,TRUE,FALSE
4096,0.9,110,"x7","x10","none","none","R3",NA,1,FALSE,0,FALSE,FALSE,NA,NA,0.001426351526608,FALSE,FALSE,TRUE
4096,0.9,110,"x7","x11","none","none","R3",NA,1,FALSE,0,FALSE,FALSE,NA,NA,0.00132455041126133,FALSE,FALSE,TRUE
4096,0.9,110,"x7","x12","none","none","R3",NA,1,FALSE,0,FALSE,FALSE,NA,NA,0.0108099791860647,FALSE,FALSE,TRUE
4096,0.9,110,"x7","x13","none","none","R3",NA,1,FALSE,0,FALSE,FALSE,NA,NA,0.0011307697733551,FALSE,FALSE,TRUE
4096,0.9,110,"x7","x14","none","none","R3",NA,1,FALSE,0,TRUE,FALSE,NA,NA,0.02124265472363,FALSE,FALSE,TRUE
4096,0.9,110,"x7","x15","none","none","R3",NA,1,FALSE,0,FALSE,FALSE,NA,NA,0.025719328079277,FALSE,FALSE,TRUE
4096,0.9,110,"x7","x8","none","none","R3",NA,1,FALSE,0,FALSE,FALSE,NA,NA,0.0111871922267019,FALSE,FALSE,TRUE
4096,0.9,110,"x7","x9","none","none","R3",NA,1,FALSE,0,FALSE,FALSE,NA,NA,0.0238347775212664,FALSE,FALSE,TRUE
4096,0.9,110,"x8","x10","none","none","R3",NA,1,FALSE,0,TRUE,FALSE,NA,NA,0.000354061606123582,FALSE,FALSE,TRUE
4096,0.9,110,"x8","x11","a<b","a<b","R1",2,1,FALSE,1,FALSE,TRUE,1,5,0.107162318112784,TRUE,TRUE,TRUE
4096,0.9,110,"x8","x12","none","none","R3",NA,1,FALSE,0,TRUE,FALSE,NA,NA,0.014665096927792,FALSE,FALSE,TRUE
4096,0.9,110,"x8","x13","none","none","R3",NA,1,FALSE,0,TRUE,TRUE,NA,NA,0.00910049771276153,FALSE,FALSE,TRUE
4096,0.9,110,"x8","x14","none","none","R3",NA,1,FALSE,0,FALSE,FALSE,NA,NA,0.00101524109178718,FALSE,FALSE,TRUE
4096,0.9,110,"x8","x15","none","none","R3",NA,1,FALSE,0,FALSE,FALSE,NA,NA,0.0113662958622443,FALSE,FALSE,TRUE
4096,0.9,110,"x8","x9","a<b","a<b","R1",9,1,TRUE,1,FALSE,TRUE,2,2,0.322532663516886,TRUE,TRUE,TRUE
4096,0.9,110,"x9","x10","none","none","R3",NA,1,FALSE,0,FALSE,FALSE,NA,NA,0.0104928477487526,FALSE,FALSE,TRUE
4096,0.9,110,"x9","x11","a<b","a<b","R1",6,1,TRUE,1,FALSE,FALSE,1,5,0.339212556932806,TRUE,TRUE,TRUE
4096,0.9,110,"x9","x12","none","none","R3",NA,1,FALSE,0,FALSE,FALSE,NA,NA,0.0132753754532386,FALSE,FALSE,TRUE
4096,0.9,110,"x9","x13","none","none","R3",NA,1,FALSE,0,TRUE,TRUE,NA,NA,4.98449372734978e-05,FALSE,FALSE,TRUE
4096,0.9,110,"x9","x14","none","none","R3",NA,1,FALSE,0,FALSE,FALSE,NA,NA,0.00123375130026992,FALSE,FALSE,TRUE
4096,0.9,110,"x9","x15","none","none","R3",NA,1,FALSE,0,FALSE,FALSE,NA,NA,0.0254163519286718,FALSE,FALSE,TRUE
