method,n,sp,r2,rep,K_true,K_match,aupr_base,coverage,aupr,auroc,f1,precision,recall,direction_acc,runtime_s
ASCEND,1000,0.5,0.5,1,64,7,0.60952380952381,0.961904761904762,0.659885348911327,0.544397865853659,0.140845070422535,0.714285714285714,0.078125,0.285714285714286,0.351726770401001
GENIE3,1000,0.5,0.5,1,64,7,0.60952380952381,1,0.643379779990432,0.508765243902439,0.140845070422535,0.714285714285714,0.078125,,51.2725734710693
ARACNE,1000,0.5,0.5,1,64,7,0.60952380952381,1,0.60952380952381,0.5,0.028169014084507,0.142857142857143,0.015625,,12.8901932239532
WGCNA,1000,0.5,0.5,1,64,7,0.60952380952381,1,0.638693061885817,0.519435975609756,0.140845070422535,0.714285714285714,0.078125,,0.971218109130859
ASCEND,1000,0.5,0.5,2,80,1,0.761904761904762,1,0.773242848201231,0.50625,0.0246913580246914,1,0.0125,1,0.128603219985962
GENIE3,1000,0.5,0.5,2,80,1,0.761904761904762,1,0.705571319238731,0.6085,,0,0,,51.1243703365326
ARACNE,1000,0.5,0.5,2,80,1,0.761904761904762,1,0.761904761904762,0.5,,0,0,,12.9985299110413
WGCNA,1000,0.5,0.5,2,80,1,0.761904761904762,1,0.833508595102822,0.5865,0.0246913580246914,1,0.0125,,0.821596384048462
ASCEND,1000,0.5,0.5,3,71,14,0.676190476190476,0.971428571428571,0.779842880712806,0.597348798674399,0.305882352941177,0.928571428571429,0.183098591549296,0.642857142857143,0.436078786849976
GENIE3,1000,0.5,0.5,3,71,14,0.676190476190476,1,0.748863929158813,0.614333057166529,0.235294117647059,0.714285714285714,0.140845070422535,,50.9932086467743
ARACNE,1000,0.5,0.5,3,71,14,0.676190476190476,1,0.676190476190476,0.5,0.235294117647059,0.714285714285714,0.140845070422535,,13.2640306949615
WGCNA,1000,0.5,0.5,3,71,14,0.676190476190476,1,0.68500472151207,0.502071251035626,0.282352941176471,0.857142857142857,0.169014084507042,,0.935178995132446
ASCEND,1000,0.5,0.5,4,91,8,0.866666666666667,0.952380952380952,0.908067782946665,0.571428571428571,0.161616161616162,1,0.0879120879120879,0.375,0.35526704788208
GENIE3,1000,0.5,0.5,4,91,8,0.866666666666667,1,0.925398189175282,0.621664050235479,0.161616161616162,1,0.0879120879120879,,51.1526203155518
ARACNE,1000,0.5,0.5,4,91,8,0.866666666666667,1,0.866666666666667,0.5,0.161616161616162,1,0.0879120879120879,,12.8668022155762
WGCNA,1000,0.5,0.5,4,91,8,0.866666666666667,1,0.92232986174767,0.614599686028257,0.161616161616162,1,0.0879120879120879,,0.988710403442383
ASCEND,1000,0.5,0.5,5,52,5,0.495238095238095,1,0.593883705695856,0.548076923076923,0.175438596491228,1,0.0961538461538462,0.8,0.378803253173828
GENIE3,1000,0.5,0.5,5,52,5,0.495238095238095,1,0.56427237596091,0.525761973875181,0.140350877192982,0.8,0.0769230769230769,,69.4631907939911
ARACNE,1000,0.5,0.5,5,52,5,0.495238095238095,1,0.495238095238095,0.5,0.0701754385964912,0.4,0.0384615384615385,,20.6264255046845
WGCNA,1000,0.5,0.5,5,52,5,0.495238095238095,1,0.568478016016072,0.563860667634253,0.140350877192982,0.8,0.0769230769230769,,1.64879107475281
ASCEND,1000,0.5,0.5,6,57,4,0.542857142857143,0.971428571428571,0.626201528885244,0.542945906432749,0.131147540983607,1,0.0701754385964912,0.75,0.207870483398438
GENIE3,1000,0.5,0.5,6,57,4,0.542857142857143,1,0.679301206462974,0.622441520467836,0.131147540983607,1,0.0701754385964912,,51.0200316905975
ARACNE,1000,0.5,0.5,6,57,4,0.542857142857143,1,0.542857142857143,0.5,,0,0,,12.7985978126526
WGCNA,1000,0.5,0.5,6,57,4,0.542857142857143,1,0.561220570466826,0.515350877192982,0.0983606557377049,0.75,0.0526315789473684,,0.931180715560913
ASCEND,1000,0.5,0.5,7,69,2,0.657142857142857,0.971428571428571,0.716917244177643,0.536231884057971,0.0563380281690141,1,0.0289855072463768,1,0.451031684875488
GENIE3,1000,0.5,0.5,7,69,2,0.657142857142857,1,0.723266879127236,0.557568438003221,0.028169014084507,0.5,0.0144927536231884,,68.6181397438049
ARACNE,1000,0.5,0.5,7,69,2,0.657142857142857,1,0.657142857142857,0.5,0.028169014084507,0.5,0.0144927536231884,,21.3235161304474
WGCNA,1000,0.5,0.5,7,69,2,0.657142857142857,1,0.710451123978184,0.548107890499195,0.0563380281690141,1,0.0289855072463768,,1.58954858779907
ASCEND,1000,0.5,0.5,8,60,13,0.571428571428571,0.933333333333333,0.784766345461885,0.666666666666667,0.356164383561644,1,0.216666666666667,0.923076923076923,0.777417898178101
GENIE3,1000,0.5,0.5,8,60,13,0.571428571428571,1,0.71647651298099,0.66037037037037,0.273972602739726,0.769230769230769,0.166666666666667,,69.3419306278229
ARACNE,1000,0.5,0.5,8,60,13,0.571428571428571,1,0.571428571428571,0.5,0.219178082191781,0.615384615384615,0.133333333333333,,21.3720512390137
WGCNA,1000,0.5,0.5,8,60,13,0.571428571428571,1,0.599985567481674,0.537037037037037,0.219178082191781,0.615384615384615,0.133333333333333,,1.43130230903626
ASCEND,1000,0.5,0.5,9,74,7,0.704761904761905,0.980952380952381,0.781685352207844,0.560810810810811,0.17283950617284,1,0.0945945945945946,0.285714285714286,0.557403326034546
GENIE3,1000,0.5,0.5,9,74,7,0.704761904761905,1,0.691534708830239,0.522231909328684,0.0987654320987654,0.571428571428571,0.0540540540540541,,68.8190934658051
ARACNE,1000,0.5,0.5,9,74,7,0.704761904761905,1,0.704761904761905,0.5,0.0987654320987654,0.571428571428571,0.0540540540540541,,21.316397190094
WGCNA,1000,0.5,0.5,9,74,7,0.704761904761905,1,0.664679162759242,0.586312118570183,0.0987654320987654,0.571428571428571,0.0540540540540541,,1.61779880523682
ASCEND,1000,0.5,0.5,10,79,7,0.752380952380952,0.942857142857143,0.833591050143964,0.582278481012658,0.162790697674419,1,0.0886075949367089,0.857142857142857,0.487153768539429
GENIE3,1000,0.5,0.5,10,79,7,0.752380952380952,1,0.690945166291944,0.621713729308666,0.0930232558139535,0.571428571428571,0.0506329113924051,,68.7510161399841
ARACNE,1000,0.5,0.5,10,79,7,0.752380952380952,1,0.752380952380952,0.5,0.0930232558139535,0.571428571428571,0.0506329113924051,,20.9273195266724
WGCNA,1000,0.5,0.5,10,79,7,0.752380952380952,1,0.707920545489943,0.577409931840312,0.0697674418604651,0.428571428571429,0.0379746835443038,,1.53946781158447
ASCEND,1000,0.5,0.5,11,43,9,0.40952380952381,0.961904761904762,0.66861642690077,0.651162790697675,0.346153846153846,1,0.209302325581395,1,0.711718559265137
GENIE3,1000,0.5,0.5,11,43,9,0.40952380952381,1,0.504001296703336,0.651162790697675,0.115384615384615,0.333333333333333,0.0697674418604651,,68.9234781265259
ARACNE,1000,0.5,0.5,11,43,9,0.40952380952381,1,0.40952380952381,0.5,0.269230769230769,0.777777777777778,0.162790697674419,,21.5125377178192
WGCNA,1000,0.5,0.5,11,43,9,0.40952380952381,1,0.338071704165006,0.648537134283571,0.0384615384615385,0.111111111111111,0.0232558139534884,,1.56389880180359
ASCEND,1000,0.5,0.5,12,85,11,0.80952380952381,0.904761904761905,0.892859962462033,0.623529411764706,0.229166666666667,1,0.129411764705882,0.818181818181818,0.881639719009399
GENIE3,1000,0.5,0.5,12,85,11,0.80952380952381,1,0.856253181259015,0.539411764705882,0.229166666666667,1,0.129411764705882,,68.5794258117676
ARACNE,1000,0.5,0.5,12,85,11,0.80952380952381,1,0.80952380952381,0.5,0.208333333333333,0.909090909090909,0.117647058823529,,21.0973052978516
WGCNA,1000,0.5,0.5,12,85,11,0.80952380952381,1,0.813645692802349,0.547647058823529,0.1875,0.818181818181818,0.105882352941176,,1.61713767051697
ASCEND,1000,0.5,0.5,13,68,42,0.647619047619048,0.990476190476191,0.725019448458668,0.605524642289348,0.581818181818182,0.761904761904762,0.470588235294118,0.595238095238095,1.01220631599426
GENIE3,1000,0.5,0.5,13,68,42,0.647619047619048,1,0.76178304359766,0.598171701112878,0.527272727272727,0.690476190476191,0.426470588235294,,69.1145598888397
ARACNE,1000,0.5,0.5,13,68,42,0.647619047619048,1,0.647619047619048,0.5,0.436363636363636,0.571428571428571,0.352941176470588,,21.9415986537933
WGCNA,1000,0.5,0.5,13,68,42,0.647619047619048,1,0.635137702762312,0.522257551669316,0.454545454545455,0.595238095238095,0.367647058823529,,1.10131454467773
ASCEND,1000,0.5,0.5,14,86,18,0.819047619047619,1,0.824292938041898,0.508261933904529,0.288461538461539,0.833333333333333,0.174418604651163,0.333333333333333,0.876836538314819
GENIE3,1000,0.5,0.5,14,86,18,0.819047619047619,1,0.878667385488257,0.645654834761322,0.307692307692308,0.888888888888889,0.186046511627907,,69.0899772644043
ARACNE,1000,0.5,0.5,14,86,18,0.819047619047619,1,0.819047619047619,0.5,0.269230769230769,0.777777777777778,0.162790697674419,,20.856650352478
WGCNA,1000,0.5,0.5,14,86,18,0.819047619047619,1,0.848243141265907,0.556303549571604,0.307692307692308,0.888888888888889,0.186046511627907,,1.55581307411194
ASCEND,1000,0.5,0.5,15,50,6,0.476190476190476,0.942857142857143,0.676332215990907,0.62,0.214285714285714,1,0.12,0.833333333333333,0.558025598526001
GENIE3,1000,0.5,0.5,15,50,6,0.476190476190476,1,0.521479782063215,0.569454545454545,0.178571428571429,0.833333333333333,0.1,,68.5770244598389
ARACNE,1000,0.5,0.5,15,50,6,0.476190476190476,1,0.476190476190476,0.5,0.142857142857143,0.666666666666667,0.08,,20.8273825645447
WGCNA,1000,0.5,0.5,15,50,6,0.476190476190476,1,0.454006840750054,0.548909090909091,0.107142857142857,0.5,0.06,,1.57513213157654
ASCEND,1000,0.5,0.5,16,86,18,0.819047619047619,0.971428571428571,0.851660038448938,0.555997552019584,0.307692307692308,0.888888888888889,0.186046511627907,0.5,0.795917749404907
GENIE3,1000,0.5,0.5,16,86,18,0.819047619047619,1,0.924788441209422,0.736842105263158,0.346153846153846,1,0.209302325581395,,68.1502187252045
ARACNE,1000,0.5,0.5,16,86,18,0.819047619047619,1,0.819047619047619,0.5,0.25,0.722222222222222,0.151162790697674,,21.4072704315186
WGCNA,1000,0.5,0.5,16,86,18,0.819047619047619,1,0.86375935421845,0.555079559363525,0.326923076923077,0.944444444444444,0.197674418604651,,1.5900559425354
ASCEND,1000,0.5,0.5,17,69,1,0.657142857142857,1,0.674128632483794,0.507246376811594,0.0285714285714286,1,0.0144927536231884,0,0.402332544326782
GENIE3,1000,0.5,0.5,17,69,1,0.657142857142857,1,0.719491853194795,0.533816425120773,0.0285714285714286,1,0.0144927536231884,,69.2209169864655
ARACNE,1000,0.5,0.5,17,69,1,0.657142857142857,1,0.657142857142857,0.5,0.0285714285714286,1,0.0144927536231884,,21.2990391254425
WGCNA,1000,0.5,0.5,17,69,1,0.657142857142857,1,0.625812368609224,0.570450885668277,,0,0,,1.61530876159668
ASCEND,1000,0.5,0.5,18,96,25,0.914285714285714,0.971428571428571,0.937698184962605,0.583333333333333,0.396694214876033,0.96,0.25,0.64,0.668546199798584
GENIE3,1000,0.5,0.5,18,96,25,0.914285714285714,1,0.936440810364444,0.548611111111111,0.396694214876033,0.96,0.25,,51.3572874069214
ARACNE,1000,0.5,0.5,18,96,25,0.914285714285714,1,0.914285714285714,0.5,0.330578512396694,0.8,0.208333333333333,,13.0867056846619
WGCNA,1000,0.5,0.5,18,96,25,0.914285714285714,1,0.919086950815216,0.508101851851852,0.380165289256198,0.92,0.239583333333333,,0.766073703765869
ASCEND,1000,0.5,0.5,19,76,7,0.723809523809524,0.961904761904762,0.713035487999798,0.501814882032668,0.0963855421686747,0.571428571428571,0.0526315789473684,0.285714285714286,0.284720897674561
GENIE3,1000,0.5,0.5,19,76,7,0.723809523809524,1,0.761845631976105,0.569419237749546,0.144578313253012,0.857142857142857,0.0789473684210526,,50.6255004405975
ARACNE,1000,0.5,0.5,19,76,7,0.723809523809524,1,0.723809523809524,0.5,0.144578313253012,0.857142857142857,0.0789473684210526,,13.0508906841278
WGCNA,1000,0.5,0.5,19,76,7,0.723809523809524,1,0.792766517080689,0.602994555353902,0.120481927710843,0.714285714285714,0.0657894736842105,,0.977022886276245
ASCEND,1000,0.5,0.5,20,74,8,0.704761904761905,0.942857142857143,0.774846090822315,0.570401046207498,0.170731707317073,0.875,0.0945945945945946,0.75,0.411440849304199
GENIE3,1000,0.5,0.5,20,74,8,0.704761904761905,1,0.824541651906962,0.636006974716652,0.195121951219512,1,0.108108108108108,,50.7410876750946
ARACNE,1000,0.5,0.5,20,74,8,0.704761904761905,1,0.704761904761905,0.5,0.0975609756097561,0.5,0.0540540540540541,,13.0368690490723
WGCNA,1000,0.5,0.5,20,74,8,0.704761904761905,1,0.735012789827516,0.580645161290323,0.146341463414634,0.75,0.0810810810810811,,1.00012445449829
ASCEND,1000,0.5,0.5,21,72,3,0.685714285714286,0.961904761904762,0.754806119223399,0.548611111111111,0.08,1,0.0416666666666667,0.666666666666667,0.138110160827637
GENIE3,1000,0.5,0.5,21,72,3,0.685714285714286,1,0.678201214543576,0.521043771043771,0.0533333333333333,0.666666666666667,0.0277777777777778,,53.396425485611
ARACNE,1000,0.5,0.5,21,72,3,0.685714285714286,1,0.685714285714286,0.5,0.08,1,0.0416666666666667,,13.1168699264526
WGCNA,1000,0.5,0.5,21,72,3,0.685714285714286,1,0.656648799313309,0.518097643097643,0.0266666666666667,0.333333333333333,0.0138888888888889,,0.742331027984619
ASCEND,1000,0.5,0.5,22,66,7,0.628571428571429,0.980952380952381,0.708862559688567,0.549145299145299,0.191780821917808,1,0.106060606060606,0.571428571428571,0.241472005844116
GENIE3,1000,0.5,0.5,22,66,7,0.628571428571429,1,0.688650011471522,0.52952602952603,0.164383561643836,0.857142857142857,0.0909090909090909,,53.1541018486023
ARACNE,1000,0.5,0.5,22,66,7,0.628571428571429,1,0.628571428571429,0.5,0.0821917808219178,0.428571428571429,0.0454545454545455,,13.2832107543945
WGCNA,1000,0.5,0.5,22,66,7,0.628571428571429,1,0.572868741496542,0.563714063714064,0.0821917808219178,0.428571428571429,0.0454545454545455,,0.764985322952271
ASCEND,1000,0.5,0.5,23,59,0,0.561904761904762,0.933333333333333,0.627950369130935,0.539977892409727,,,0,,0.160442590713501
GENIE3,1000,0.5,0.5,23,59,0,0.561904761904762,1,0.530807531051111,0.543478260869565,,,0,,52.9577305316925
ARACNE,1000,0.5,0.5,23,59,0,0.561904761904762,1,0.561904761904762,0.5,,,0,,13.1674597263336
WGCNA,1000,0.5,0.5,23,59,0,0.561904761904762,1,0.520588874042505,0.539793662490789,,,0,,0.774730682373047
ASCEND,1000,0.5,0.5,24,84,12,0.8,0.942857142857143,0.879546282454964,0.607142857142857,0.25,1,0.142857142857143,0.666666666666667,0.276223182678223
GENIE3,1000,0.5,0.5,24,84,12,0.8,1,0.779312268059481,0.551020408163265,0.166666666666667,0.666666666666667,0.0952380952380952,,52.9436759948731
ARACNE,1000,0.5,0.5,24,84,12,0.8,1,0.8,0.5,0.1875,0.75,0.107142857142857,,13.1804270744324
WGCNA,1000,0.5,0.5,24,84,12,0.8,1,0.769994817188309,0.572278911564626,0.1875,0.75,0.107142857142857,,0.754508972167969
ASCEND,1000,0.5,0.5,25,81,9,0.771428571428571,0.990476190476191,0.833367442128608,0.561728395061729,0.2,1,0.111111111111111,0.555555555555556,0.467249870300293
GENIE3,1000,0.5,0.5,25,81,9,0.771428571428571,1,0.7145289208073,0.654835390946502,0.155555555555556,0.777777777777778,0.0864197530864198,,66.1842570304871
ARACNE,1000,0.5,0.5,25,81,9,0.771428571428571,1,0.771428571428571,0.5,0.155555555555556,0.777777777777778,0.0864197530864198,,12.958221912384
WGCNA,1000,0.5,0.5,25,81,9,0.771428571428571,1,0.839257262726591,0.575617283950617,0.177777777777778,0.888888888888889,0.0987654320987654,,0.577668428421021
ASCEND,1000,0.5,0.5,26,74,14,0.704761904761905,1,0.781684528111017,0.571708805579773,0.295454545454545,0.928571428571429,0.175675675675676,0.571428571428571,0.232656002044678
GENIE3,1000,0.5,0.5,26,74,14,0.704761904761905,1,0.796191193159374,0.580645161290323,0.295454545454545,0.928571428571429,0.175675675675676,,52.8509078025818
ARACNE,1000,0.5,0.5,26,74,14,0.704761904761905,1,0.704761904761905,0.5,0.204545454545455,0.642857142857143,0.121621621621622,,13.0661413669586
WGCNA,1000,0.5,0.5,26,74,14,0.704761904761905,1,0.767260138496445,0.574760244115083,0.227272727272727,0.714285714285714,0.135135135135135,,0.687231063842773
ASCEND,1000,0.5,0.5,27,76,11,0.723809523809524,0.942857142857143,0.774156816276583,0.561479128856624,0.206896551724138,0.818181818181818,0.118421052631579,0.363636363636364,0.636683225631714
GENIE3,1000,0.5,0.5,27,76,11,0.723809523809524,1,0.793080930344236,0.581215970961888,0.206896551724138,0.818181818181818,0.118421052631579,,72.4254553318024
ARACNE,1000,0.5,0.5,27,76,11,0.723809523809524,1,0.723809523809524,0.5,0.114942528735632,0.454545454545455,0.0657894736842105,,21.1171298027039
WGCNA,1000,0.5,0.5,27,76,11,0.723809523809524,1,0.739536666398615,0.598457350272232,0.183908045977012,0.727272727272727,0.105263157894737,,1.12601637840271
ASCEND,1000,0.5,0.5,28,69,2,0.657142857142857,0.961904761904762,0.697250853134753,0.522745571658615,0.0563380281690141,1,0.0289855072463768,0.5,0.405871391296387
GENIE3,1000,0.5,0.5,28,69,2,0.657142857142857,1,0.767826240779059,0.615136876006441,0.0563380281690141,1,0.0289855072463768,,63.7815065383911
ARACNE,1000,0.5,0.5,28,69,2,0.657142857142857,1,0.657142857142857,0.5,,0,0,,12.5746805667877
WGCNA,1000,0.5,0.5,28,69,2,0.657142857142857,1,0.72141269145577,0.534219001610306,0.0563380281690141,1,0.0289855072463768,,0.616631984710693
ASCEND,1000,0.5,0.5,29,65,2,0.619047619047619,0.990476190476191,0.665057506842755,0.523076923076923,0.0597014925373135,1,0.0307692307692308,1,0.275614261627197
GENIE3,1000,0.5,0.5,29,65,2,0.619047619047619,1,0.678387283925265,0.560384615384615,0.0597014925373135,1,0.0307692307692308,,72.48277592659
ARACNE,1000,0.5,0.5,29,65,2,0.619047619047619,1,0.619047619047619,0.5,0.0597014925373135,1,0.0307692307692308,,20.8868515491486
WGCNA,1000,0.5,0.5,29,65,2,0.619047619047619,1,0.656346976390192,0.548076923076923,0.0298507462686567,0.5,0.0153846153846154,,1.05971312522888
ASCEND,1000,0.5,0.5,30,67,5,0.638095238095238,1,0.664482712916431,0.516692851531815,0.111111111111111,0.8,0.0597014925373134,0.4,0.582129001617432
GENIE3,1000,0.5,0.5,30,67,5,0.638095238095238,1,0.656119033466339,0.510997643362137,0.111111111111111,0.8,0.0597014925373134,,70.3232033252716
ARACNE,1000,0.5,0.5,30,67,5,0.638095238095238,1,0.638095238095238,0.5,0.0555555555555556,0.4,0.0298507462686567,,12.8980894088745
WGCNA,1000,0.5,0.5,30,67,5,0.638095238095238,1,0.662877861245256,0.534564021995287,0.111111111111111,0.8,0.0597014925373134,,0.576095581054688
ASCEND,1000,0.5,0.5,31,53,9,0.504761904761905,0.952380952380952,0.626431318684681,0.592162554426705,0.225806451612903,0.777777777777778,0.132075471698113,0.777777777777778,0.346964836120605
GENIE3,1000,0.5,0.5,31,53,9,0.504761904761905,1,0.514541690254247,0.514876632801161,0.161290322580645,0.555555555555556,0.0943396226415094,,68.4849581718445
ARACNE,1000,0.5,0.5,31,53,9,0.504761904761905,1,0.504761904761905,0.5,0.193548387096774,0.666666666666667,0.113207547169811,,21.0900530815125
WGCNA,1000,0.5,0.5,31,53,9,0.504761904761905,1,0.490740473072599,0.539731494920174,0.161290322580645,0.555555555555556,0.0943396226415094,,0.917911767959595
ASCEND,1000,0.5,0.5,32,78,6,0.742857142857143,0.952380952380952,0.818411044233917,0.57051282051282,0.142857142857143,1,0.0769230769230769,0.333333333333333,0.377093315124512
GENIE3,1000,0.5,0.5,32,78,6,0.742857142857143,1,0.860279046906819,0.65954415954416,0.142857142857143,1,0.0769230769230769,,73.3489985466003
ARACNE,1000,0.5,0.5,32,78,6,0.742857142857143,1,0.742857142857143,0.5,0.142857142857143,1,0.0769230769230769,,18.348509311676
WGCNA,1000,0.5,0.5,32,78,6,0.742857142857143,1,0.824984508491076,0.590218423551757,0.142857142857143,1,0.0769230769230769,,0.615978002548218
ASCEND,1000,0.5,0.5,33,74,2,0.704761904761905,1,0.729685236641357,0.513513513513514,0.0526315789473684,1,0.027027027027027,0,0.240670680999756
GENIE3,1000,0.5,0.5,33,74,2,0.704761904761905,1,0.760957921911548,0.561900610287707,0.0526315789473684,1,0.027027027027027,,72.2846553325653
ARACNE,1000,0.5,0.5,33,74,2,0.704761904761905,1,0.704761904761905,0.5,0.0526315789473684,1,0.027027027027027,,20.8719556331635
WGCNA,1000,0.5,0.5,33,74,2,0.704761904761905,1,0.73976881498487,0.540104620749782,0.0526315789473684,1,0.027027027027027,,0.735530138015747
ASCEND,1000,0.5,0.5,34,75,12,0.714285714285714,0.895238095238095,0.825859307111985,0.612,0.275862068965517,1,0.16,0.583333333333333,0.60852313041687
GENIE3,1000,0.5,0.5,34,75,12,0.714285714285714,1,0.782891717435718,0.553777777777778,0.252873563218391,0.916666666666667,0.146666666666667,,64.2875103950501
ARACNE,1000,0.5,0.5,34,75,12,0.714285714285714,1,0.714285714285714,0.5,0.183908045977012,0.666666666666667,0.106666666666667,,12.5627665519714
WGCNA,1000,0.5,0.5,34,75,12,0.714285714285714,1,0.754759833357927,0.544444444444444,0.206896551724138,0.75,0.12,,0.623950719833374
ASCEND,1000,0.5,0.5,35,32,11,0.304761904761905,0.990476190476191,0.533388769394361,0.642123287671233,0.418604651162791,0.818181818181818,0.28125,0.636363636363636,0.471541881561279
GENIE3,1000,0.5,0.5,35,32,11,0.304761904761905,1,0.385065455164404,0.519691780821918,0.232558139534884,0.454545454545455,0.15625,,69.9100751876831
ARACNE,1000,0.5,0.5,35,32,11,0.304761904761905,1,0.304761904761905,0.5,0.13953488372093,0.272727272727273,0.09375,,17.7166583538055
WGCNA,1000,0.5,0.5,35,32,11,0.304761904761905,1,0.328356529377275,0.520547945205479,0.0930232558139535,0.181818181818182,0.0625,,0.655633926391602
ASCEND,1000,0.5,0.5,36,82,9,0.780952380952381,0.914285714285714,0.868952053047825,0.609756097560976,0.197802197802198,1,0.109756097560976,0.666666666666667,0.575342655181885
GENIE3,1000,0.5,0.5,36,82,9,0.780952380952381,1,0.808652700741165,0.528632025450689,0.175824175824176,0.888888888888889,0.0975609756097561,,72.077011346817
ARACNE,1000,0.5,0.5,36,82,9,0.780952380952381,1,0.780952380952381,0.5,0.197802197802198,1,0.109756097560976,,21.3418433666229
WGCNA,1000,0.5,0.5,36,82,9,0.780952380952381,1,0.796201422987891,0.509013785790032,0.175824175824176,0.888888888888889,0.0975609756097561,,1.10546207427979
ASCEND,1000,0.5,0.5,37,93,5,0.885714285714286,0.971428571428571,0.910938707137159,0.543010752688172,0.102040816326531,1,0.0537634408602151,1,0.52738094329834
GENIE3,1000,0.5,0.5,37,93,5,0.885714285714286,1,0.897281799958303,0.50179211469534,0.102040816326531,1,0.0537634408602151,,72.1510090827942
ARACNE,1000,0.5,0.5,37,93,5,0.885714285714286,1,0.885714285714286,0.5,0.102040816326531,1,0.0537634408602151,,21.1414616107941
WGCNA,1000,0.5,0.5,37,93,5,0.885714285714286,1,0.842622241813714,0.633064516129032,0.0816326530612245,0.8,0.0430107526881721,,1.05309081077576
ASCEND,1000,0.5,0.5,38,82,0,0.780952380952381,0.980952380952381,0.798900372743942,0.51219512195122,,,0,,0.120750665664673
GENIE3,1000,0.5,0.5,38,82,0,0.780952380952381,1,0.887752421250437,0.679745493107105,,,0,,52.7659330368042
ARACNE,1000,0.5,0.5,38,82,0,0.780952380952381,1,0.780952380952381,0.5,,,0,,13.0804190635681
WGCNA,1000,0.5,0.5,38,82,0,0.780952380952381,1,0.78866285040273,0.519088016967126,,,0,,0.759408950805664
ASCEND,1000,0.5,0.5,39,40,6,0.380952380952381,0.990476190476191,0.477114215798413,0.548076923076923,0.217391304347826,0.833333333333333,0.125,0.333333333333333,0.151855945587158
GENIE3,1000,0.5,0.5,39,40,6,0.380952380952381,1,0.43476130642926,0.563461538461539,0.0869565217391305,0.333333333333333,0.05,,52.5776860713959
ARACNE,1000,0.5,0.5,39,40,6,0.380952380952381,1,0.380952380952381,0.5,0.0434782608695652,0.166666666666667,0.025,,13.2624986171722
WGCNA,1000,0.5,0.5,39,40,6,0.380952380952381,1,0.42378649466841,0.519230769230769,0.173913043478261,0.666666666666667,0.1,,0.691193103790283
ASCEND,1000,0.5,0.5,40,76,19,0.723809523809524,0.952380952380952,0.862159989982569,0.657894736842105,0.4,1,0.25,0.736842105263158,0.310798406600952
GENIE3,1000,0.5,0.5,40,76,19,0.723809523809524,1,0.696452454367811,0.520417422867514,0.273684210526316,0.68421052631579,0.171052631578947,,53.4798107147217
ARACNE,1000,0.5,0.5,40,76,19,0.723809523809524,1,0.723809523809524,0.5,0.357894736842105,0.894736842105263,0.223684210526316,,13.4689013957977
WGCNA,1000,0.5,0.5,40,76,19,0.723809523809524,1,0.707478981886151,0.540607985480944,0.273684210526316,0.68421052631579,0.171052631578947,,0.690771579742432
ASCEND,1000,0.5,0.5,41,66,15,0.628571428571429,0.971428571428571,0.705277852755342,0.573426573426573,0.296296296296296,0.8,0.181818181818182,0.666666666666667,0.356341600418091
GENIE3,1000,0.5,0.5,41,66,15,0.628571428571429,1,0.764290435623187,0.624320124320124,0.296296296296296,0.8,0.181818181818182,,55.7163088321686
ARACNE,1000,0.5,0.5,41,66,15,0.628571428571429,1,0.628571428571429,0.5,0.222222222222222,0.6,0.136363636363636,,11.0086843967438
WGCNA,1000,0.5,0.5,41,66,15,0.628571428571429,1,0.706218825209764,0.573038073038073,0.246913580246914,0.666666666666667,0.151515151515152,,0.551589488983154
ASCEND,1000,0.5,0.5,42,75,8,0.714285714285714,0.961904761904762,0.724447280209808,0.51,0.144578313253012,0.75,0.08,0.625,0.247158288955689
GENIE3,1000,0.5,0.5,42,75,8,0.714285714285714,1,0.789421052011524,0.566222222222222,0.192771084337349,1,0.106666666666667,,54.8401441574097
ARACNE,1000,0.5,0.5,42,75,8,0.714285714285714,1,0.714285714285714,0.5,0.144578313253012,0.75,0.08,,10.8179800510407
WGCNA,1000,0.5,0.5,42,75,8,0.714285714285714,1,0.636618234742328,0.671111111111111,0.120481927710843,0.625,0.0666666666666667,,0.593233585357666
ASCEND,1000,0.5,0.5,43,67,14,0.638095238095238,0.952380952380952,0.741222937356929,0.598586017282011,0.296296296296296,0.857142857142857,0.17910447761194,0.714285714285714,0.314822435379028
GENIE3,1000,0.5,0.5,43,67,14,0.638095238095238,1,0.758179698036986,0.600549882168107,0.296296296296296,0.857142857142857,0.17910447761194,,52.1276679039002
ARACNE,1000,0.5,0.5,43,67,14,0.638095238095238,1,0.638095238095238,0.5,0.197530864197531,0.571428571428571,0.119402985074627,,11.5004281997681
WGCNA,1000,0.5,0.5,43,67,14,0.638095238095238,1,0.658322031389524,0.525530243519246,0.17283950617284,0.5,0.104477611940299,,0.97968864440918
ASCEND,1000,0.5,0.5,44,71,4,0.676190476190476,0.923809523809524,0.758797486169972,0.563587406793704,0.106666666666667,1,0.0563380281690141,0.5,0.252422571182251
GENIE3,1000,0.5,0.5,44,71,4,0.676190476190476,1,0.791234784656315,0.648715824357912,0.106666666666667,1,0.0563380281690141,,53.2657659053803
ARACNE,1000,0.5,0.5,44,71,4,0.676190476190476,1,0.676190476190476,0.5,0.08,0.75,0.0422535211267606,,10.9608187675476
WGCNA,1000,0.5,0.5,44,71,4,0.676190476190476,1,0.68429649615671,0.54142502071251,0.0533333333333333,0.5,0.028169014084507,,0.597321510314941
ASCEND,1000,0.5,0.5,45,81,5,0.771428571428571,0.942857142857143,0.817583297417611,0.542181069958848,0.116279069767442,1,0.0617283950617284,0.6,0.163110494613647
GENIE3,1000,0.5,0.5,45,81,5,0.771428571428571,1,0.867750811580809,0.650205761316872,0.116279069767442,1,0.0617283950617284,,47.4815649986267
ARACNE,1000,0.5,0.5,45,81,5,0.771428571428571,1,0.771428571428571,0.5,0.0930232558139535,0.8,0.0493827160493827,,10.662912607193
WGCNA,1000,0.5,0.5,45,81,5,0.771428571428571,1,0.747327171383269,0.567901234567901,0.0697674418604651,0.6,0.037037037037037,,0.54050350189209
ASCEND,1000,0.5,0.5,46,80,6,0.761904761904762,0.923809523809524,0.843609255788139,0.5875,0.13953488372093,1,0.075,0.5,0.257444381713867
GENIE3,1000,0.5,0.5,46,80,6,0.761904761904762,1,0.788233244299493,0.5585,0.13953488372093,1,0.075,,55.2532370090485
ARACNE,1000,0.5,0.5,46,80,6,0.761904761904762,1,0.761904761904762,0.5,0.0930232558139535,0.666666666666667,0.05,,10.9319734573364
WGCNA,1000,0.5,0.5,46,80,6,0.761904761904762,1,0.726209924927902,0.656,0.116279069767442,0.833333333333333,0.0625,,0.583402156829834
ASCEND,1000,0.5,0.5,47,77,19,0.733333333333333,0.980952380952381,0.818524140767119,0.591604823747681,0.375,0.947368421052632,0.233766233766234,0.631578947368421,0.611955642700195
GENIE3,1000,0.5,0.5,47,77,19,0.733333333333333,1,0.755990105813239,0.51669758812616,0.291666666666667,0.736842105263158,0.181818181818182,,46.8495707511902
ARACNE,1000,0.5,0.5,47,77,19,0.733333333333333,1,0.733333333333333,0.5,0.270833333333333,0.68421052631579,0.168831168831169,,10.6974799633026
WGCNA,1000,0.5,0.5,47,77,19,0.733333333333333,1,0.71790117635779,0.50278293135436,0.291666666666667,0.736842105263158,0.181818181818182,,0.656479120254517
ASCEND,1000,0.5,0.5,48,69,4,0.657142857142857,0.904761904761905,0.737615027501206,0.578301127214171,0.0821917808219178,0.75,0.0434782608695652,0.25,0.177268266677856
GENIE3,1000,0.5,0.5,48,69,4,0.657142857142857,1,0.763154876225967,0.61634460547504,0.10958904109589,1,0.0579710144927536,,47.0773544311524
ARACNE,1000,0.5,0.5,48,69,4,0.657142857142857,1,0.657142857142857,0.5,0.0821917808219178,0.75,0.0434782608695652,,10.4989953041077
WGCNA,1000,0.5,0.5,48,69,4,0.657142857142857,1,0.586663198078274,0.571658615136876,0.0547945205479452,0.5,0.0289855072463768,,0.545328140258789
ASCEND,1000,0.5,0.5,49,88,6,0.838095238095238,0.971428571428571,0.846039865120084,0.515040106951872,0.106382978723404,0.833333333333333,0.0568181818181818,0.5,0.294164896011353
GENIE3,1000,0.5,0.5,49,88,6,0.838095238095238,1,0.889329829887203,0.572192513368984,0.127659574468085,1,0.0681818181818182,,46.0786459445953
ARACNE,1000,0.5,0.5,49,88,6,0.838095238095238,1,0.838095238095238,0.5,0.0851063829787234,0.666666666666667,0.0454545454545455,,10.70472407341
WGCNA,1000,0.5,0.5,49,88,6,0.838095238095238,1,0.860053476337515,0.516711229946524,0.127659574468085,1,0.0681818181818182,,0.538373470306397
ASCEND,1000,0.5,0.5,50,65,9,0.619047619047619,0.971428571428571,0.747450974567804,0.592307692307692,0.243243243243243,1,0.138461538461538,0.555555555555556,0.218734264373779
GENIE3,1000,0.5,0.5,50,65,9,0.619047619047619,1,0.736070104918133,0.578846153846154,0.243243243243243,1,0.138461538461538,,45.9476296901703
ARACNE,1000,0.5,0.5,50,65,9,0.619047619047619,1,0.619047619047619,0.5,0.162162162162162,0.666666666666667,0.0923076923076923,,10.7308580875397
WGCNA,1000,0.5,0.5,50,65,9,0.619047619047619,1,0.689298331552717,0.593076923076923,0.162162162162162,0.666666666666667,0.0923076923076923,,0.550877094268799
ASCEND,1000,0.5,0.7,1,65,4,0.619047619047619,0.961904761904762,0.69019002413096,0.542115384615385,0.115942028985507,1,0.0615384615384615,1,0.269644737243652
GENIE3,1000,0.5,0.7,1,65,4,0.619047619047619,1,0.630661443745701,0.523846153846154,0.0869565217391304,0.75,0.0461538461538462,,51.6819024085999
ARACNE,1000,0.5,0.7,1,65,4,0.619047619047619,1,0.619047619047619,0.5,0.0869565217391304,0.75,0.0461538461538462,,12.9963324069977
WGCNA,1000,0.5,0.7,1,65,4,0.619047619047619,1,0.616477005257416,0.562884615384616,0.0869565217391304,0.75,0.0461538461538462,,0.928238391876221
ASCEND,1000,0.5,0.7,2,66,6,0.628571428571429,0.933333333333333,0.718892561154019,0.576728826728827,0.138888888888889,0.833333333333333,0.0757575757575758,0.833333333333333,0.307226181030273
GENIE3,1000,0.5,0.7,2,66,6,0.628571428571429,1,0.715618185161624,0.541569541569542,0.166666666666667,1,0.0909090909090909,,51.9140596389771
ARACNE,1000,0.5,0.7,2,66,6,0.628571428571429,1,0.628571428571429,0.5,0.111111111111111,0.666666666666667,0.0606060606060606,,12.9318740367889
WGCNA,1000,0.5,0.7,2,66,6,0.628571428571429,1,0.724009406507523,0.58041958041958,0.138888888888889,0.833333333333333,0.0757575757575758,,0.974301099777222
ASCEND,1000,0.5,0.7,3,59,7,0.561904761904762,0.980952380952381,0.687452975108509,0.576271186440678,0.212121212121212,1,0.11864406779661,0.571428571428571,0.312366724014282
GENIE3,1000,0.5,0.7,3,59,7,0.561904761904762,1,0.572597168982732,0.524318349299926,0.121212121212121,0.571428571428571,0.0677966101694915,,51.8998358249664
ARACNE,1000,0.5,0.7,3,59,7,0.561904761904762,1,0.561904761904762,0.5,0.151515151515152,0.714285714285714,0.0847457627118644,,12.7964646816254
WGCNA,1000,0.5,0.7,3,59,7,0.561904761904762,1,0.514180623429316,0.591193809874724,0.0909090909090909,0.428571428571429,0.0508474576271187,,0.93079400062561
ASCEND,1000,0.5,0.7,4,81,33,0.771428571428571,0.942857142857143,0.824493798256818,0.597993827160494,0.491228070175439,0.848484848484848,0.345679012345679,0.484848484848485,0.653317928314209
GENIE3,1000,0.5,0.7,4,81,33,0.771428571428571,1,0.786459667414262,0.520061728395062,0.456140350877193,0.787878787878788,0.320987654320988,,51.5084867477417
ARACNE,1000,0.5,0.7,4,81,33,0.771428571428571,1,0.771428571428571,0.5,0.508771929824561,0.878787878787879,0.358024691358025,,13.3618292808533
WGCNA,1000,0.5,0.7,4,81,33,0.771428571428571,1,0.810382112120247,0.579732510288066,0.473684210526316,0.818181818181818,0.333333333333333,,0.985675811767578
ASCEND,1000,0.5,0.7,5,78,20,0.742857142857143,0.961904761904762,0.821397636479819,0.602089268755935,0.36734693877551,0.9,0.230769230769231,0.65,0.902532577514648
GENIE3,1000,0.5,0.7,5,78,20,0.742857142857143,1,0.791865167145517,0.588793922127255,0.326530612244898,0.8,0.205128205128205,,69.8433892726898
ARACNE,1000,0.5,0.7,5,78,20,0.742857142857143,1,0.742857142857143,0.5,0.326530612244898,0.8,0.205128205128205,,22.2817211151123
WGCNA,1000,0.5,0.7,5,78,20,0.742857142857143,1,0.767694328405544,0.507597340930674,0.306122448979592,0.75,0.192307692307692,,1.65628552436829
ASCEND,1000,0.5,0.7,6,89,6,0.847619047619048,0.942857142857143,0.892812561179721,0.567415730337079,0.126315789473684,1,0.0674157303370787,0.5,0.517298936843872
GENIE3,1000,0.5,0.7,6,89,6,0.847619047619048,1,0.923599642773435,0.655898876404494,0.126315789473684,1,0.0674157303370787,,51.3871457576752
ARACNE,1000,0.5,0.7,6,89,6,0.847619047619048,1,0.847619047619048,0.5,0.0842105263157895,0.666666666666667,0.0449438202247191,,13.218435049057
WGCNA,1000,0.5,0.7,6,89,6,0.847619047619048,1,0.866333118783159,0.512640449438202,0.126315789473684,1,0.0674157303370787,,0.983487367630005
ASCEND,1000,0.5,0.7,7,74,37,0.704761904761905,1,0.822657151590195,0.658456843940715,0.594594594594595,0.891891891891892,0.445945945945946,0.72972972972973,1.06923675537109
GENIE3,1000,0.5,0.7,7,74,37,0.704761904761905,1,0.74482009824897,0.57279860505667,0.486486486486487,0.72972972972973,0.364864864864865,,69.5762596130371
ARACNE,1000,0.5,0.7,7,74,37,0.704761904761905,1,0.704761904761905,0.5,0.468468468468469,0.702702702702703,0.351351351351351,,22.1152455806732
WGCNA,1000,0.5,0.7,7,74,37,0.704761904761905,1,0.697879215862636,0.521795989537925,0.432432432432432,0.648648648648649,0.324324324324324,,1.58994340896606
ASCEND,1000,0.5,0.7,8,79,9,0.752380952380952,0.990476190476191,0.790019735143854,0.537487828627069,0.181818181818182,0.888888888888889,0.10126582278481,0.777777777777778,0.508796691894531
GENIE3,1000,0.5,0.7,8,79,9,0.752380952380952,1,0.740006928484107,0.539435248296008,0.136363636363636,0.666666666666667,0.0759493670886076,,52.0323328971863
ARACNE,1000,0.5,0.7,8,79,9,0.752380952380952,1,0.752380952380952,0.5,0.159090909090909,0.777777777777778,0.0886075949367089,,13.2237977981567
WGCNA,1000,0.5,0.7,8,79,9,0.752380952380952,1,0.796401842906905,0.574001947419669,0.181818181818182,0.888888888888889,0.10126582278481,,0.917773008346558
ASCEND,1000,0.5,0.7,9,78,5,0.742857142857143,0.961904761904762,0.808504842056867,0.557692307692308,0.120481927710843,1,0.0641025641025641,0.8,0.416212320327759
GENIE3,1000,0.5,0.7,9,78,5,0.742857142857143,1,0.731589057260046,0.517094017094017,0.072289156626506,0.6,0.0384615384615385,,69.9861693382263
ARACNE,1000,0.5,0.7,9,78,5,0.742857142857143,1,0.742857142857143,0.5,0.0963855421686747,0.8,0.0512820512820513,,21.7981100082397
WGCNA,1000,0.5,0.7,9,78,5,0.742857142857143,1,0.768994337831239,0.536087369420703,0.120481927710843,1,0.0641025641025641,,1.61451864242554
ASCEND,1000,0.5,0.7,10,59,11,0.561904761904762,0.980952380952381,0.689043891746148,0.590456890198968,0.285714285714286,0.909090909090909,0.169491525423729,0.727272727272727,0.663215398788452
GENIE3,1000,0.5,0.7,10,59,11,0.561904761904762,1,0.646823420804734,0.596904937361828,0.228571428571429,0.727272727272727,0.135593220338983,,69.2956335544586
ARACNE,1000,0.5,0.7,10,59,11,0.561904761904762,1,0.561904761904762,0.5,0.114285714285714,0.363636363636364,0.0677966101694915,,21.7032806873322
WGCNA,1000,0.5,0.7,10,59,11,0.561904761904762,1,0.710415914375026,0.654384672070744,0.228571428571429,0.727272727272727,0.135593220338983,,1.53399872779846
ASCEND,1000,0.5,0.7,11,88,24,0.838095238095238,0.980952380952381,0.876995345064314,0.57620320855615,0.392857142857143,0.916666666666667,0.25,0.583333333333333,0.973963260650635
GENIE3,1000,0.5,0.7,11,88,24,0.838095238095238,1,0.865155857145706,0.535427807486631,0.375,0.875,0.238636363636364,,69.6172881126404
ARACNE,1000,0.5,0.7,11,88,24,0.838095238095238,1,0.838095238095238,0.5,0.375,0.875,0.238636363636364,,22.2031965255737
WGCNA,1000,0.5,0.7,11,88,24,0.838095238095238,1,0.878804082507245,0.543449197860963,0.392857142857143,0.916666666666667,0.25,,1.65471172332764
ASCEND,1000,0.5,0.7,12,72,6,0.685714285714286,0.990476190476191,0.754806119223399,0.548611111111111,0.153846153846154,1,0.0833333333333333,0.833333333333333,0.440800666809082
GENIE3,1000,0.5,0.7,12,72,6,0.685714285714286,1,0.649099708800655,0.550925925925926,0.0512820512820513,0.333333333333333,0.0277777777777778,,68.7375752925873
ARACNE,1000,0.5,0.7,12,72,6,0.685714285714286,1,0.685714285714286,0.5,0.102564102564103,0.666666666666667,0.0555555555555556,,21.6807961463928
WGCNA,1000,0.5,0.7,12,72,6,0.685714285714286,1,0.680832018351162,0.503787878787879,0.0769230769230769,0.5,0.0416666666666667,,1.51132655143738
ASCEND,1000,0.5,0.7,13,89,29,0.847619047619048,0.961904761904762,0.877256372099351,0.570575842696629,0.440677966101695,0.896551724137931,0.292134831460674,0.620689655172414,0.916160106658936
GENIE3,1000,0.5,0.7,13,89,29,0.847619047619048,1,0.913840114845052,0.656601123595506,0.457627118644068,0.931034482758621,0.303370786516854,,69.3475961685181
ARACNE,1000,0.5,0.7,13,89,29,0.847619047619048,1,0.847619047619048,0.5,0.423728813559322,0.862068965517241,0.280898876404494,,22.2047019004822
WGCNA,1000,0.5,0.7,13,89,29,0.847619047619048,1,0.83067208584935,0.603932584269663,0.423728813559322,0.862068965517241,0.280898876404494,,1.59394001960754
ASCEND,1000,0.5,0.7,14,66,29,0.628571428571429,0.990476190476191,0.644726844521146,0.521367521367521,0.4,0.655172413793103,0.287878787878788,0.448275862068966,0.973948955535889
GENIE3,1000,0.5,0.7,14,66,29,0.628571428571429,1,0.691192777399524,0.547008547008547,0.421052631578947,0.689655172413793,0.303030303030303,,69.425651550293
ARACNE,1000,0.5,0.7,14,66,29,0.628571428571429,1,0.628571428571429,0.5,0.378947368421053,0.620689655172414,0.272727272727273,,22.2891433238983
WGCNA,1000,0.5,0.7,14,66,29,0.628571428571429,1,0.599171450643495,0.558275058275058,0.378947368421053,0.620689655172414,0.272727272727273,,1.65717911720276
ASCEND,1000,0.5,0.7,15,67,6,0.638095238095238,0.990476190476191,0.682852860690245,0.531421838177533,0.136986301369863,0.833333333333333,0.0746268656716418,0.5,0.651644706726074
GENIE3,1000,0.5,0.7,15,67,6,0.638095238095238,1,0.699307213854612,0.529065200314218,0.164383561643836,1,0.0895522388059701,,69.6312513351441
ARACNE,1000,0.5,0.7,15,67,6,0.638095238095238,1,0.638095238095238,0.5,0.136986301369863,0.833333333333333,0.0746268656716418,,22.0442357063293
WGCNA,1000,0.5,0.7,15,67,6,0.638095238095238,1,0.607224026582412,0.569520816967793,0.136986301369863,0.833333333333333,0.0746268656716418,,1.59046101570129
ASCEND,1000,0.5,0.7,16,79,12,0.752380952380952,0.971428571428571,0.841865787342429,0.59493670886076,0.263736263736264,1,0.151898734177215,0.833333333333333,0.750765562057495
GENIE3,1000,0.5,0.7,16,79,12,0.752380952380952,1,0.909186341522317,0.758033106134372,0.263736263736264,1,0.151898734177215,,70.2261233329773
ARACNE,1000,0.5,0.7,16,79,12,0.752380952380952,1,0.752380952380952,0.5,0.241758241758242,0.916666666666667,0.139240506329114,,22.3456287384033
WGCNA,1000,0.5,0.7,16,79,12,0.752380952380952,1,0.837428077887493,0.591528724440117,0.263736263736264,1,0.151898734177215,,1.46108317375183
ASCEND,1000,0.5,0.7,17,78,7,0.742857142857143,0.980952380952381,0.746202521378556,0.506885090218424,0.117647058823529,0.714285714285714,0.0641025641025641,0.714285714285714,0.401583909988403
GENIE3,1000,0.5,0.7,17,78,7,0.742857142857143,1,0.825000864687175,0.57644824311491,0.164705882352941,1,0.0897435897435897,,51.8923063278198
ARACNE,1000,0.5,0.7,17,78,7,0.742857142857143,1,0.742857142857143,0.5,0.0705882352941176,0.428571428571429,0.0384615384615385,,12.9689922332764
WGCNA,1000,0.5,0.7,17,78,7,0.742857142857143,1,0.723261869703645,0.533713200379867,0.0705882352941176,0.428571428571429,0.0384615384615385,,0.987999200820923
ASCEND,1000,0.5,0.7,18,79,19,0.752380952380952,0.952380952380952,0.73859477349507,0.508763388510224,0.26530612244898,0.68421052631579,0.164556962025316,0.315789473684211,0.708830833435059
GENIE3,1000,0.5,0.7,18,79,19,0.752380952380952,1,0.824868576908276,0.541382667964947,0.36734693877551,0.947368421052632,0.227848101265823,,70.6902306079865
ARACNE,1000,0.5,0.7,18,79,19,0.752380952380952,1,0.752380952380952,0.5,0.26530612244898,0.68421052631579,0.164556962025316,,21.7660121917725
WGCNA,1000,0.5,0.7,18,79,19,0.752380952380952,1,0.777164534029637,0.52555988315482,0.285714285714286,0.736842105263158,0.177215189873418,,1.61355781555176
ASCEND,1000,0.5,0.7,19,54,23,0.514285714285714,0.971428571428571,0.608082992591554,0.588598402323893,0.415584415584416,0.695652173913044,0.296296296296296,0.391304347826087,0.654003381729126
GENIE3,1000,0.5,0.7,19,54,23,0.514285714285714,1,0.584182709748797,0.511619462599855,0.337662337662338,0.565217391304348,0.240740740740741,,51.7045068740845
ARACNE,1000,0.5,0.7,19,54,23,0.514285714285714,1,0.514285714285714,0.5,0.25974025974026,0.434782608695652,0.185185185185185,,13.3463604450226
WGCNA,1000,0.5,0.7,19,54,23,0.514285714285714,1,0.564709637622792,0.525417574437182,0.337662337662338,0.565217391304348,0.240740740740741,,0.884008646011353
ASCEND,1000,0.5,0.7,20,75,11,0.714285714285714,0.980952380952381,0.810006751423108,0.586666666666667,0.255813953488372,1,0.146666666666667,0.909090909090909,0.647788763046265
GENIE3,1000,0.5,0.7,20,75,11,0.714285714285714,1,0.719054122728518,0.538666666666667,0.162790697674419,0.636363636363636,0.0933333333333333,,69.6491148471832
ARACNE,1000,0.5,0.7,20,75,11,0.714285714285714,1,0.714285714285714,0.5,0.186046511627907,0.727272727272727,0.106666666666667,,21.6896028518677
WGCNA,1000,0.5,0.7,20,75,11,0.714285714285714,1,0.748610028808615,0.559111111111111,0.162790697674419,0.636363636363636,0.0933333333333333,,1.6109721660614
ASCEND,1000,0.5,0.7,21,90,13,0.857142857142857,0.952380952380952,0.886787529857356,0.559259259259259,0.233009708737864,0.923076923076923,0.133333333333333,0.769230769230769,0.454981803894043
GENIE3,1000,0.5,0.7,21,90,13,0.857142857142857,1,0.871271367762745,0.502962962962963,0.252427184466019,1,0.144444444444444,,54.9908213615418
ARACNE,1000,0.5,0.7,21,90,13,0.857142857142857,1,0.857142857142857,0.5,0.252427184466019,1,0.144444444444444,,13.6090669631958
WGCNA,1000,0.5,0.7,21,90,13,0.857142857142857,1,0.852794766235536,0.533703703703704,0.213592233009709,0.846153846153846,0.122222222222222,,0.720643043518066
ASCEND,1000,0.5,0.7,22,83,30,0.79047619047619,0.961904761904762,0.818934504327997,0.555585980284775,0.442477876106195,0.833333333333333,0.301204819277108,0.566666666666667,0.469174861907959
GENIE3,1000,0.5,0.7,22,83,30,0.79047619047619,1,0.76466959322631,0.524644030668127,0.407079646017699,0.766666666666667,0.27710843373494,,61.3190748691559
ARACNE,1000,0.5,0.7,22,83,30,0.79047619047619,1,0.79047619047619,0.5,0.460176991150443,0.866666666666667,0.313253012048193,,23.0596272945404
WGCNA,1000,0.5,0.7,22,83,30,0.79047619047619,1,0.820993217275268,0.546002190580504,0.460176991150443,0.866666666666667,0.313253012048193,,1.02110886573792
ASCEND,1000,0.5,0.7,23,59,7,0.561904761904762,0.990476190476191,0.677115075536242,0.567796610169492,0.212121212121212,1,0.11864406779661,0.285714285714286,0.295313835144043
GENIE3,1000,0.5,0.7,23,59,7,0.561904761904762,1,0.64038411277351,0.600957995578482,0.121212121212121,0.571428571428571,0.0677966101694915,,62.0839071273804
ARACNE,1000,0.5,0.7,23,59,7,0.561904761904762,1,0.561904761904762,0.5,0.0909090909090909,0.428571428571429,0.0508474576271187,,22.504264831543
WGCNA,1000,0.5,0.7,23,59,7,0.561904761904762,1,0.636900196399253,0.579218865143699,0.121212121212121,0.571428571428571,0.0677966101694915,,1.01484370231628
ASCEND,1000,0.5,0.7,24,73,14,0.695238095238095,0.971428571428571,0.819163995800319,0.616438356164384,0.32183908045977,1,0.191780821917808,0.857142857142857,0.256301641464233
GENIE3,1000,0.5,0.7,24,73,14,0.695238095238095,1,0.795870784861939,0.625856164383562,0.298850574712644,0.928571428571429,0.178082191780822,,54.4473478794098
ARACNE,1000,0.5,0.7,24,73,14,0.695238095238095,1,0.695238095238095,0.5,0.252873563218391,0.785714285714286,0.150684931506849,,13.5622775554657
WGCNA,1000,0.5,0.7,24,73,14,0.695238095238095,1,0.681750605168424,0.546018835616438,0.252873563218391,0.785714285714286,0.150684931506849,,0.764659404754639
ASCEND,1000,0.5,0.7,25,69,12,0.657142857142857,0.990476190476191,0.716402171982511,0.551529790660226,0.246913580246914,0.833333333333333,0.144927536231884,0.666666666666667,0.749133110046387
GENIE3,1000,0.5,0.7,25,69,12,0.657142857142857,1,0.719060669823015,0.561996779388084,0.222222222222222,0.75,0.130434782608696,,57.7464029788971
ARACNE,1000,0.5,0.7,25,69,12,0.657142857142857,1,0.657142857142857,0.5,0.246913580246914,0.833333333333333,0.144927536231884,,15.4546318054199
WGCNA,1000,0.5,0.7,25,69,12,0.657142857142857,1,0.73174481731039,0.598228663446055,0.222222222222222,0.75,0.130434782608696,,0.997169733047485
ASCEND,1000,0.5,0.7,26,63,30,0.6,0.952380952380952,0.733217806859216,0.653061224489796,0.516129032258065,0.8,0.380952380952381,0.7,0.380173444747925
GENIE3,1000,0.5,0.7,26,63,30,0.6,1,0.601369512182052,0.512849584278156,0.43010752688172,0.666666666666667,0.317460317460317,,60.6191952228546
ARACNE,1000,0.5,0.7,26,63,30,0.6,1,0.6,0.5,0.301075268817204,0.466666666666667,0.222222222222222,,22.4736061096191
WGCNA,1000,0.5,0.7,26,63,30,0.6,1,0.651846929548365,0.530990173847317,0.387096774193548,0.6,0.285714285714286,,1.02405595779419
ASCEND,1000,0.5,0.7,27,72,17,0.685714285714286,0.980952380952381,0.824220120259083,0.631944444444445,0.382022471910112,1,0.236111111111111,0.941176470588235,0.532389402389526
GENIE3,1000,0.5,0.7,27,72,17,0.685714285714286,1,0.814643821863218,0.636784511784512,0.337078651685393,0.882352941176471,0.208333333333333,,72.1899137496948
ARACNE,1000,0.5,0.7,27,72,17,0.685714285714286,1,0.685714285714286,0.5,0.247191011235955,0.647058823529412,0.152777777777778,,13.0879082679749
WGCNA,1000,0.5,0.7,27,72,17,0.685714285714286,1,0.763291434689661,0.554292929292929,0.314606741573034,0.823529411764706,0.194444444444444,,0.607409715652466
ASCEND,1000,0.5,0.7,28,84,14,0.8,0.980952380952381,0.823449174126372,0.534580498866213,0.244897959183673,0.857142857142857,0.142857142857143,0.714285714285714,0.278018236160278
GENIE3,1000,0.5,0.7,28,84,14,0.8,1,0.829016750358419,0.567460317460317,0.244897959183673,0.857142857142857,0.142857142857143,,54.6801278591156
ARACNE,1000,0.5,0.7,28,84,14,0.8,1,0.8,0.5,0.224489795918367,0.785714285714286,0.130952380952381,,13.1522643566132
WGCNA,1000,0.5,0.7,28,84,14,0.8,1,0.85746234884043,0.574829931972789,0.26530612244898,0.928571428571429,0.154761904761905,,0.760691165924072
ASCEND,1000,0.5,0.7,29,90,9,0.857142857142857,0.952380952380952,0.9039539671911,0.577777777777778,0.181818181818182,1,0.1,0.555555555555556,0.647085666656494
GENIE3,1000,0.5,0.7,29,90,9,0.857142857142857,1,0.853267846445326,0.515555555555556,0.141414141414141,0.777777777777778,0.0777777777777778,,56.2890751361847
ARACNE,1000,0.5,0.7,29,90,9,0.857142857142857,1,0.857142857142857,0.5,0.161616161616162,0.888888888888889,0.0888888888888889,,13.484005689621
WGCNA,1000,0.5,0.7,29,90,9,0.857142857142857,1,0.895676858110309,0.581481481481482,0.181818181818182,1,0.1,,0.629853963851929
ASCEND,1000,0.5,0.7,30,88,21,0.838095238095238,0.971428571428571,0.86125386125893,0.536096256684492,0.348623853211009,0.904761904761905,0.215909090909091,0.428571428571429,0.831756830215454
GENIE3,1000,0.5,0.7,30,88,21,0.838095238095238,1,0.869035516968839,0.558823529411765,0.348623853211009,0.904761904761905,0.215909090909091,,72.9198520183563
ARACNE,1000,0.5,0.7,30,88,21,0.838095238095238,1,0.838095238095238,0.5,0.330275229357798,0.857142857142857,0.204545454545455,,20.7643623352051
WGCNA,1000,0.5,0.7,30,88,21,0.838095238095238,1,0.86669816825516,0.544786096256685,0.330275229357798,0.857142857142857,0.204545454545455,,1.05311059951782
ASCEND,1000,0.5,0.7,31,76,11,0.723809523809524,0.961904761904762,0.82525134146391,0.598684210526316,0.252873563218391,1,0.144736842105263,0.545454545454545,0.710952281951904
GENIE3,1000,0.5,0.7,31,76,11,0.723809523809524,1,0.718843799946004,0.509528130671506,0.183908045977012,0.727272727272727,0.105263157894737,,66.2627146244049
ARACNE,1000,0.5,0.7,31,76,11,0.723809523809524,1,0.723809523809524,0.5,0.206896551724138,0.818181818181818,0.118421052631579,,12.6392188072205
WGCNA,1000,0.5,0.7,31,76,11,0.723809523809524,1,0.712984982215878,0.524047186932849,0.137931034482759,0.545454545454545,0.0789473684210526,,1.03059935569763
ASCEND,1000,0.5,0.7,32,74,8,0.704761904761905,0.933333333333333,0.814441182748303,0.601351351351351,0.195121951219512,1,0.108108108108108,0.5,0.447354316711426
GENIE3,1000,0.5,0.7,32,74,8,0.704761904761905,1,0.744121683328097,0.52615518744551,0.195121951219512,1,0.108108108108108,,72.6014268398285
ARACNE,1000,0.5,0.7,32,74,8,0.704761904761905,1,0.704761904761905,0.5,0.121951219512195,0.625,0.0675675675675676,,21.0139653682709
WGCNA,1000,0.5,0.7,32,74,8,0.704761904761905,1,0.721828295661718,0.502615518744551,0.121951219512195,0.625,0.0675675675675676,,0.998837947845459
ASCEND,1000,0.5,0.7,33,53,17,0.504761904761905,1,0.612957895635515,0.584179970972424,0.371428571428572,0.764705882352941,0.245283018867925,0.411764705882353,0.607167482376099
GENIE3,1000,0.5,0.7,33,53,17,0.504761904761905,1,0.55378925681175,0.514513788098694,0.257142857142857,0.529411764705882,0.169811320754717,,54.6797549724579
ARACNE,1000,0.5,0.7,33,53,17,0.504761904761905,1,0.504761904761905,0.5,0.314285714285714,0.647058823529412,0.207547169811321,,12.9504308700562
WGCNA,1000,0.5,0.7,33,53,17,0.504761904761905,1,0.512735260642727,0.539912917271408,0.228571428571429,0.470588235294118,0.150943396226415,,0.651350021362305
ASCEND,1000,0.5,0.7,34,85,15,0.80952380952381,0.952380952380952,0.864642970640624,0.585294117647059,0.28,0.933333333333333,0.164705882352941,0.666666666666667,0.789190053939819
GENIE3,1000,0.5,0.7,34,85,15,0.80952380952381,1,0.847556695062233,0.568823529411765,0.28,0.933333333333333,0.164705882352941,,67.5915975570679
ARACNE,1000,0.5,0.7,34,85,15,0.80952380952381,1,0.80952380952381,0.5,0.24,0.8,0.141176470588235,,12.4430136680603
WGCNA,1000,0.5,0.7,34,85,15,0.80952380952381,1,0.903692334382891,0.685882352941177,0.28,0.933333333333333,0.164705882352941,,0.64902925491333
ASCEND,1000,0.5,0.7,35,78,29,0.742857142857143,1,0.824492194684949,0.611111111111111,0.485981308411215,0.896551724137931,0.333333333333333,0.827586206896552,0.824207782745361
GENIE3,1000,0.5,0.7,35,78,29,0.742857142857143,1,0.814849001095778,0.612060778727445,0.429906542056075,0.793103448275862,0.294871794871795,,59.0883858203888
ARACNE,1000,0.5,0.7,35,78,29,0.742857142857143,1,0.742857142857143,0.5,0.411214953271028,0.758620689655172,0.282051282051282,,21.8902192115784
WGCNA,1000,0.5,0.7,35,78,29,0.742857142857143,1,0.785822992200615,0.53988603988604,0.448598130841121,0.827586206896552,0.307692307692308,,0.995035886764526
ASCEND,1000,0.5,0.7,36,55,16,0.523809523809524,0.990476190476191,0.619075842047342,0.577454545454545,0.338028169014085,0.75,0.218181818181818,0.1875,0.536645650863648
GENIE3,1000,0.5,0.7,36,55,16,0.523809523809524,1,0.582105402719539,0.522545454545455,0.309859154929578,0.6875,0.2,,67.6723952293396
ARACNE,1000,0.5,0.7,36,55,16,0.523809523809524,1,0.523809523809524,0.5,0.28169014084507,0.625,0.181818181818182,,12.6010866165161
WGCNA,1000,0.5,0.7,36,55,16,0.523809523809524,1,0.493075098265472,0.544909090909091,0.225352112676056,0.5,0.145454545454545,,0.654909372329712
ASCEND,1000,0.5,0.7,37,89,10,0.847619047619048,0.971428571428571,0.895328112418675,0.573033707865169,0.202020202020202,1,0.112359550561798,0.6,0.27226448059082
GENIE3,1000,0.5,0.7,37,89,10,0.847619047619048,1,0.880870784300172,0.542837078651685,0.181818181818182,0.9,0.101123595505618,,62.0152928829193
ARACNE,1000,0.5,0.7,37,89,10,0.847619047619048,1,0.847619047619048,0.5,0.141414141414141,0.7,0.0786516853932584,,15.9900596141815
WGCNA,1000,0.5,0.7,37,89,10,0.847619047619048,1,0.867238973926886,0.51685393258427,0.181818181818182,0.9,0.101123595505618,,0.647567987442017
ASCEND,1000,0.5,0.7,38,81,9,0.771428571428571,0.971428571428571,0.84169358783181,0.574074074074074,0.2,1,0.111111111111111,0.666666666666667,0.49789834022522
GENIE3,1000,0.5,0.7,38,81,9,0.771428571428571,1,0.835342843403667,0.574074074074074,0.2,1,0.111111111111111,,72.5741486549378
ARACNE,1000,0.5,0.7,38,81,9,0.771428571428571,1,0.771428571428571,0.5,0.177777777777778,0.888888888888889,0.0987654320987654,,20.8999280929565
WGCNA,1000,0.5,0.7,38,81,9,0.771428571428571,1,0.795692461276917,0.527777777777778,0.177777777777778,0.888888888888889,0.0987654320987654,,0.939720392227173
ASCEND,1000,0.5,0.7,39,74,17,0.704761904761905,0.942857142857143,0.810320933835332,0.612031386224935,0.351648351648352,0.941176470588235,0.216216216216216,0.764705882352941,0.398021697998047
GENIE3,1000,0.5,0.7,39,74,17,0.704761904761905,1,0.763962237730295,0.526591107236269,0.307692307692308,0.823529411764706,0.189189189189189,,54.435037612915
ARACNE,1000,0.5,0.7,39,74,17,0.704761904761905,1,0.704761904761905,0.5,0.285714285714286,0.764705882352941,0.175675675675676,,13.2230432033539
WGCNA,1000,0.5,0.7,39,74,17,0.704761904761905,1,0.755949893688705,0.522013949433304,0.263736263736264,0.705882352941177,0.162162162162162,,0.768730640411377
ASCEND,1000,0.5,0.7,40,73,12,0.695238095238095,0.942857142857143,0.823994567970724,0.623287671232877,0.282352941176471,1,0.164383561643836,0.666666666666667,0.585344552993774
GENIE3,1000,0.5,0.7,40,73,12,0.695238095238095,1,0.710111279972112,0.509845890410959,0.188235294117647,0.666666666666667,0.10958904109589,,72.9055941104889
ARACNE,1000,0.5,0.7,40,73,12,0.695238095238095,1,0.695238095238095,0.5,0.258823529411765,0.916666666666667,0.150684931506849,,20.9544599056244
WGCNA,1000,0.5,0.7,40,73,12,0.695238095238095,1,0.720515323620213,0.551369863013699,0.211764705882353,0.75,0.123287671232877,,1.00604176521301
ASCEND,1000,0.5,0.7,41,77,0,0.733333333333333,0.961904761904762,0.771186727461621,0.525974025974026,,,0,,0.182193994522095
GENIE3,1000,0.5,0.7,41,77,0,0.733333333333333,1,0.756375808005928,0.519944341372913,,,0,,52.1081099510193
ARACNE,1000,0.5,0.7,41,77,0,0.733333333333333,1,0.733333333333333,0.5,,,0,,10.9699132442474
WGCNA,1000,0.5,0.7,41,77,0,0.733333333333333,1,0.735380951396319,0.51182745825603,,,0,,0.606003999710083
ASCEND,1000,0.5,0.7,42,70,12,0.666666666666667,0.971428571428571,0.76221401047643,0.585102040816327,0.268292682926829,0.916666666666667,0.157142857142857,0.5,0.553686857223511
GENIE3,1000,0.5,0.7,42,70,12,0.666666666666667,1,0.766557403388719,0.591836734693878,0.268292682926829,0.916666666666667,0.157142857142857,,58.0960702896118
ARACNE,1000,0.5,0.7,42,70,12,0.666666666666667,1,0.666666666666667,0.5,0.170731707317073,0.583333333333333,0.1,,10.5500288009644
WGCNA,1000,0.5,0.7,42,70,12,0.666666666666667,1,0.719972583492788,0.544897959183674,0.219512195121951,0.75,0.128571428571429,,0.552250146865845
ASCEND,1000,0.5,0.7,43,82,23,0.780952380952381,0.923809523809524,0.882062325902757,0.659066808059385,0.419047619047619,0.956521739130435,0.268292682926829,0.869565217391304,0.89051103591919
GENIE3,1000,0.5,0.7,43,82,23,0.780952380952381,1,0.84521848059634,0.608165429480382,0.380952380952381,0.869565217391304,0.24390243902439,,54.4200711250305
ARACNE,1000,0.5,0.7,43,82,23,0.780952380952381,1,0.780952380952381,0.5,0.323809523809524,0.739130434782609,0.207317073170732,,10.9105405807495
WGCNA,1000,0.5,0.7,43,82,23,0.780952380952381,1,0.797821176410756,0.529162248144221,0.323809523809524,0.739130434782609,0.207317073170732,,0.562297821044922
ASCEND,1000,0.5,0.7,44,67,6,0.638095238095238,0.952380952380952,0.751319181588926,0.582089552238806,0.164383561643836,1,0.0895522388059701,0,0.260541915893555
GENIE3,1000,0.5,0.7,44,67,6,0.638095238095238,1,0.74259715546946,0.63668499607227,0.136986301369863,0.833333333333333,0.0746268656716418,,52.0365695953369
ARACNE,1000,0.5,0.7,44,67,6,0.638095238095238,1,0.638095238095238,0.5,0.0821917808219178,0.5,0.0447761194029851,,11.195116519928
WGCNA,1000,0.5,0.7,44,67,6,0.638095238095238,1,0.623579893875709,0.525923016496465,0.0547945205479452,0.333333333333333,0.0298507462686567,,0.602338314056397
ASCEND,1000,0.5,0.7,45,86,15,0.819047619047619,0.942857142857143,0.872247576120722,0.58812729498164,0.277227722772277,0.933333333333333,0.162790697674419,0.666666666666667,0.657785654067993
GENIE3,1000,0.5,0.7,45,86,15,0.819047619047619,1,0.854269117746838,0.558139534883721,0.257425742574257,0.866666666666667,0.151162790697674,,46.9499497413635
ARACNE,1000,0.5,0.7,45,86,15,0.819047619047619,1,0.819047619047619,0.5,0.257425742574257,0.866666666666667,0.151162790697674,,10.7959306240082
WGCNA,1000,0.5,0.7,45,86,15,0.819047619047619,1,0.827796367092073,0.501223990208078,0.277227722772277,0.933333333333333,0.162790697674419,,0.55469536781311
ASCEND,1000,0.5,0.7,46,82,16,0.780952380952381,0.961904761904762,0.801976918975868,0.53525980911983,0.26530612244898,0.8125,0.158536585365854,0.375,0.505458354949951
GENIE3,1000,0.5,0.7,46,82,16,0.780952380952381,1,0.753429805893373,0.577412513255568,0.224489795918367,0.6875,0.134146341463415,,56.7975604534149
ARACNE,1000,0.5,0.7,46,82,16,0.780952380952381,1,0.780952380952381,0.5,0.183673469387755,0.5625,0.109756097560976,,10.7013785839081
WGCNA,1000,0.5,0.7,46,82,16,0.780952380952381,1,0.821215535494834,0.566542948038176,0.26530612244898,0.8125,0.158536585365854,,0.537873268127441
ASCEND,1000,0.5,0.7,47,67,22,0.638095238095238,0.990476190476191,0.604711121020419,0.536527886881383,0.269662921348315,0.545454545454545,0.17910447761194,0.363636363636364,0.227983713150024
GENIE3,1000,0.5,0.7,47,67,22,0.638095238095238,1,0.668859179497255,0.520424194815397,0.382022471910112,0.772727272727273,0.253731343283582,,45.0606768131256
ARACNE,1000,0.5,0.7,47,67,22,0.638095238095238,1,0.638095238095238,0.5,0.359550561797753,0.727272727272727,0.238805970149254,,10.659063577652
WGCNA,1000,0.5,0.7,47,67,22,0.638095238095238,1,0.683726497900249,0.538098978790259,0.337078651685393,0.681818181818182,0.223880597014925,,0.545114755630493
ASCEND,1000,0.5,0.7,48,65,9,0.619047619047619,0.952380952380952,0.762023594821672,0.607692307692308,0.243243243243243,1,0.138461538461538,0.777777777777778,0.30534291267395
GENIE3,1000,0.5,0.7,48,65,9,0.619047619047619,1,0.587827722761283,0.601153846153846,0.162162162162162,0.666666666666667,0.0923076923076923,,52.7202031612396
ARACNE,1000,0.5,0.7,48,65,9,0.619047619047619,1,0.619047619047619,0.5,0.108108108108108,0.444444444444444,0.0615384615384615,,11.3582034111023
WGCNA,1000,0.5,0.7,48,65,9,0.619047619047619,1,0.584637518685428,0.511923076923077,0.135135135135135,0.555555555555556,0.0769230769230769,,0.559120655059815
ASCEND,1000,0.5,0.7,49,83,7,0.79047619047619,0.980952380952381,0.84274087566853,0.55421686746988,0.155555555555556,1,0.0843373493975904,0.857142857142857,0.254392147064209
GENIE3,1000,0.5,0.7,49,83,7,0.79047619047619,1,0.844984286954402,0.606790799561884,0.155555555555556,1,0.0843373493975904,,47.8893082141876
ARACNE,1000,0.5,0.7,49,83,7,0.79047619047619,1,0.79047619047619,0.5,0.0888888888888889,0.571428571428571,0.0481927710843374,,10.5505537986755
WGCNA,1000,0.5,0.7,49,83,7,0.79047619047619,1,0.744790490310042,0.622672508214677,0.0888888888888889,0.571428571428571,0.0481927710843374,,0.547046661376953
ASCEND,1000,0.5,0.7,50,80,26,0.761904761904762,0.961904761904762,0.791693076341978,0.55125,0.39622641509434,0.807692307692308,0.2625,0.653846153846154,0.718496084213257
GENIE3,1000,0.5,0.7,50,80,26,0.761904761904762,1,0.821007235688438,0.591,0.39622641509434,0.807692307692308,0.2625,,45.2248730659485
ARACNE,1000,0.5,0.7,50,80,26,0.761904761904762,1,0.761904761904762,0.5,0.30188679245283,0.615384615384615,0.2,,11.0395166873932
WGCNA,1000,0.5,0.7,50,80,26,0.761904761904762,1,0.77746156599702,0.5205,0.415094339622642,0.846153846153846,0.275,,0.643252849578857
ASCEND,1000,0.7,0.5,1,56,8,0.533333333333333,0.990476190476191,0.670279874990829,0.580357142857143,0.25,1,0.142857142857143,0.75,0.455642223358154
GENIE3,1000,0.7,0.5,1,56,8,0.533333333333333,1,0.547795865134143,0.505102040816326,0.125,0.5,0.0714285714285714,,53.538417339325
ARACNE,1000,0.7,0.5,1,56,8,0.533333333333333,1,0.533333333333333,0.5,0.125,0.5,0.0714285714285714,,13.4047341346741
WGCNA,1000,0.7,0.5,1,56,8,0.533333333333333,1,0.45546061448002,0.611880466472303,0.09375,0.375,0.0535714285714286,,0.978524208068848
ASCEND,1000,0.7,0.5,2,64,12,0.60952380952381,0.961904761904762,0.737279672349597,0.604230182926829,0.289473684210526,0.916666666666667,0.171875,0.333333333333333,0.52069091796875
GENIE3,1000,0.7,0.5,2,64,12,0.60952380952381,1,0.646315180539233,0.501524390243902,0.263157894736842,0.833333333333333,0.15625,,53.4526641368866
ARACNE,1000,0.7,0.5,2,64,12,0.60952380952381,1,0.60952380952381,0.5,0.210526315789474,0.666666666666667,0.125,,13.9004399776459
WGCNA,1000,0.7,0.5,2,64,12,0.60952380952381,1,0.695444230486115,0.575838414634146,0.263157894736842,0.833333333333333,0.15625,,0.791333436965942
ASCEND,1000,0.7,0.5,3,51,5,0.485714285714286,0.952380952380952,0.656139152014772,0.598039215686275,0.178571428571429,1,0.0980392156862745,0.2,0.277672529220581
GENIE3,1000,0.7,0.5,3,51,5,0.485714285714286,1,0.529647264793514,0.522512708787219,0.142857142857143,0.8,0.0784313725490196,,53.1404774188995
ARACNE,1000,0.7,0.5,3,51,5,0.485714285714286,1,0.485714285714286,0.5,0.0714285714285714,0.4,0.0392156862745098,,13.4365291595459
WGCNA,1000,0.7,0.5,3,51,5,0.485714285714286,1,0.540486437149585,0.546114742193174,0.107142857142857,0.6,0.0588235294117647,,0.924057483673096
ASCEND,1000,0.7,0.5,4,41,6,0.39047619047619,0.990476190476191,0.509697042395541,0.565167682926829,0.212765957446809,0.833333333333333,0.121951219512195,0.166666666666667,0.35269045829773
GENIE3,1000,0.7,0.5,4,41,6,0.39047619047619,1,0.48551709823142,0.588795731707317,0.170212765957447,0.666666666666667,0.0975609756097561,,53.3179085254669
ARACNE,1000,0.7,0.5,4,41,6,0.39047619047619,1,0.39047619047619,0.5,0.0425531914893617,0.166666666666667,0.024390243902439,,13.3059165477753
WGCNA,1000,0.7,0.5,4,41,6,0.39047619047619,1,0.419251696071002,0.530487804878049,0.0425531914893617,0.166666666666667,0.024390243902439,,0.933284282684326
ASCEND,1000,0.7,0.5,5,71,18,0.676190476190476,0.980952380952381,0.771488976056326,0.596520298260149,0.359550561797753,0.888888888888889,0.225352112676056,0.222222222222222,0.51616644859314
GENIE3,1000,0.7,0.5,5,71,18,0.676190476190476,1,0.807041740292528,0.678956089478045,0.359550561797753,0.888888888888889,0.225352112676056,,53.8649487495422
ARACNE,1000,0.7,0.5,5,71,18,0.676190476190476,1,0.676190476190476,0.5,0.292134831460674,0.722222222222222,0.183098591549296,,13.4577980041504
WGCNA,1000,0.7,0.5,5,71,18,0.676190476190476,1,0.703806468533818,0.572908036454018,0.292134831460674,0.722222222222222,0.183098591549296,,0.903412342071533
ASCEND,1000,0.7,0.5,6,63,21,0.6,0.942857142857143,0.778391656896367,0.67233560090703,0.452380952380952,0.904761904761905,0.301587301587302,0.714285714285714,0.834212779998779
GENIE3,1000,0.7,0.5,6,63,21,0.6,1,0.711516599269483,0.563114134542706,0.404761904761905,0.80952380952381,0.26984126984127,,71.6261818408966
ARACNE,1000,0.7,0.5,6,63,21,0.6,1,0.6,0.5,0.30952380952381,0.619047619047619,0.206349206349206,,22.0054843425751
WGCNA,1000,0.7,0.5,6,63,21,0.6,1,0.598377839508859,0.529478458049887,0.261904761904762,0.523809523809524,0.174603174603175,,1.56818652153015
ASCEND,1000,0.7,0.5,7,56,5,0.533333333333333,0.980952380952381,0.621183038677623,0.544278425655977,0.163934426229508,1,0.0892857142857143,0.8,0.47285795211792
GENIE3,1000,0.7,0.5,7,56,5,0.533333333333333,1,0.635151473082263,0.567784256559767,0.131147540983607,0.8,0.0714285714285714,,53.6153426170349
ARACNE,1000,0.7,0.5,7,56,5,0.533333333333333,1,0.533333333333333,0.5,0.0983606557377049,0.6,0.0535714285714286,,13.4719951152802
WGCNA,1000,0.7,0.5,7,56,5,0.533333333333333,1,0.586713463181708,0.540816326530612,0.0983606557377049,0.6,0.0535714285714286,,0.953456163406372
ASCEND,1000,0.7,0.5,8,51,6,0.485714285714286,0.980952380952381,0.60445438669677,0.560457516339869,0.210526315789474,1,0.117647058823529,1,0.415607452392578
GENIE3,1000,0.7,0.5,8,51,6,0.485714285714286,1,0.557314036485399,0.507625272331155,0.140350877192982,0.666666666666667,0.0784313725490196,,53.6425640583038
ARACNE,1000,0.7,0.5,8,51,6,0.485714285714286,1,0.485714285714286,0.5,0.0701754385964912,0.333333333333333,0.0392156862745098,,13.5062592029572
WGCNA,1000,0.7,0.5,8,51,6,0.485714285714286,1,0.488913864279725,0.551924473493101,0.140350877192982,0.666666666666667,0.0784313725490196,,0.963987350463867
ASCEND,1000,0.7,0.5,9,60,20,0.571428571428571,0.990476190476191,0.608372369721884,0.537592592592593,0.325,0.65,0.216666666666667,0.5,0.8134446144104
GENIE3,1000,0.7,0.5,9,60,20,0.571428571428571,1,0.732014511051931,0.698148148148148,0.375,0.75,0.25,,72.589593410492
ARACNE,1000,0.7,0.5,9,60,20,0.571428571428571,1,0.571428571428571,0.5,0.35,0.7,0.233333333333333,,22.1217546463013
WGCNA,1000,0.7,0.5,9,60,20,0.571428571428571,1,0.611788210632183,0.548888888888889,0.4,0.8,0.266666666666667,,1.57852554321289
ASCEND,1000,0.7,0.5,10,42,12,0.4,0.952380952380952,0.607877182369816,0.6432350718065,0.37037037037037,0.833333333333333,0.238095238095238,0.833333333333333,0.829159259796143
GENIE3,1000,0.7,0.5,10,42,12,0.4,1,0.661956928185867,0.748299319727891,0.259259259259259,0.583333333333333,0.166666666666667,,72.2140691280365
ARACNE,1000,0.7,0.5,10,42,12,0.4,1,0.4,0.5,0.148148148148148,0.333333333333333,0.0952380952380952,,21.9633991718292
WGCNA,1000,0.7,0.5,10,42,12,0.4,1,0.401047458338983,0.523053665910809,0.111111111111111,0.25,0.0714285714285714,,1.71066665649414
ASCEND,1000,0.7,0.5,11,52,13,0.495238095238095,0.952380952380952,0.706838479931775,0.653120464441219,0.369230769230769,0.923076923076923,0.230769230769231,0.461538461538462,0.822250843048096
GENIE3,1000,0.7,0.5,11,52,13,0.495238095238095,1,0.665857328167181,0.619375907111756,0.338461538461539,0.846153846153846,0.211538461538462,,72.3358700275421
ARACNE,1000,0.7,0.5,11,52,13,0.495238095238095,1,0.495238095238095,0.5,0.184615384615385,0.461538461538462,0.115384615384615,,22.1485395431519
WGCNA,1000,0.7,0.5,11,52,13,0.495238095238095,1,0.543485365683954,0.502177068214804,0.246153846153846,0.615384615384615,0.153846153846154,,1.61547136306763
ASCEND,1000,0.7,0.5,12,67,12,0.638095238095238,0.952380952380952,0.791095134407519,0.626865671641791,0.30379746835443,1,0.17910447761194,0.833333333333333,0.743532657623291
GENIE3,1000,0.7,0.5,12,67,12,0.638095238095238,1,0.731817830712908,0.630793401413983,0.278481012658228,0.916666666666667,0.164179104477612,,71.8237147331238
ARACNE,1000,0.7,0.5,12,67,12,0.638095238095238,1,0.638095238095238,0.5,0.126582278481013,0.416666666666667,0.0746268656716418,,21.9811546802521
WGCNA,1000,0.7,0.5,12,67,12,0.638095238095238,1,0.69859824916765,0.582482325216025,0.20253164556962,0.666666666666667,0.119402985074627,,1.66740989685059
ASCEND,1000,0.7,0.5,13,49,24,0.466666666666667,1,0.5684184442935,0.591836734693878,0.438356164383562,0.666666666666667,0.326530612244898,0.541666666666667,0.646557092666626
GENIE3,1000,0.7,0.5,13,49,24,0.466666666666667,1,0.650473345255561,0.653425655976676,0.438356164383562,0.666666666666667,0.326530612244898,,72.6204075813294
ARACNE,1000,0.7,0.5,13,49,24,0.466666666666667,1,0.466666666666667,0.5,0.191780821917808,0.291666666666667,0.142857142857143,,22.1740617752075
WGCNA,1000,0.7,0.5,13,49,24,0.466666666666667,1,0.471484516782402,0.528061224489796,0.246575342465754,0.375,0.183673469387755,,1.62395668029785
ASCEND,1000,0.7,0.5,14,55,29,0.523809523809524,0.980952380952381,0.760679028865714,0.709636363636364,0.619047619047619,0.896551724137931,0.472727272727273,0.793103448275862,0.871146678924561
GENIE3,1000,0.7,0.5,14,55,29,0.523809523809524,1,0.770893368587142,0.756,0.5,0.724137931034483,0.381818181818182,,72.4278202056885
ARACNE,1000,0.7,0.5,14,55,29,0.523809523809524,1,0.523809523809524,0.5,0.357142857142857,0.517241379310345,0.272727272727273,,22.397766828537
WGCNA,1000,0.7,0.5,14,55,29,0.523809523809524,1,0.561016732428999,0.536,0.380952380952381,0.551724137931035,0.290909090909091,,1.58052849769592
ASCEND,1000,0.7,0.5,15,53,8,0.504761904761905,0.961904761904762,0.688516874827396,0.613207547169811,0.262295081967213,1,0.150943396226415,0.625,0.729289293289185
GENIE3,1000,0.7,0.5,15,53,8,0.504761904761905,1,0.680448061646424,0.642960812772134,0.229508196721311,0.875,0.132075471698113,,71.2773270606995
ARACNE,1000,0.7,0.5,15,53,8,0.504761904761905,1,0.504761904761905,0.5,0.0327868852459016,0.125,0.0188679245283019,,21.8402009010315
WGCNA,1000,0.7,0.5,15,53,8,0.504761904761905,1,0.549939655574094,0.588171262699565,0.0983606557377049,0.375,0.0566037735849057,,1.50058078765869
ASCEND,1000,0.7,0.5,16,52,17,0.495238095238095,0.980952380952381,0.686629166346059,0.643867924528302,0.434782608695652,0.882352941176471,0.288461538461538,0.882352941176471,0.86890983581543
GENIE3,1000,0.7,0.5,16,52,17,0.495238095238095,1,0.70858338770925,0.630624092888244,0.405797101449275,0.823529411764706,0.269230769230769,,71.8362348079682
ARACNE,1000,0.7,0.5,16,52,17,0.495238095238095,1,0.495238095238095,0.5,0.318840579710145,0.647058823529412,0.211538461538462,,22.4336433410645
WGCNA,1000,0.7,0.5,16,52,17,0.495238095238095,1,0.616391949606393,0.602685050798258,0.347826086956522,0.705882352941177,0.230769230769231,,1.65117859840393
ASCEND,1000,0.7,0.5,17,58,28,0.552380952380952,0.961904761904762,0.702552397177764,0.655906089508437,0.511627906976744,0.785714285714286,0.379310344827586,0.642857142857143,0.90734338760376
GENIE3,1000,0.7,0.5,17,58,28,0.552380952380952,1,0.67972389215228,0.631694790902421,0.418604651162791,0.642857142857143,0.310344827586207,,71.9055142402649
ARACNE,1000,0.7,0.5,17,58,28,0.552380952380952,1,0.552380952380952,0.5,0.418604651162791,0.642857142857143,0.310344827586207,,22.1498100757599
WGCNA,1000,0.7,0.5,17,58,28,0.552380952380952,1,0.498568689991697,0.544203961848863,0.255813953488372,0.392857142857143,0.189655172413793,,1.64172005653381
ASCEND,1000,0.7,0.5,18,59,6,0.561904761904762,0.961904761904762,0.697394240661937,0.584745762711864,0.184615384615385,1,0.101694915254237,0.5,0.513419151306152
GENIE3,1000,0.7,0.5,18,59,6,0.561904761904762,1,0.621011306582734,0.544215180545321,0.123076923076923,0.666666666666667,0.0677966101694915,,52.6489069461823
ARACNE,1000,0.7,0.5,18,59,6,0.561904761904762,1,0.561904761904762,0.5,0.0307692307692308,0.166666666666667,0.0169491525423729,,13.4437010288239
WGCNA,1000,0.7,0.5,18,59,6,0.561904761904762,1,0.493233650251917,0.573691967575534,0.0923076923076923,0.5,0.0508474576271187,,0.892314434051514
ASCEND,1000,0.7,0.5,19,75,11,0.714285714285714,0.980952380952381,0.779955420836046,0.562888888888889,0.232558139534884,0.909090909090909,0.133333333333333,0.636363636363636,0.712342977523804
GENIE3,1000,0.7,0.5,19,75,11,0.714285714285714,1,0.820565421615522,0.585333333333333,0.255813953488372,1,0.146666666666667,,72.1385011672974
ARACNE,1000,0.7,0.5,19,75,11,0.714285714285714,1,0.714285714285714,0.5,0.13953488372093,0.545454545454545,0.08,,21.9218645095825
WGCNA,1000,0.7,0.5,19,75,11,0.714285714285714,1,0.740832180334324,0.501777777777778,0.186046511627907,0.727272727272727,0.106666666666667,,1.71033072471619
ASCEND,1000,0.7,0.5,20,67,14,0.638095238095238,0.980952380952381,0.725233305109,0.577376276512176,0.296296296296296,0.857142857142857,0.17910447761194,0.5,0.611076593399048
GENIE3,1000,0.7,0.5,20,67,14,0.638095238095238,1,0.747851529295053,0.632757266300079,0.271604938271605,0.785714285714286,0.164179104477612,,72.2157609462738
ARACNE,1000,0.7,0.5,20,67,14,0.638095238095238,1,0.638095238095238,0.5,0.197530864197531,0.571428571428571,0.119402985074627,,21.9235911369324
WGCNA,1000,0.7,0.5,20,67,14,0.638095238095238,1,0.807759977257669,0.644147682639435,0.345679012345679,1,0.208955223880597,,1.62060904502869
ASCEND,1000,0.7,0.5,21,64,12,0.60952380952381,0.971428571428571,0.764332566245721,0.6171875,0.315789473684211,1,0.1875,0.833333333333333,0.276803731918335
GENIE3,1000,0.7,0.5,21,64,12,0.60952380952381,1,0.664706293032993,0.519435975609756,0.210526315789474,0.666666666666667,0.125,,55.3479087352753
ARACNE,1000,0.7,0.5,21,64,12,0.60952380952381,1,0.60952380952381,0.5,0.263157894736842,0.833333333333333,0.15625,,13.1733191013336
WGCNA,1000,0.7,0.5,21,64,12,0.60952380952381,1,0.561463028933053,0.528582317073171,0.105263157894737,0.333333333333333,0.0625,,0.741220235824585
ASCEND,1000,0.7,0.5,22,59,36,0.561904761904762,0.980952380952381,0.579531933478715,0.526344878408254,0.442105263157895,0.583333333333333,0.355932203389831,0.444444444444444,0.374080181121826
GENIE3,1000,0.7,0.5,22,59,36,0.561904761904762,1,0.737837585066285,0.60759027266028,0.547368421052632,0.722222222222222,0.440677966101695,,55.3218595981598
ARACNE,1000,0.7,0.5,22,59,36,0.561904761904762,1,0.561904761904762,0.5,0.463157894736842,0.611111111111111,0.372881355932203,,13.4555153846741
WGCNA,1000,0.7,0.5,22,59,36,0.561904761904762,1,0.584592433915213,0.554163596168018,0.463157894736842,0.611111111111111,0.372881355932203,,0.655725479125977
ASCEND,1000,0.7,0.5,23,59,1,0.561904761904762,1,0.584646672560144,0.508474576271186,0.0333333333333333,1,0.0169491525423729,0,0.244849920272827
GENIE3,1000,0.7,0.5,23,59,1,0.561904761904762,1,0.621331672898423,0.520265291083272,0.0333333333333333,1,0.0169491525423729,,55.8095257282257
ARACNE,1000,0.7,0.5,23,59,1,0.561904761904762,1,0.561904761904762,0.5,,0,0,,13.0905563831329
WGCNA,1000,0.7,0.5,23,59,1,0.561904761904762,1,0.518078517179469,0.546794399410464,,0,0,,0.717427968978882
ASCEND,1000,0.7,0.5,24,58,17,0.552380952380952,0.952380952380952,0.628329913170754,0.572633895818048,0.32,0.705882352941177,0.206896551724138,0.411764705882353,0.306028604507446
GENIE3,1000,0.7,0.5,24,58,17,0.552380952380952,1,0.644641072620772,0.558327219369039,0.293333333333333,0.647058823529412,0.189655172413793,,61.7603216171265
ARACNE,1000,0.7,0.5,24,58,17,0.552380952380952,1,0.552380952380952,0.5,0.266666666666667,0.588235294117647,0.172413793103448,,22.8891005516052
WGCNA,1000,0.7,0.5,24,58,17,0.552380952380952,1,0.642520631246821,0.623624358033749,0.266666666666667,0.588235294117647,0.172413793103448,,1.00160670280457
ASCEND,1000,0.7,0.5,25,50,15,0.476190476190476,0.961904761904762,0.625667432137295,0.614181818181818,0.369230769230769,0.8,0.24,0.533333333333333,0.279396533966064
GENIE3,1000,0.7,0.5,25,50,15,0.476190476190476,1,0.533761534923318,0.544727272727273,0.307692307692308,0.666666666666667,0.2,,56.203439950943
ARACNE,1000,0.7,0.5,25,50,15,0.476190476190476,1,0.476190476190476,0.5,0.0923076923076923,0.2,0.06,,13.3900144100189
WGCNA,1000,0.7,0.5,25,50,15,0.476190476190476,1,0.46409046205139,0.525454545454545,0.215384615384615,0.466666666666667,0.14,,0.611336708068848
ASCEND,1000,0.7,0.5,26,50,8,0.476190476190476,0.971428571428571,0.61834929833537,0.574727272727273,0.275862068965517,1,0.16,0.75,0.526281118392944
GENIE3,1000,0.7,0.5,26,50,8,0.476190476190476,1,0.700277032604604,0.673454545454545,0.275862068965517,1,0.16,,75.04460978508
ARACNE,1000,0.7,0.5,26,50,8,0.476190476190476,1,0.476190476190476,0.5,0.172413793103448,0.625,0.1,,21.9765498638153
WGCNA,1000,0.7,0.5,26,50,8,0.476190476190476,1,0.496674189602017,0.556545454545455,0.137931034482759,0.5,0.08,,1.10696625709534
ASCEND,1000,0.7,0.5,27,43,4,0.40952380952381,0.971428571428571,0.572790834105026,0.581395348837209,0.170212765957447,1,0.0930232558139535,0.5,0.158664226531982
GENIE3,1000,0.7,0.5,27,43,4,0.40952380952381,1,0.480546327872962,0.538634658664666,0.127659574468085,0.75,0.0697674418604651,,62.9279849529266
ARACNE,1000,0.7,0.5,27,43,4,0.40952380952381,1,0.40952380952381,0.5,0.0425531914893617,0.25,0.0232558139534884,,16.1310806274414
WGCNA,1000,0.7,0.5,27,43,4,0.40952380952381,1,0.428318605690062,0.508439609902476,0.0851063829787234,0.5,0.0465116279069768,,0.612175226211548
ASCEND,1000,0.7,0.5,28,44,2,0.419047619047619,0.961904761904762,0.560168929543291,0.568181818181818,0.0869565217391305,1,0.0454545454545455,0.5,0.17165994644165
GENIE3,1000,0.7,0.5,28,44,2,0.419047619047619,1,0.465295799466264,0.512667660208644,0.0434782608695652,0.5,0.0227272727272727,,55.0592284202576
ARACNE,1000,0.7,0.5,28,44,2,0.419047619047619,1,0.419047619047619,0.5,,0,0,,13.2009139060974
WGCNA,1000,0.7,0.5,28,44,2,0.419047619047619,1,0.426982954991282,0.550670640834575,0.0869565217391305,1,0.0454545454545455,,0.733830213546753
ASCEND,1000,0.7,0.5,29,52,17,0.495238095238095,0.971428571428571,0.647821063559711,0.61756168359942,0.405797101449275,0.823529411764706,0.269230769230769,0.705882352941177,0.488829135894775
GENIE3,1000,0.7,0.5,29,52,17,0.495238095238095,1,0.729252003225333,0.673076923076923,0.434782608695652,0.882352941176471,0.288461538461538,,75.1795196533203
ARACNE,1000,0.7,0.5,29,52,17,0.495238095238095,1,0.495238095238095,0.5,0.231884057971015,0.470588235294118,0.153846153846154,,15.349189043045
WGCNA,1000,0.7,0.5,29,52,17,0.495238095238095,1,0.477548278417472,0.507619738751814,0.202898550724638,0.411764705882353,0.134615384615385,,0.590243339538574
ASCEND,1000,0.7,0.5,30,40,9,0.380952380952381,0.980952380952381,0.531591097122458,0.596346153846154,0.285714285714286,0.777777777777778,0.175,0.666666666666667,0.526652336120606
GENIE3,1000,0.7,0.5,30,40,9,0.380952380952381,1,0.548893469275858,0.630384615384616,0.244897959183673,0.666666666666667,0.15,,58.7120931148529
ARACNE,1000,0.7,0.5,30,40,9,0.380952380952381,1,0.380952380952381,0.5,0.204081632653061,0.555555555555556,0.125,,13.8121383190155
WGCNA,1000,0.7,0.5,30,40,9,0.380952380952381,1,0.33304780500774,0.592692307692308,0.122448979591837,0.333333333333333,0.075,,0.656341075897217
ASCEND,1000,0.7,0.5,31,54,1,0.514285714285714,0.990476190476191,0.559863835128709,0.518518518518519,0.0363636363636364,1,0.0185185185185185,0,0.285160541534424
GENIE3,1000,0.7,0.5,31,54,1,0.514285714285714,1,0.455811680369817,0.580973129992738,,0,0,,75.4820373058319
ARACNE,1000,0.7,0.5,31,54,1,0.514285714285714,1,0.514285714285714,0.5,,0,0,,21.6563894748688
WGCNA,1000,0.7,0.5,31,54,1,0.514285714285714,1,0.498273022791543,0.515250544662309,0.0363636363636364,1,0.0185185185185185,,1.07894968986511
ASCEND,1000,0.7,0.5,32,54,14,0.514285714285714,0.980952380952381,0.733141558628665,0.648148148148148,0.411764705882353,1,0.259259259259259,0.928571428571429,0.679291725158691
GENIE3,1000,0.7,0.5,32,54,14,0.514285714285714,1,0.50810415646559,0.569353667392883,0.176470588235294,0.428571428571429,0.111111111111111,,76.6785051822662
ARACNE,1000,0.7,0.5,32,54,14,0.514285714285714,1,0.514285714285714,0.5,0.235294117647059,0.571428571428571,0.148148148148148,,22.0952045917511
WGCNA,1000,0.7,0.5,32,54,14,0.514285714285714,1,0.465675293596004,0.543936092955701,0.0882352941176471,0.214285714285714,0.0555555555555556,,1.0528244972229
ASCEND,1000,0.7,0.5,33,83,15,0.79047619047619,0.914285714285714,0.791773757517237,0.519715224534502,0.224489795918367,0.733333333333333,0.132530120481928,0.6,0.6627516746521
GENIE3,1000,0.7,0.5,33,83,15,0.79047619047619,1,0.799552404666719,0.533406352683461,0.26530612244898,0.866666666666667,0.156626506024096,,74.3915960788727
ARACNE,1000,0.7,0.5,33,83,15,0.79047619047619,1,0.79047619047619,0.5,0.26530612244898,0.866666666666667,0.156626506024096,,13.0650200843811
WGCNA,1000,0.7,0.5,33,83,15,0.79047619047619,1,0.83037107002752,0.537787513691128,0.26530612244898,0.866666666666667,0.156626506024096,,0.594440937042236
ASCEND,1000,0.7,0.5,34,76,7,0.723809523809524,0.990476190476191,0.756441556939644,0.528584392014519,0.144578313253012,0.857142857142857,0.0789473684210526,0.285714285714286,0.347896099090576
GENIE3,1000,0.7,0.5,34,76,7,0.723809523809524,1,0.757698416553066,0.6002722323049,0.0963855421686747,0.571428571428571,0.0526315789473684,,58.6782703399658
ARACNE,1000,0.7,0.5,34,76,7,0.723809523809524,1,0.723809523809524,0.5,0.144578313253012,0.857142857142857,0.0789473684210526,,13.3298223018646
WGCNA,1000,0.7,0.5,34,76,7,0.723809523809524,1,0.702573169686665,0.560344827586207,0.120481927710843,0.714285714285714,0.0657894736842105,,0.64752721786499
ASCEND,1000,0.7,0.5,35,60,7,0.571428571428571,0.923809523809524,0.746619384315957,0.625,0.208955223880597,1,0.116666666666667,0.857142857142857,0.659145355224609
GENIE3,1000,0.7,0.5,35,60,7,0.571428571428571,1,0.749643138126581,0.674444444444444,0.208955223880597,1,0.116666666666667,,74.710079908371
ARACNE,1000,0.7,0.5,35,60,7,0.571428571428571,1,0.571428571428571,0.5,0.208955223880597,1,0.116666666666667,,21.904132604599
WGCNA,1000,0.7,0.5,35,60,7,0.571428571428571,1,0.551204868822811,0.503333333333333,0.0895522388059702,0.428571428571429,0.05,,1.04507613182068
ASCEND,1000,0.7,0.5,36,49,4,0.466666666666667,0.971428571428571,0.508038670017941,0.532069970845481,0.0754716981132075,0.5,0.0408163265306122,0.25,0.323060274124146
GENIE3,1000,0.7,0.5,36,49,4,0.466666666666667,1,0.534159462585283,0.591107871720117,0.0377358490566038,0.25,0.0204081632653061,,75.328145980835
ARACNE,1000,0.7,0.5,36,49,4,0.466666666666667,1,0.466666666666667,0.5,0.0754716981132075,0.5,0.0408163265306122,,21.8076119422913
WGCNA,1000,0.7,0.5,36,49,4,0.466666666666667,1,0.452632460700776,0.522230320699709,0.0754716981132075,0.5,0.0408163265306122,,1.12752461433411
ASCEND,1000,0.7,0.5,37,52,18,0.495238095238095,1,0.648932449888806,0.615928882438316,0.428571428571429,0.833333333333333,0.288461538461538,0.777777777777778,0.612269878387451
GENIE3,1000,0.7,0.5,37,52,18,0.495238095238095,1,0.622115741354727,0.583091436865022,0.342857142857143,0.666666666666667,0.230769230769231,,75.5201666355133
ARACNE,1000,0.7,0.5,37,52,18,0.495238095238095,1,0.495238095238095,0.5,0.2,0.388888888888889,0.134615384615385,,22.2088861465454
WGCNA,1000,0.7,0.5,37,52,18,0.495238095238095,1,0.481861610295925,0.51233671988389,0.228571428571429,0.444444444444444,0.153846153846154,,1.05213046073914
ASCEND,1000,0.7,0.5,38,53,4,0.504761904761905,0.942857142857143,0.665827106570168,0.59433962264151,0.140350877192982,1,0.0754716981132076,1,0.291600465774536
GENIE3,1000,0.7,0.5,38,53,4,0.504761904761905,1,0.582692114743312,0.549346879535559,0.105263157894737,0.75,0.0566037735849057,,55.7103660106659
ARACNE,1000,0.7,0.5,38,53,4,0.504761904761905,1,0.504761904761905,0.5,0.105263157894737,0.75,0.0566037735849057,,13.417042016983
WGCNA,1000,0.7,0.5,38,53,4,0.504761904761905,1,0.550491287487528,0.537191582002903,0.105263157894737,0.75,0.0566037735849057,,0.747940540313721
ASCEND,1000,0.7,0.5,39,74,16,0.704761904761905,0.971428571428571,0.779442103798001,0.58129904097646,0.311111111111111,0.875,0.189189189189189,0.75,0.625672101974487
GENIE3,1000,0.7,0.5,39,74,16,0.704761904761905,1,0.68891516533269,0.585440278988666,0.266666666666667,0.75,0.162162162162162,,75.509619474411
ARACNE,1000,0.7,0.5,39,74,16,0.704761904761905,1,0.704761904761905,0.5,0.222222222222222,0.625,0.135135135135135,,22.008278131485
WGCNA,1000,0.7,0.5,39,74,16,0.704761904761905,1,0.718659498605569,0.52920662598082,0.311111111111111,0.875,0.189189189189189,,1.11501908302307
ASCEND,1000,0.7,0.5,40,70,26,0.666666666666667,0.971428571428571,0.768396229779586,0.618979591836735,0.458333333333333,0.846153846153846,0.314285714285714,0.807692307692308,0.804962396621704
GENIE3,1000,0.7,0.5,40,70,26,0.666666666666667,1,0.684581452880578,0.515510204081633,0.375,0.692307692307692,0.257142857142857,,76.3739907741547
ARACNE,1000,0.7,0.5,40,70,26,0.666666666666667,1,0.666666666666667,0.5,0.270833333333333,0.5,0.185714285714286,,22.1707615852356
WGCNA,1000,0.7,0.5,40,70,26,0.666666666666667,1,0.719520710931725,0.534285714285714,0.354166666666667,0.653846153846154,0.242857142857143,,0.951040983200073
ASCEND,1000,0.7,0.5,41,69,4,0.657142857142857,0.923809523809524,0.725794931133059,0.564210950080515,0.0821917808219178,0.75,0.0434782608695652,0.75,0.182712316513062
GENIE3,1000,0.7,0.5,41,69,4,0.657142857142857,1,0.76245934868944,0.536231884057971,0.10958904109589,1,0.0579710144927536,,53.7897934913635
ARACNE,1000,0.7,0.5,41,69,4,0.657142857142857,1,0.657142857142857,0.5,0.0821917808219178,0.75,0.0434782608695652,,11.3964216709137
WGCNA,1000,0.7,0.5,41,69,4,0.657142857142857,1,0.746222239071876,0.664049919484702,0.0821917808219178,0.75,0.0434782608695652,,0.568806648254395
ASCEND,1000,0.7,0.5,42,67,1,0.638095238095238,0.990476190476191,0.669608058854299,0.514925373134328,0.0294117647058824,1,0.0149253731343284,0,0.143266677856445
GENIE3,1000,0.7,0.5,42,67,1,0.638095238095238,1,0.655499440622752,0.505106048703849,0.0294117647058824,1,0.0149253731343284,,55.5496487617493
ARACNE,1000,0.7,0.5,42,67,1,0.638095238095238,1,0.638095238095238,0.5,,0,0,,11.1432526111603
WGCNA,1000,0.7,0.5,42,67,1,0.638095238095238,1,0.603452367007648,0.532207384131972,,0,0,,0.561034440994263
ASCEND,1000,0.7,0.5,43,48,22,0.457142857142857,0.971428571428571,0.588000846628879,0.622258771929825,0.428571428571429,0.681818181818182,0.3125,0.409090909090909,0.322482824325562
GENIE3,1000,0.7,0.5,43,48,22,0.457142857142857,1,0.651736717767855,0.658991228070175,0.428571428571429,0.681818181818182,0.3125,,55.1620194911957
ARACNE,1000,0.7,0.5,43,48,22,0.457142857142857,1,0.457142857142857,0.5,0.428571428571429,0.681818181818182,0.3125,,11.7916226387024
WGCNA,1000,0.7,0.5,43,48,22,0.457142857142857,1,0.551292410140125,0.588815789473684,0.314285714285714,0.5,0.229166666666667,,0.580038547515869
ASCEND,1000,0.7,0.5,44,64,19,0.60952380952381,0.952380952380952,0.76302806886017,0.645579268292683,0.409638554216867,0.894736842105263,0.265625,0.789473684210526,0.546016216278076
GENIE3,1000,0.7,0.5,44,64,19,0.60952380952381,1,0.619552078322692,0.516768292682927,0.289156626506024,0.631578947368421,0.1875,,59.7776021957398
ARACNE,1000,0.7,0.5,44,64,19,0.60952380952381,1,0.60952380952381,0.5,0.265060240963855,0.578947368421053,0.171875,,10.8532378673553
WGCNA,1000,0.7,0.5,44,64,19,0.60952380952381,1,0.572805307193666,0.543064024390244,0.240963855421687,0.526315789473684,0.15625,,0.546680450439453
ASCEND,1000,0.7,0.5,45,63,14,0.6,0.942857142857143,0.794332285663579,0.658730158730159,0.363636363636364,1,0.222222222222222,0.785714285714286,0.269467115402222
GENIE3,1000,0.7,0.5,45,63,14,0.6,1,0.733363821820209,0.63265306122449,0.285714285714286,0.785714285714286,0.174603174603175,,58.2206175327301
ARACNE,1000,0.7,0.5,45,63,14,0.6,1,0.6,0.5,0.155844155844156,0.428571428571429,0.0952380952380952,,10.9859254360199
WGCNA,1000,0.7,0.5,45,63,14,0.6,1,0.611885890091311,0.507936507936508,0.25974025974026,0.714285714285714,0.158730158730159,,0.547065019607544
ASCEND,1000,0.7,0.5,46,52,14,0.495238095238095,0.980952380952381,0.689413416566463,0.634433962264151,0.393939393939394,0.928571428571429,0.25,0.5,0.504739761352539
GENIE3,1000,0.7,0.5,46,52,14,0.495238095238095,1,0.585325918696884,0.599419448476052,0.272727272727273,0.642857142857143,0.173076923076923,,46.7978613376617
ARACNE,1000,0.7,0.5,46,52,14,0.495238095238095,1,0.495238095238095,0.5,0.212121212121212,0.5,0.134615384615385,,10.8021256923676
WGCNA,1000,0.7,0.5,46,52,14,0.495238095238095,1,0.493794370462178,0.557692307692308,0.181818181818182,0.428571428571429,0.115384615384615,,0.641838073730469
ASCEND,1000,0.7,0.5,47,62,26,0.590476190476191,0.980952380952381,0.628131912231306,0.545198799699925,0.386363636363636,0.653846153846154,0.274193548387097,0.384615384615385,0.364432573318481
GENIE3,1000,0.7,0.5,47,62,26,0.590476190476191,1,0.793623015344244,0.683420855213804,0.5,0.846153846153846,0.354838709677419,,53.3957262039185
ARACNE,1000,0.7,0.5,47,62,26,0.590476190476191,1,0.590476190476191,0.5,0.340909090909091,0.576923076923077,0.241935483870968,,11.0054123401642
WGCNA,1000,0.7,0.5,47,62,26,0.590476190476191,1,0.642549531537525,0.54013503375844,0.363636363636364,0.615384615384615,0.258064516129032,,0.554288864135742
ASCEND,1000,0.7,0.5,48,79,8,0.752380952380952,1,0.810252362421111,0.550632911392405,0.183908045977011,1,0.10126582278481,0.375,0.172211885452271
GENIE3,1000,0.7,0.5,48,79,8,0.752380952380952,1,0.79587581377681,0.51460564751704,0.160919540229885,0.875,0.0886075949367089,,54.7523725032806
ARACNE,1000,0.7,0.5,48,79,8,0.752380952380952,1,0.752380952380952,0.5,0.137931034482759,0.75,0.0759493670886076,,11.2494330406189
WGCNA,1000,0.7,0.5,48,79,8,0.752380952380952,1,0.770807848694643,0.538461538461538,0.160919540229885,0.875,0.0886075949367089,,0.551706552505493
ASCEND,1000,0.7,0.5,49,67,9,0.638095238095238,0.980952380952381,0.716858963260608,0.561076197957581,0.210526315789474,0.888888888888889,0.119402985074627,0.666666666666667,0.160586357116699
GENIE3,1000,0.7,0.5,49,67,9,0.638095238095238,1,0.71147621458513,0.607227022780833,0.131578947368421,0.555555555555556,0.0746268656716418,,46.2130875587463
ARACNE,1000,0.7,0.5,49,67,9,0.638095238095238,1,0.638095238095238,0.5,0.236842105263158,1,0.134328358208955,,10.8744301795959
WGCNA,1000,0.7,0.5,49,67,9,0.638095238095238,1,0.604619662799932,0.562843676355067,0.131578947368421,0.555555555555556,0.0746268656716418,,0.538706302642822
ASCEND,1000,0.7,0.5,50,62,6,0.590476190476191,0.961904761904762,0.714336074971272,0.580645161290323,0.176470588235294,1,0.0967741935483871,1,0.192158699035645
GENIE3,1000,0.7,0.5,50,62,6,0.590476190476191,1,0.691827153925419,0.670667666916729,0.0882352941176471,0.5,0.0483870967741936,,50.47793841362
ARACNE,1000,0.7,0.5,50,62,6,0.590476190476191,1,0.590476190476191,0.5,0.117647058823529,0.666666666666667,0.0645161290322581,,10.7772591114044
WGCNA,1000,0.7,0.5,50,62,6,0.590476190476191,1,0.629522332130678,0.512378094523631,0.147058823529412,0.833333333333333,0.0806451612903226,,0.542749881744385
ASCEND,1000,0.7,0.7,1,50,14,0.476190476190476,0.980952380952381,0.595728700433105,0.585090909090909,0.34375,0.785714285714286,0.22,0.642857142857143,0.455357313156128
GENIE3,1000,0.7,0.7,1,50,14,0.476190476190476,1,0.441992849522895,0.508,0.15625,0.357142857142857,0.1,,53.2729985713959
ARACNE,1000,0.7,0.7,1,50,14,0.476190476190476,1,0.476190476190476,0.5,0.25,0.571428571428571,0.16,,13.5235741138458
WGCNA,1000,0.7,0.7,1,50,14,0.476190476190476,1,0.419134400041539,0.554181818181818,0.125,0.285714285714286,0.08,,0.871514320373535
ASCEND,1000,0.7,0.7,2,85,42,0.80952380952381,1,0.903329753378781,0.685294117647059,0.62992125984252,0.952380952380952,0.470588235294118,0.80952380952381,0.546680450439453
GENIE3,1000,0.7,0.7,2,85,42,0.80952380952381,1,0.829754619013023,0.570588235294118,0.566929133858268,0.857142857142857,0.423529411764706,,53.0771515369415
ARACNE,1000,0.7,0.7,2,85,42,0.80952380952381,1,0.80952380952381,0.5,0.582677165354331,0.880952380952381,0.435294117647059,,13.9478454589844
WGCNA,1000,0.7,0.7,2,85,42,0.80952380952381,1,0.843770448951183,0.55,0.551181102362205,0.833333333333333,0.411764705882353,,0.693079233169556
ASCEND,1000,0.7,0.7,3,40,1,0.380952380952381,1,0.417894298926704,0.5125,0.0487804878048781,1,0.025,1,0.226636171340942
GENIE3,1000,0.7,0.7,3,40,1,0.380952380952381,1,0.490852952621304,0.597307692307692,0.0487804878048781,1,0.025,,52.7105519771576
ARACNE,1000,0.7,0.7,3,40,1,0.380952380952381,1,0.380952380952381,0.5,0.0487804878048781,1,0.025,,13.1911072731018
WGCNA,1000,0.7,0.7,3,40,1,0.380952380952381,1,0.401552125821661,0.546923076923077,,0,0,,0.881059408187866
ASCEND,1000,0.7,0.7,4,64,31,0.60952380952381,1,0.683087095335776,0.582126524390244,0.48421052631579,0.741935483870968,0.359375,0.709677419354839,0.503502607345581
GENIE3,1000,0.7,0.7,4,64,31,0.60952380952381,1,0.730402059347479,0.607850609756098,0.48421052631579,0.741935483870968,0.359375,,52.568564414978
ARACNE,1000,0.7,0.7,4,64,31,0.60952380952381,1,0.60952380952381,0.5,0.463157894736842,0.709677419354839,0.34375,,13.5486936569214
WGCNA,1000,0.7,0.7,4,64,31,0.60952380952381,1,0.619976713066142,0.538490853658537,0.378947368421053,0.580645161290323,0.28125,,0.943250417709351
ASCEND,1000,0.7,0.7,5,60,10,0.571428571428571,0.971428571428571,0.710772934199419,0.590740740740741,0.285714285714286,1,0.166666666666667,0.7,0.815495729446411
GENIE3,1000,0.7,0.7,5,60,10,0.571428571428571,1,0.531756993551197,0.627777777777778,0.142857142857143,0.5,0.0833333333333333,,70.8085238933563
ARACNE,1000,0.7,0.7,5,60,10,0.571428571428571,1,0.571428571428571,0.5,0.0857142857142857,0.3,0.05,,21.2791311740875
WGCNA,1000,0.7,0.7,5,60,10,0.571428571428571,1,0.574596098747051,0.522592592592593,0.142857142857143,0.5,0.0833333333333333,,1.50300192832947
ASCEND,1000,0.7,0.7,6,62,37,0.590476190476191,0.980952380952381,0.702521410674541,0.63390847711928,0.565656565656566,0.756756756756757,0.451612903225806,0.648648648648649,0.476592540740967
GENIE3,1000,0.7,0.7,6,62,37,0.590476190476191,1,0.749141800871005,0.705176294073518,0.606060606060606,0.810810810810811,0.483870967741936,,52.8474230766296
ARACNE,1000,0.7,0.7,6,62,37,0.590476190476191,1,0.590476190476191,0.5,0.383838383838384,0.513513513513514,0.306451612903226,,13.5457620620728
WGCNA,1000,0.7,0.7,6,62,37,0.590476190476191,1,0.62827587392585,0.522130532633158,0.464646464646465,0.621621621621622,0.370967741935484,,0.924098014831543
ASCEND,1000,0.7,0.7,7,39,10,0.371428571428571,0.980952380952381,0.546439606373391,0.612276612276612,0.326530612244898,0.8,0.205128205128205,0.8,0.677733421325684
GENIE3,1000,0.7,0.7,7,39,10,0.371428571428571,1,0.457411797320919,0.516705516705517,0.285714285714286,0.7,0.17948717948718,,70.7524073123932
ARACNE,1000,0.7,0.7,7,39,10,0.371428571428571,1,0.371428571428571,0.5,0.122448979591837,0.3,0.0769230769230769,,21.1927473545074
WGCNA,1000,0.7,0.7,7,39,10,0.371428571428571,1,0.413675694518229,0.554390054390054,0.163265306122449,0.4,0.102564102564103,,1.51261734962463
ASCEND,1000,0.7,0.7,8,46,9,0.438095238095238,0.980952380952381,0.602130193643779,0.599852616064849,0.290909090909091,0.888888888888889,0.173913043478261,0.777777777777778,0.944664001464844
GENIE3,1000,0.7,0.7,8,46,9,0.438095238095238,1,0.51642074667487,0.509211495946942,0.218181818181818,0.666666666666667,0.130434782608696,,70.606675863266
ARACNE,1000,0.7,0.7,8,46,9,0.438095238095238,1,0.438095238095238,0.5,0.109090909090909,0.333333333333333,0.0652173913043478,,22.206759929657
WGCNA,1000,0.7,0.7,8,46,9,0.438095238095238,1,0.450047565781417,0.565401621223287,0.0727272727272727,0.222222222222222,0.0434782608695652,,1.26847505569458
ASCEND,1000,0.7,0.7,9,47,10,0.447619047619048,0.990476190476191,0.608591782750086,0.597578870139398,0.315789473684211,0.9,0.191489361702128,0.9,0.407557964324951
GENIE3,1000,0.7,0.7,9,47,10,0.447619047619048,1,0.573011451532086,0.549156272927366,0.280701754385965,0.8,0.170212765957447,,69.7978715896607
ARACNE,1000,0.7,0.7,9,47,10,0.447619047619048,1,0.447619047619048,0.5,0.245614035087719,0.7,0.148936170212766,,21.4497492313385
WGCNA,1000,0.7,0.7,9,47,10,0.447619047619048,1,0.486200640251702,0.538884812912693,0.210526315789474,0.6,0.127659574468085,,1.50737833976746
ASCEND,1000,0.7,0.7,10,80,24,0.761904761904762,0.990476190476191,0.837521620278372,0.60325,0.423076923076923,0.916666666666667,0.275,0.666666666666667,1.03009390830994
GENIE3,1000,0.7,0.7,10,80,24,0.761904761904762,1,0.73097786184875,0.605,0.346153846153846,0.75,0.225,,71.6294174194336
ARACNE,1000,0.7,0.7,10,80,24,0.761904761904762,1,0.761904761904762,0.5,0.346153846153846,0.75,0.225,,22.6592841148376
WGCNA,1000,0.7,0.7,10,80,24,0.761904761904762,1,0.762227833068794,0.508,0.307692307692308,0.666666666666667,0.2,,1.12039303779602
ASCEND,1000,0.7,0.7,11,72,10,0.685714285714286,0.971428571428571,0.760640035187522,0.567550505050505,0.219512195121951,0.9,0.125,0.7,0.609871864318848
GENIE3,1000,0.7,0.7,11,72,10,0.685714285714286,1,0.683642624951299,0.551767676767677,0.170731707317073,0.7,0.0972222222222222,,71.5900633335114
ARACNE,1000,0.7,0.7,11,72,10,0.685714285714286,1,0.685714285714286,0.5,0.170731707317073,0.7,0.0972222222222222,,21.0390901565552
WGCNA,1000,0.7,0.7,11,72,10,0.685714285714286,1,0.720003241505428,0.504208754208754,0.195121951219512,0.8,0.111111111111111,,1.47248482704163
ASCEND,1000,0.7,0.7,12,60,0,0.571428571428571,0.980952380952381,0.610150885640022,0.516666666666667,,,0,,0.421693801879883
GENIE3,1000,0.7,0.7,12,60,0,0.571428571428571,1,0.639543187977792,0.538518518518519,,,0,,70.5724093914032
ARACNE,1000,0.7,0.7,12,60,0,0.571428571428571,1,0.571428571428571,0.5,,,0,,21.0953114032745
WGCNA,1000,0.7,0.7,12,60,0,0.571428571428571,1,0.519124385147113,0.578333333333333,,,0,,1.57220649719238
ASCEND,1000,0.7,0.7,13,61,18,0.580952380952381,0.961904761904762,0.683759262667681,0.599105812220566,0.354430379746835,0.777777777777778,0.229508196721311,0.277777777777778,0.935669898986816
GENIE3,1000,0.7,0.7,13,61,18,0.580952380952381,1,0.623168750579322,0.505961251862891,0.253164556962025,0.555555555555556,0.163934426229508,,70.1478807926178
ARACNE,1000,0.7,0.7,13,61,18,0.580952380952381,1,0.580952380952381,0.5,0.354430379746835,0.777777777777778,0.229508196721311,,22.0862982273102
WGCNA,1000,0.7,0.7,13,61,18,0.580952380952381,1,0.612483056663614,0.517883755588674,0.278481012658228,0.611111111111111,0.180327868852459,,1.29164886474609
ASCEND,1000,0.7,0.7,14,66,5,0.628571428571429,1,0.694416052116243,0.537878787878788,0.140845070422535,1,0.0757575757575758,0.8,0.526095390319824
GENIE3,1000,0.7,0.7,14,66,5,0.628571428571429,1,0.67167590529156,0.521756021756022,0.112676056338028,0.8,0.0606060606060606,,70.1913323402405
ARACNE,1000,0.7,0.7,14,66,5,0.628571428571429,1,0.628571428571429,0.5,0.0845070422535211,0.6,0.0454545454545455,,20.993328332901
WGCNA,1000,0.7,0.7,14,66,5,0.628571428571429,1,0.617743271363522,0.513209013209013,0.0845070422535211,0.6,0.0454545454545455,,1.51185345649719
ASCEND,1000,0.7,0.7,15,47,15,0.447619047619048,0.980952380952381,0.648747498582575,0.641599413059428,0.419354838709677,0.866666666666667,0.276595744680851,0.866666666666667,0.821835994720459
GENIE3,1000,0.7,0.7,15,47,15,0.447619047619048,1,0.580145019971787,0.606749816581071,0.290322580645161,0.6,0.191489361702128,,71.8310108184815
ARACNE,1000,0.7,0.7,15,47,15,0.447619047619048,1,0.447619047619048,0.5,0.225806451612903,0.466666666666667,0.148936170212766,,21.4720871448517
WGCNA,1000,0.7,0.7,15,47,15,0.447619047619048,1,0.535469244321232,0.582905355832722,0.290322580645161,0.6,0.191489361702128,,1.41068553924561
ASCEND,1000,0.7,0.7,16,44,10,0.419047619047619,0.990476190476191,0.641790940491285,0.625,0.37037037037037,1,0.227272727272727,0.8,0.653856515884399
GENIE3,1000,0.7,0.7,16,44,10,0.419047619047619,1,0.381213976398381,0.582339791356185,0.185185185185185,0.5,0.113636363636364,,69.8595805168152
ARACNE,1000,0.7,0.7,16,44,10,0.419047619047619,1,0.419047619047619,0.5,0.111111111111111,0.3,0.0681818181818182,,21.502272605896
WGCNA,1000,0.7,0.7,16,44,10,0.419047619047619,1,0.324895520733394,0.70230998509687,0.037037037037037,0.1,0.0227272727272727,,1.49975395202637
ASCEND,1000,0.7,0.7,17,80,12,0.761904761904762,0.942857142857143,0.802109213079064,0.53825,0.239130434782609,0.916666666666667,0.1375,0.5,0.530212879180908
GENIE3,1000,0.7,0.7,17,80,12,0.761904761904762,1,0.826038387274551,0.5715,0.260869565217391,1,0.15,,52.4113223552704
ARACNE,1000,0.7,0.7,17,80,12,0.761904761904762,1,0.761904761904762,0.5,0.152173913043478,0.583333333333333,0.0875,,13.4413688182831
WGCNA,1000,0.7,0.7,17,80,12,0.761904761904762,1,0.71933787383445,0.6115,0.173913043478261,0.666666666666667,0.1,,0.796396017074585
ASCEND,1000,0.7,0.7,18,35,4,0.333333333333333,0.942857142857143,0.528001587251776,0.620204081632653,0.153846153846154,0.75,0.0857142857142857,0,0.479737758636475
GENIE3,1000,0.7,0.7,18,35,4,0.333333333333333,1,0.45269342127755,0.628163265306123,0.153846153846154,0.75,0.0857142857142857,,52.3673706054688
ARACNE,1000,0.7,0.7,18,35,4,0.333333333333333,1,0.333333333333333,0.5,,0,0,,13.3247563838959
WGCNA,1000,0.7,0.7,18,35,4,0.333333333333333,1,0.39600522269191,0.540408163265306,0.0512820512820513,0.25,0.0285714285714286,,0.917927980422974
ASCEND,1000,0.7,0.7,19,54,16,0.514285714285714,0.990476190476191,0.586704700027995,0.56118373275236,0.314285714285714,0.6875,0.203703703703704,0.5625,0.406966209411621
GENIE3,1000,0.7,0.7,19,54,16,0.514285714285714,1,0.576536204318559,0.529048656499637,0.314285714285714,0.6875,0.203703703703704,,52.7746298313141
ARACNE,1000,0.7,0.7,19,54,16,0.514285714285714,1,0.514285714285714,0.5,0.114285714285714,0.25,0.0740740740740741,,13.4559438228607
WGCNA,1000,0.7,0.7,19,54,16,0.514285714285714,1,0.592861560989804,0.62164124909223,0.257142857142857,0.5625,0.166666666666667,,0.95121693611145
ASCEND,1000,0.7,0.7,20,71,12,0.676190476190476,0.961904761904762,0.743456824511506,0.567522783761392,0.240963855421687,0.833333333333333,0.140845070422535,0.583333333333333,0.727410554885864
GENIE3,1000,0.7,0.7,20,71,12,0.676190476190476,1,0.687726132917065,0.518227009113505,0.216867469879518,0.75,0.126760563380282,,71.9733877182007
ARACNE,1000,0.7,0.7,20,71,12,0.676190476190476,1,0.676190476190476,0.5,0.216867469879518,0.75,0.126760563380282,,22.3024075031281
WGCNA,1000,0.7,0.7,20,71,12,0.676190476190476,1,0.659748060407967,0.53976801988401,0.192771084337349,0.666666666666667,0.112676056338028,,1.22193646430969
ASCEND,1000,0.7,0.7,21,63,18,0.6,0.961904761904762,0.793400034412129,0.658163265306123,0.444444444444444,1,0.285714285714286,0.722222222222222,0.380965709686279
GENIE3,1000,0.7,0.7,21,63,18,0.6,1,0.63375633007713,0.511715797430083,0.271604938271605,0.611111111111111,0.174603174603175,,53.954868555069
ARACNE,1000,0.7,0.7,21,63,18,0.6,1,0.6,0.5,0.197530864197531,0.444444444444444,0.126984126984127,,13.5462532043457
WGCNA,1000,0.7,0.7,21,63,18,0.6,1,0.607278000633056,0.505857898715042,0.222222222222222,0.5,0.142857142857143,,0.787862777709961
ASCEND,1000,0.7,0.7,22,64,33,0.60952380952381,1,0.695803723371069,0.597751524390244,0.515463917525773,0.757575757575758,0.390625,0.666666666666667,0.420109033584595
GENIE3,1000,0.7,0.7,22,64,33,0.60952380952381,1,0.786248644400906,0.676829268292683,0.536082474226804,0.787878787878788,0.40625,,54.8557059764862
ARACNE,1000,0.7,0.7,22,64,33,0.60952380952381,1,0.60952380952381,0.5,0.453608247422681,0.666666666666667,0.34375,,13.5070626735687
WGCNA,1000,0.7,0.7,22,64,33,0.60952380952381,1,0.690077987254114,0.570121951219512,0.474226804123711,0.696969696969697,0.359375,,0.636530160903931
ASCEND,1000,0.7,0.7,23,68,2,0.647619047619048,0.990476190476191,0.689516809518463,0.522058823529412,0.0571428571428571,1,0.0294117647058824,1,0.154226779937744
GENIE3,1000,0.7,0.7,23,68,2,0.647619047619048,1,0.724459106985118,0.56637519872814,0.0571428571428571,1,0.0294117647058824,,60.8548488616943
ARACNE,1000,0.7,0.7,23,68,2,0.647619047619048,1,0.647619047619048,0.5,0.0571428571428571,1,0.0294117647058824,,16.3375699520111
WGCNA,1000,0.7,0.7,23,68,2,0.647619047619048,1,0.718040051820581,0.608505564387917,0.0285714285714286,0.5,0.0147058823529412,,0.60790753364563
ASCEND,1000,0.7,0.7,24,68,27,0.647619047619048,1,0.734138380762003,0.594197138314785,0.463157894736842,0.814814814814815,0.323529411764706,0.407407407407407,0.396051406860352
GENIE3,1000,0.7,0.7,24,68,27,0.647619047619048,1,0.730143899220531,0.559220985691574,0.421052631578947,0.740740740740741,0.294117647058824,,54.5907785892487
ARACNE,1000,0.7,0.7,24,68,27,0.647619047619048,1,0.647619047619048,0.5,0.336842105263158,0.592592592592593,0.235294117647059,,13.2624189853668
WGCNA,1000,0.7,0.7,24,68,27,0.647619047619048,1,0.625007892480144,0.538751987281399,0.357894736842105,0.62962962962963,0.25,,0.7973952293396
ASCEND,1000,0.7,0.7,25,81,33,0.771428571428571,1,0.849744637279724,0.622685185185185,0.526315789473684,0.909090909090909,0.37037037037037,0.787878787878788,0.694736003875732
GENIE3,1000,0.7,0.7,25,81,33,0.771428571428571,1,0.742567894073864,0.534465020576132,0.421052631578947,0.727272727272727,0.296296296296296,,65.1887414455414
ARACNE,1000,0.7,0.7,25,81,33,0.771428571428571,1,0.771428571428571,0.5,0.403508771929825,0.696969696969697,0.283950617283951,,22.0849506855011
WGCNA,1000,0.7,0.7,25,81,33,0.771428571428571,1,0.797279404166732,0.592592592592593,0.473684210526316,0.818181818181818,0.333333333333333,,0.910912752151489
ASCEND,1000,0.7,0.7,26,54,20,0.514285714285714,0.980952380952381,0.634792407324177,0.606572258533043,0.405405405405405,0.75,0.277777777777778,0.45,0.330323696136475
GENIE3,1000,0.7,0.7,26,54,20,0.514285714285714,1,0.58902600720645,0.578794480755265,0.27027027027027,0.5,0.185185185185185,,55.0125260353088
ARACNE,1000,0.7,0.7,26,54,20,0.514285714285714,1,0.514285714285714,0.5,0.216216216216216,0.4,0.148148148148148,,13.4721262454987
WGCNA,1000,0.7,0.7,26,54,20,0.514285714285714,1,0.477646053576385,0.559912854030501,0.243243243243243,0.45,0.166666666666667,,0.625848293304443
ASCEND,1000,0.7,0.7,27,66,16,0.628571428571429,0.952380952380952,0.750492623459716,0.616355866355866,0.341463414634146,0.875,0.212121212121212,0.625,0.915569067001343
GENIE3,1000,0.7,0.7,27,66,16,0.628571428571429,1,0.596035963829485,0.524475524475525,0.170731707317073,0.4375,0.106060606060606,,73.1492669582367
ARACNE,1000,0.7,0.7,27,66,16,0.628571428571429,1,0.628571428571429,0.5,0.365853658536585,0.9375,0.227272727272727,,21.9298894405365
WGCNA,1000,0.7,0.7,27,66,16,0.628571428571429,1,0.564291303250709,0.544677544677545,0.121951219512195,0.3125,0.0757575757575758,,0.977995634078979
ASCEND,1000,0.7,0.7,28,49,25,0.466666666666667,0.980952380952381,0.522139274811867,0.561042274052478,0.378378378378378,0.56,0.285714285714286,0.4,0.765981912612915
GENIE3,1000,0.7,0.7,28,49,25,0.466666666666667,1,0.590704077138867,0.59402332361516,0.432432432432432,0.64,0.326530612244898,,64.3910737037659
ARACNE,1000,0.7,0.7,28,49,25,0.466666666666667,1,0.466666666666667,0.5,0.432432432432432,0.64,0.326530612244898,,14.259907245636
WGCNA,1000,0.7,0.7,28,49,25,0.466666666666667,1,0.515978123211835,0.500728862973761,0.351351351351351,0.52,0.26530612244898,,0.621091604232788
ASCEND,1000,0.7,0.7,29,60,4,0.571428571428571,0.990476190476191,0.650293275278045,0.541666666666667,0.125,1,0.0666666666666667,0.5,0.384438037872314
GENIE3,1000,0.7,0.7,29,60,4,0.571428571428571,1,0.621840782367855,0.525185185185185,0.09375,0.75,0.05,,72.9556984901428
ARACNE,1000,0.7,0.7,29,60,4,0.571428571428571,1,0.571428571428571,0.5,0.0625,0.5,0.0333333333333333,,19.154461145401
WGCNA,1000,0.7,0.7,29,60,4,0.571428571428571,1,0.570503521590357,0.517407407407407,0.0625,0.5,0.0333333333333333,,0.956030368804932
ASCEND,1000,0.7,0.7,30,70,19,0.666666666666667,0.961904761904762,0.656600957740155,0.508979591836735,0.269662921348315,0.631578947368421,0.171428571428571,0.421052631578947,0.892627954483032
GENIE3,1000,0.7,0.7,30,70,19,0.666666666666667,1,0.82470949046364,0.658775510204082,0.404494382022472,0.947368421052632,0.257142857142857,,57.5782930850983
ARACNE,1000,0.7,0.7,30,70,19,0.666666666666667,1,0.666666666666667,0.5,0.337078651685393,0.789473684210526,0.214285714285714,,13.9290339946747
WGCNA,1000,0.7,0.7,30,70,19,0.666666666666667,1,0.719105833873399,0.517959183673469,0.314606741573034,0.736842105263158,0.2,,0.604701519012451
ASCEND,1000,0.7,0.7,31,45,10,0.428571428571429,0.980952380952381,0.659297069464112,0.633333333333333,0.363636363636364,1,0.222222222222222,0.8,0.424367189407349
GENIE3,1000,0.7,0.7,31,45,10,0.428571428571429,1,0.470939561440796,0.521111111111111,0.181818181818182,0.5,0.111111111111111,,65.1934654712677
ARACNE,1000,0.7,0.7,31,45,10,0.428571428571429,1,0.428571428571429,0.5,0.145454545454545,0.4,0.0888888888888889,,20.181268453598
WGCNA,1000,0.7,0.7,31,45,10,0.428571428571429,1,0.402664500787022,0.614814814814815,0.181818181818182,0.5,0.111111111111111,,0.595422029495239
ASCEND,1000,0.7,0.7,32,55,20,0.523809523809524,0.990476190476191,0.607034056221954,0.575272727272727,0.373333333333333,0.7,0.254545454545455,0.45,0.621506929397583
GENIE3,1000,0.7,0.7,32,55,20,0.523809523809524,1,0.667697224622103,0.629818181818182,0.4,0.75,0.272727272727273,,73.1067042350769
ARACNE,1000,0.7,0.7,32,55,20,0.523809523809524,1,0.523809523809524,0.5,0.346666666666667,0.65,0.236363636363636,,21.6270785331726
WGCNA,1000,0.7,0.7,32,55,20,0.523809523809524,1,0.712002034980852,0.656181818181818,0.4,0.75,0.272727272727273,,0.940280437469482
ASCEND,1000,0.7,0.7,33,67,33,0.638095238095238,1,0.637177635950491,0.501178318931657,0.42,0.636363636363636,0.313432835820896,0.303030303030303,0.821068048477173
GENIE3,1000,0.7,0.7,33,67,33,0.638095238095238,1,0.696030039748445,0.543990573448547,0.44,0.666666666666667,0.328358208955224,,70.9215936660767
ARACNE,1000,0.7,0.7,33,67,33,0.638095238095238,1,0.638095238095238,0.5,0.38,0.575757575757576,0.283582089552239,,12.8414597511292
WGCNA,1000,0.7,0.7,33,67,33,0.638095238095238,1,0.624727856306507,0.516103692065986,0.42,0.636363636363636,0.313432835820896,,0.626813650131226
ASCEND,1000,0.7,0.7,34,58,9,0.552380952380952,0.971428571428571,0.711363739882998,0.603448275862069,0.26865671641791,1,0.155172413793103,0.555555555555556,0.664888620376587
GENIE3,1000,0.7,0.7,34,58,9,0.552380952380952,1,0.56464896245547,0.52017608217168,0.0895522388059702,0.333333333333333,0.0517241379310345,,72.8880882263184
ARACNE,1000,0.7,0.7,34,58,9,0.552380952380952,1,0.552380952380952,0.5,0.17910447761194,0.666666666666667,0.103448275862069,,21.7975561618805
WGCNA,1000,0.7,0.7,34,58,9,0.552380952380952,1,0.553267643256004,0.507153338224505,0.119402985074627,0.444444444444444,0.0689655172413793,,0.999473094940186
ASCEND,1000,0.7,0.7,35,58,1,0.552380952380952,1,0.575743406603997,0.508620689655172,0.0338983050847458,1,0.0172413793103448,1,0.377707004547119
GENIE3,1000,0.7,0.7,35,58,1,0.552380952380952,1,0.652003100152722,0.579970652971387,,0,0,,71.1220879554749
ARACNE,1000,0.7,0.7,35,58,1,0.552380952380952,1,0.552380952380952,0.5,,0,0,,12.6948733329773
WGCNA,1000,0.7,0.7,35,58,1,0.552380952380952,1,0.607024341743916,0.517241379310345,0.0338983050847458,1,0.0172413793103448,,0.605417490005493
ASCEND,1000,0.7,0.7,36,60,40,0.571428571428571,0.990476190476191,0.818192798769118,0.763148148148148,0.72,0.9,0.6,0.825,0.748862981796265
GENIE3,1000,0.7,0.7,36,60,40,0.571428571428571,1,0.637550494718419,0.588518518518519,0.54,0.675,0.45,,73.5634293556213
ARACNE,1000,0.7,0.7,36,60,40,0.571428571428571,1,0.571428571428571,0.5,0.3,0.375,0.25,,19.6753172874451
WGCNA,1000,0.7,0.7,36,60,40,0.571428571428571,1,0.545527896476744,0.541111111111111,0.44,0.55,0.366666666666667,,0.667322874069214
ASCEND,1000,0.7,0.7,37,71,6,0.676190476190476,0.980952380952381,0.755018725406861,0.556338028169014,0.155844155844156,1,0.0845070422535211,0.666666666666667,0.234178066253662
GENIE3,1000,0.7,0.7,37,71,6,0.676190476190476,1,0.713666196769174,0.519884009942005,0.12987012987013,0.833333333333333,0.0704225352112676,,54.9320948123932
ARACNE,1000,0.7,0.7,37,71,6,0.676190476190476,1,0.676190476190476,0.5,0.0779220779220779,0.5,0.0422535211267606,,13.1786618232727
WGCNA,1000,0.7,0.7,37,71,6,0.676190476190476,1,0.735845148578828,0.565658657829329,0.12987012987013,0.833333333333333,0.0704225352112676,,0.786168098449707
ASCEND,1000,0.7,0.7,38,47,16,0.447619047619048,0.990476190476191,0.616209034151524,0.622523844460748,0.412698412698413,0.8125,0.276595744680851,0.75,0.334968566894531
GENIE3,1000,0.7,0.7,38,47,16,0.447619047619048,1,0.554025116719145,0.573000733675715,0.317460317460317,0.625,0.212765957446809,,54.7988648414612
ARACNE,1000,0.7,0.7,38,47,16,0.447619047619048,1,0.447619047619048,0.5,0.285714285714286,0.5625,0.191489361702128,,13.4484665393829
WGCNA,1000,0.7,0.7,38,47,16,0.447619047619048,1,0.419303666956453,0.508070432868672,0.190476190476191,0.375,0.127659574468085,,0.802562236785889
ASCEND,1000,0.7,0.7,39,56,9,0.533333333333333,0.990476190476191,0.681183217840255,0.589285714285714,0.276923076923077,1,0.160714285714286,0.666666666666667,0.185779333114624
GENIE3,1000,0.7,0.7,39,56,9,0.533333333333333,1,0.628525090265551,0.535714285714286,0.215384615384615,0.777777777777778,0.125,,54.4164898395538
ARACNE,1000,0.7,0.7,39,56,9,0.533333333333333,1,0.533333333333333,0.5,0.153846153846154,0.555555555555556,0.0892857142857143,,13.2598016262054
WGCNA,1000,0.7,0.7,39,56,9,0.533333333333333,1,0.571373912087195,0.510204081632653,0.184615384615385,0.666666666666667,0.107142857142857,,0.778312206268311
ASCEND,1000,0.7,0.7,40,45,9,0.428571428571429,1,0.570267077217301,0.580555555555556,0.296296296296296,0.888888888888889,0.177777777777778,0.555555555555556,0.50160551071167
GENIE3,1000,0.7,0.7,40,45,9,0.428571428571429,1,0.428836981064818,0.514444444444445,0.185185185185185,0.555555555555556,0.111111111111111,,73.5592303276062
ARACNE,1000,0.7,0.7,40,45,9,0.428571428571429,1,0.428571428571429,0.5,0.0740740740740741,0.222222222222222,0.0444444444444444,,21.2579584121704
WGCNA,1000,0.7,0.7,40,45,9,0.428571428571429,1,0.42585164680333,0.528518518518519,0.148148148148148,0.444444444444444,0.0888888888888889,,0.929151773452759
ASCEND,1000,0.7,0.7,41,74,37,0.704761904761905,0.990476190476191,0.806671339258012,0.641238012205754,0.576576576576577,0.864864864864865,0.432432432432432,0.810810810810811,0.267301321029663
GENIE3,1000,0.7,0.7,41,74,37,0.704761904761905,1,0.762731475565596,0.544899738448126,0.522522522522523,0.783783783783784,0.391891891891892,,53.5903351306915
ARACNE,1000,0.7,0.7,41,74,37,0.704761904761905,1,0.704761904761905,0.5,0.396396396396396,0.594594594594595,0.297297297297297,,11.2227013111114
WGCNA,1000,0.7,0.7,41,74,37,0.704761904761905,1,0.777755717918715,0.632083696599826,0.522522522522523,0.783783783783784,0.391891891891892,,0.597209692001343
ASCEND,1000,0.7,0.7,42,50,27,0.476190476190476,0.990476190476191,0.562685623907205,0.587272727272727,0.441558441558442,0.62962962962963,0.34,0.333333333333333,0.30260705947876
GENIE3,1000,0.7,0.7,42,50,27,0.476190476190476,1,0.570474417671156,0.644363636363636,0.415584415584416,0.592592592592593,0.32,,52.769365310669
ARACNE,1000,0.7,0.7,42,50,27,0.476190476190476,1,0.476190476190476,0.5,0.38961038961039,0.555555555555556,0.3,,11.1315748691559
WGCNA,1000,0.7,0.7,42,50,27,0.476190476190476,1,0.563259303397649,0.574909090909091,0.38961038961039,0.555555555555556,0.3,,0.605302095413208
ASCEND,1000,0.7,0.7,43,77,3,0.733333333333333,0.971428571428571,0.784448621208446,0.538961038961039,0.075,1,0.038961038961039,1,0.124793529510498
GENIE3,1000,0.7,0.7,43,77,3,0.733333333333333,1,0.732073682647689,0.507421150278293,0.05,0.666666666666667,0.025974025974026,,52.7318167686462
ARACNE,1000,0.7,0.7,43,77,3,0.733333333333333,1,0.733333333333333,0.5,0.025,0.333333333333333,0.012987012987013,,10.502653837204
WGCNA,1000,0.7,0.7,43,77,3,0.733333333333333,1,0.719298281505009,0.51113172541744,0.025,0.333333333333333,0.012987012987013,,0.536806106567383
ASCEND,1000,0.7,0.7,44,53,9,0.504761904761905,0.990476190476191,0.625323809794117,0.57510885341074,0.258064516129032,0.888888888888889,0.150943396226415,0.444444444444444,0.257874250411987
GENIE3,1000,0.7,0.7,44,53,9,0.504761904761905,1,0.534594257243301,0.509433962264151,0.193548387096774,0.666666666666667,0.113207547169811,,51.7271800041199
ARACNE,1000,0.7,0.7,44,53,9,0.504761904761905,1,0.504761904761905,0.5,0.225806451612903,0.777777777777778,0.132075471698113,,11.0536544322968
WGCNA,1000,0.7,0.7,44,53,9,0.504761904761905,1,0.586047872960756,0.553701015965167,0.258064516129032,0.888888888888889,0.150943396226415,,0.564650297164917
ASCEND,1000,0.7,0.7,45,53,24,0.504761904761905,1,0.562117954491197,0.554970972423803,0.38961038961039,0.625,0.283018867924528,0.5,0.54518461227417
GENIE3,1000,0.7,0.7,45,53,24,0.504761904761905,1,0.570462824199234,0.598693759071118,0.311688311688312,0.5,0.226415094339623,,48.5028214454651
ARACNE,1000,0.7,0.7,45,53,24,0.504761904761905,1,0.504761904761905,0.5,0.38961038961039,0.625,0.283018867924528,,10.7992084026337
WGCNA,1000,0.7,0.7,45,53,24,0.504761904761905,1,0.596666699079805,0.580007256894049,0.363636363636364,0.583333333333333,0.264150943396226,,0.551518440246582
ASCEND,1000,0.7,0.7,46,51,9,0.485714285714286,0.952380952380952,0.702941217411481,0.637254901960784,0.3,1,0.176470588235294,0.333333333333333,0.200085401535034
GENIE3,1000,0.7,0.7,46,51,9,0.485714285714286,1,0.519639451183071,0.530864197530864,0.2,0.666666666666667,0.117647058823529,,57.5816221237183
ARACNE,1000,0.7,0.7,46,51,9,0.485714285714286,1,0.485714285714286,0.5,0.133333333333333,0.444444444444444,0.0784313725490196,,10.907185792923
WGCNA,1000,0.7,0.7,46,51,9,0.485714285714286,1,0.495988137891556,0.522149600580973,0.133333333333333,0.444444444444444,0.0784313725490196,,0.550517082214356
ASCEND,1000,0.7,0.7,47,61,8,0.580952380952381,0.952380952380952,0.734752947518247,0.60655737704918,0.231884057971015,1,0.131147540983607,0.75,0.565209627151489
GENIE3,1000,0.7,0.7,47,61,8,0.580952380952381,1,0.641744783690769,0.538748137108793,0.173913043478261,0.75,0.0983606557377049,,45.1250829696655
ARACNE,1000,0.7,0.7,47,61,8,0.580952380952381,1,0.580952380952381,0.5,0.231884057971015,1,0.131147540983607,,10.8967344760895
WGCNA,1000,0.7,0.7,47,61,8,0.580952380952381,1,0.599775965023319,0.516766020864382,0.144927536231884,0.625,0.0819672131147541,,0.641713857650757
ASCEND,1000,0.7,0.7,48,56,9,0.533333333333333,0.971428571428571,0.661579827422031,0.587463556851312,0.246153846153846,0.888888888888889,0.142857142857143,0.666666666666667,0.219240188598633
GENIE3,1000,0.7,0.7,48,56,9,0.533333333333333,1,0.547873818951841,0.567784256559767,0.153846153846154,0.555555555555556,0.0892857142857143,,47.2378177642822
ARACNE,1000,0.7,0.7,48,56,9,0.533333333333333,1,0.533333333333333,0.5,0.153846153846154,0.555555555555556,0.0892857142857143,,10.8309555053711
WGCNA,1000,0.7,0.7,48,56,9,0.533333333333333,1,0.542030829874726,0.510932944606414,0.153846153846154,0.555555555555556,0.0892857142857143,,0.543927431106567
ASCEND,1000,0.7,0.7,49,60,13,0.571428571428571,0.971428571428571,0.75462242387837,0.633333333333333,0.356164383561644,1,0.216666666666667,0.230769230769231,0.590054512023926
GENIE3,1000,0.7,0.7,49,60,13,0.571428571428571,1,0.646209089640881,0.549259259259259,0.246575342465753,0.692307692307692,0.15,,45.9787833690643
ARACNE,1000,0.7,0.7,49,60,13,0.571428571428571,1,0.571428571428571,0.5,0.273972602739726,0.769230769230769,0.166666666666667,,10.6789150238037
WGCNA,1000,0.7,0.7,49,60,13,0.571428571428571,1,0.582290636840921,0.547407407407408,0.191780821917808,0.538461538461538,0.116666666666667,,0.54709267616272
ASCEND,1000,0.7,0.7,50,73,26,0.695238095238095,0.923809523809524,0.694343724584043,0.515196917808219,0.343434343434343,0.653846153846154,0.232876712328767,0.384615384615385,0.386772394180298
GENIE3,1000,0.7,0.7,50,73,26,0.695238095238095,1,0.776227978981365,0.563356164383562,0.424242424242424,0.807692307692308,0.287671232876712,,48.7847354412079
ARACNE,1000,0.7,0.7,50,73,26,0.695238095238095,1,0.695238095238095,0.5,0.282828282828283,0.538461538461538,0.191780821917808,,10.8544933795929
WGCNA,1000,0.7,0.7,50,73,26,0.695238095238095,1,0.732161099331682,0.503852739726027,0.383838383838384,0.730769230769231,0.26027397260274,,0.561777591705322
ASCEND,1000,0.9,0.5,1,11,7,0.104761904761905,0.990476190476191,0.55837340291324,0.764990328820116,0.666666666666667,0.857142857142857,0.545454545454545,0.857142857142857,0.251277685165405
GENIE3,1000,0.9,0.5,1,11,7,0.104761904761905,1,0.352757652742065,0.690522243713733,0.444444444444444,0.571428571428571,0.363636363636364,,58.024796962738
ARACNE,1000,0.9,0.5,1,11,7,0.104761904761905,1,0.104761904761905,0.5,0.111111111111111,0.142857142857143,0.0909090909090909,,14.1060829162598
WGCNA,1000,0.9,0.5,1,11,7,0.104761904761905,1,0.153423947146132,0.570599613152805,0.222222222222222,0.285714285714286,0.181818181818182,,0.792927742004395
ASCEND,1000,0.9,0.5,2,15,7,0.142857142857143,1,0.486780072193586,0.694444444444445,0.545454545454546,0.857142857142857,0.4,0.714285714285714,0.248089790344238
GENIE3,1000,0.9,0.5,2,15,7,0.142857142857143,1,0.303366627201553,0.616296296296296,0.272727272727273,0.428571428571429,0.2,,56.6670575141907
ARACNE,1000,0.9,0.5,2,15,7,0.142857142857143,1,0.142857142857143,0.5,0.0909090909090909,0.142857142857143,0.0666666666666667,,13.9250104427338
WGCNA,1000,0.9,0.5,2,15,7,0.142857142857143,1,0.154103813408567,0.568148148148148,,0,0,,0.821775436401367
ASCEND,1000,0.9,0.5,3,18,8,0.171428571428571,1,0.508402544690742,0.688697318007663,0.538461538461539,0.875,0.388888888888889,0.875,0.246101140975952
GENIE3,1000,0.9,0.5,3,18,8,0.171428571428571,1,0.490175829019503,0.666666666666667,0.384615384615385,0.625,0.277777777777778,,55.3417193889618
ARACNE,1000,0.9,0.5,3,18,8,0.171428571428571,1,0.171428571428571,0.5,0.153846153846154,0.25,0.111111111111111,,13.9583950042725
WGCNA,1000,0.9,0.5,3,18,8,0.171428571428571,1,0.296810205557838,0.507024265644955,0.230769230769231,0.375,0.166666666666667,,0.783116102218628
ASCEND,1000,0.9,0.5,4,12,7,0.114285714285714,1,0.681076490738127,0.791666666666667,0.736842105263158,1,0.583333333333333,1,0.209233283996582
GENIE3,1000,0.9,0.5,4,12,7,0.114285714285714,1,0.336999736210376,0.745519713261649,0.315789473684211,0.428571428571429,0.25,,57.7005548477173
ARACNE,1000,0.9,0.5,4,12,7,0.114285714285714,1,0.114285714285714,0.5,,0,0,,13.6647052764893
WGCNA,1000,0.9,0.5,4,12,7,0.114285714285714,1,0.194785667509003,0.586021505376344,0.105263157894737,0.142857142857143,0.0833333333333333,,0.861281156539917
ASCEND,1000,0.9,0.5,5,30,21,0.285714285714286,0.990476190476191,0.527744940015198,0.701777777777778,0.549019607843137,0.666666666666667,0.466666666666667,0.476190476190476,0.298118829727173
GENIE3,1000,0.9,0.5,5,30,21,0.285714285714286,1,0.576870609369684,0.662666666666667,0.509803921568627,0.619047619047619,0.433333333333333,,57.465726852417
ARACNE,1000,0.9,0.5,5,30,21,0.285714285714286,1,0.285714285714286,0.5,0.156862745098039,0.19047619047619,0.133333333333333,,13.8204989433289
WGCNA,1000,0.9,0.5,5,30,21,0.285714285714286,1,0.303676252706136,0.52,0.235294117647059,0.285714285714286,0.2,,0.862671852111816
ASCEND,1000,0.9,0.5,6,15,3,0.142857142857143,0.990476190476191,0.431101247044989,0.633333333333333,0.333333333333333,1,0.2,0.333333333333333,0.605963706970215
GENIE3,1000,0.9,0.5,6,15,3,0.142857142857143,1,0.163634318512837,0.532592592592593,,0,0,,74.6241991519928
ARACNE,1000,0.9,0.5,6,15,3,0.142857142857143,1,0.142857142857143,0.5,,0,0,,21.6879603862762
WGCNA,1000,0.9,0.5,6,15,3,0.142857142857143,1,0.142487419778355,0.515925925925926,,0,0,,1.40373396873474
ASCEND,1000,0.9,0.5,7,9,6,0.0857142857142857,1,0.732837727694976,0.833333333333333,0.8,1,0.666666666666667,1,0.213815927505493
GENIE3,1000,0.9,0.5,7,9,6,0.0857142857142857,1,0.583310661704185,0.810185185185185,0.533333333333333,0.666666666666667,0.444444444444444,,56.9187915325165
ARACNE,1000,0.9,0.5,7,9,6,0.0857142857142857,1,0.0857142857142857,0.5,0.133333333333333,0.166666666666667,0.111111111111111,,13.8240678310394
WGCNA,1000,0.9,0.5,7,9,6,0.0857142857142857,1,0.190688619887849,0.603009259259259,0.133333333333333,0.166666666666667,0.111111111111111,,0.853442668914795
ASCEND,1000,0.9,0.5,8,17,12,0.161904761904762,1,0.700083453471728,0.817847593582888,0.758620689655172,0.916666666666667,0.647058823529412,0.916666666666667,0.38930606842041
GENIE3,1000,0.9,0.5,8,17,12,0.161904761904762,1,0.372126934688905,0.653074866310161,0.413793103448276,0.5,0.352941176470588,,78.5268049240112
ARACNE,1000,0.9,0.5,8,17,12,0.161904761904762,1,0.161904761904762,0.5,0.137931034482759,0.166666666666667,0.117647058823529,,22.683004617691
WGCNA,1000,0.9,0.5,8,17,12,0.161904761904762,1,0.212942842496962,0.500668449197861,0.0689655172413793,0.0833333333333333,0.0588235294117647,,1.21521353721619
ASCEND,1000,0.9,0.5,9,20,10,0.19047619047619,1,0.495836908448839,0.688235294117647,0.533333333333333,0.8,0.4,0.7,0.528392314910889
GENIE3,1000,0.9,0.5,9,20,10,0.19047619047619,1,0.447416618767109,0.713529411764706,0.333333333333333,0.5,0.25,,75.3061738014221
ARACNE,1000,0.9,0.5,9,20,10,0.19047619047619,1,0.19047619047619,0.5,0.2,0.3,0.15,,22.1302101612091
WGCNA,1000,0.9,0.5,9,20,10,0.19047619047619,1,0.236816546330104,0.520588235294118,0.2,0.3,0.15,,1.44702792167664
ASCEND,1000,0.9,0.5,10,17,7,0.161904761904762,0.990476190476191,0.414038579379136,0.664438502673797,0.416666666666667,0.714285714285714,0.294117647058824,0.714285714285714,0.619783639907837
GENIE3,1000,0.9,0.5,10,17,7,0.161904761904762,1,0.640110661521642,0.860294117647059,0.416666666666667,0.714285714285714,0.294117647058824,,76.5303661823273
ARACNE,1000,0.9,0.5,10,17,7,0.161904761904762,1,0.161904761904762,0.5,0.0833333333333333,0.142857142857143,0.0588235294117647,,22.5168130397797
WGCNA,1000,0.9,0.5,10,17,7,0.161904761904762,1,0.344962510029836,0.586229946524064,0.25,0.428571428571429,0.176470588235294,,1.50677824020386
ASCEND,1000,0.9,0.5,11,9,1,0.0857142857142857,1,0.216204815385858,0.555555555555556,0.2,1,0.111111111111111,1,0.435950994491577
GENIE3,1000,0.9,0.5,11,9,1,0.0857142857142857,1,0.1785970796918,0.71875,,0,0,,75.5733544826508
ARACNE,1000,0.9,0.5,11,9,1,0.0857142857142857,1,0.0857142857142857,0.5,,0,0,,22.6601164340973
WGCNA,1000,0.9,0.5,11,9,1,0.0857142857142857,1,0.082426047515711,0.534722222222222,,0,0,,1.58841300010681
ASCEND,1000,0.9,0.5,12,7,6,0.0666666666666667,1,0.641310450114097,0.852040816326531,0.769230769230769,0.833333333333333,0.714285714285714,0.833333333333333,0.416583299636841
GENIE3,1000,0.9,0.5,12,7,6,0.0666666666666667,1,0.327760830556615,0.862973760932945,0.461538461538462,0.5,0.428571428571429,,76.7383019924164
ARACNE,1000,0.9,0.5,12,7,6,0.0666666666666667,1,0.0666666666666667,0.5,,0,0,,22.5029907226563
WGCNA,1000,0.9,0.5,12,7,6,0.0666666666666667,1,0.0531021304927013,0.60932944606414,,0,0,,1.52532911300659
ASCEND,1000,0.9,0.5,13,9,2,0.0857142857142857,0.990476190476191,0.438160979220105,0.666666666666667,0.363636363636364,1,0.222222222222222,0.5,0.307456254959106
GENIE3,1000,0.9,0.5,13,9,2,0.0857142857142857,1,0.184215365000718,0.690972222222222,,0,0,,76.5160148143768
ARACNE,1000,0.9,0.5,13,9,2,0.0857142857142857,1,0.0857142857142857,0.5,,0,0,,22.3673965930939
WGCNA,1000,0.9,0.5,13,9,2,0.0857142857142857,1,0.128136496626182,0.596064814814815,,0,0,,1.53652596473694
ASCEND,1000,0.9,0.5,14,11,9,0.104761904761905,1,0.708859331823921,0.858317214700193,0.8,0.888888888888889,0.727272727272727,0.888888888888889,0.424999475479126
GENIE3,1000,0.9,0.5,14,11,9,0.104761904761905,1,0.515365097684043,0.863636363636364,0.5,0.555555555555556,0.454545454545455,,75.459374666214
ARACNE,1000,0.9,0.5,14,11,9,0.104761904761905,1,0.104761904761905,0.5,0.1,0.111111111111111,0.0909090909090909,,22.154417514801
WGCNA,1000,0.9,0.5,14,11,9,0.104761904761905,1,0.203237696385169,0.663442940038685,0.2,0.222222222222222,0.181818181818182,,1.56559896469116
ASCEND,1000,0.9,0.5,15,20,8,0.19047619047619,1,0.495629998370553,0.669117647058824,0.5,0.875,0.35,0.625,0.487396955490112
GENIE3,1000,0.9,0.5,15,20,8,0.19047619047619,1,0.581515848884739,0.805882352941176,0.428571428571428,0.75,0.3,,76.9489533901215
ARACNE,1000,0.9,0.5,15,20,8,0.19047619047619,1,0.19047619047619,0.5,,0,0,,22.4743638038635
WGCNA,1000,0.9,0.5,15,20,8,0.19047619047619,1,0.363849714013125,0.585882352941177,0.285714285714286,0.5,0.2,,1.38784337043762
ASCEND,1000,0.9,0.5,16,5,3,0.0476190476190476,1,0.324296013378918,0.695,0.5,0.666666666666667,0.4,0.666666666666667,0.36213207244873
GENIE3,1000,0.9,0.5,16,5,3,0.0476190476190476,1,0.644755697989586,0.968,0.5,0.666666666666667,0.4,,76.3438947200775
ARACNE,1000,0.9,0.5,16,5,3,0.0476190476190476,1,0.0476190476190476,0.5,,0,0,,22.4298920631409
WGCNA,1000,0.9,0.5,16,5,3,0.0476190476190476,1,0.373393305912265,0.768,0.5,0.666666666666667,0.4,,1.53824281692505
ASCEND,1000,0.9,0.5,17,19,7,0.180952380952381,1,0.552965620973511,0.68421052631579,0.538461538461538,1,0.368421052631579,1,0.280554533004761
GENIE3,1000,0.9,0.5,17,19,7,0.180952380952381,1,0.588089618037373,0.761933904528764,0.461538461538462,0.857142857142857,0.315789473684211,,57.5848867893219
ARACNE,1000,0.9,0.5,17,19,7,0.180952380952381,1,0.180952380952381,0.5,0.153846153846154,0.285714285714286,0.105263157894737,,13.6694266796112
WGCNA,1000,0.9,0.5,17,19,7,0.180952380952381,1,0.182480906811618,0.561199510403917,0.153846153846154,0.285714285714286,0.105263157894737,,0.869761466979981
ASCEND,1000,0.9,0.5,18,13,7,0.123809523809524,1,0.650529474714534,0.769230769230769,0.7,1,0.538461538461538,0.714285714285714,0.566283464431763
GENIE3,1000,0.9,0.5,18,13,7,0.123809523809524,1,0.615237891688697,0.865384615384615,0.5,0.714285714285714,0.384615384615385,,76.3691198825836
ARACNE,1000,0.9,0.5,18,13,7,0.123809523809524,1,0.123809523809524,0.5,0.2,0.285714285714286,0.153846153846154,,22.3072607517242
WGCNA,1000,0.9,0.5,18,13,7,0.123809523809524,1,0.284467909597216,0.587792642140468,0.3,0.428571428571429,0.230769230769231,,1.55187797546387
ASCEND,1000,0.9,0.5,19,19,15,0.180952380952381,0.990476190476191,0.423477844603305,0.698898408812729,0.529411764705882,0.6,0.473684210526316,0.6,0.205031633377075
GENIE3,1000,0.9,0.5,19,19,15,0.180952380952381,1,0.538646072685261,0.743574051407589,0.470588235294118,0.533333333333333,0.421052631578947,,58.703640460968
ARACNE,1000,0.9,0.5,19,19,15,0.180952380952381,1,0.180952380952381,0.5,0.117647058823529,0.133333333333333,0.105263157894737,,14.441178560257
WGCNA,1000,0.9,0.5,19,19,15,0.180952380952381,1,0.438655503477842,0.813341493268054,0.352941176470588,0.4,0.315789473684211,,0.771559715270996
ASCEND,1000,0.9,0.5,20,13,4,0.123809523809524,0.971428571428571,0.481097005906408,0.724080267558528,0.352941176470588,0.75,0.230769230769231,0.75,0.415366411209106
GENIE3,1000,0.9,0.5,20,13,4,0.123809523809524,1,0.304639041803081,0.681438127090301,0.235294117647059,0.5,0.153846153846154,,75.820205450058
ARACNE,1000,0.9,0.5,20,13,4,0.123809523809524,1,0.123809523809524,0.5,,0,0,,22.1565556526184
WGCNA,1000,0.9,0.5,20,13,4,0.123809523809524,1,0.1726170994364,0.56438127090301,0.117647058823529,0.25,0.0769230769230769,,1.52014970779419
ASCEND,1000,0.9,0.5,21,18,9,0.171428571428571,1,0.651238287224343,0.75,0.666666666666667,1,0.5,1,0.146634817123413
GENIE3,1000,0.9,0.5,21,18,9,0.171428571428571,1,0.535538890267529,0.85823754789272,0.37037037037037,0.555555555555556,0.277777777777778,,59.2984158992767
ARACNE,1000,0.9,0.5,21,18,9,0.171428571428571,1,0.171428571428571,0.5,0.148148148148148,0.222222222222222,0.111111111111111,,13.8045206069946
WGCNA,1000,0.9,0.5,21,18,9,0.171428571428571,1,0.410044875742047,0.737547892720307,0.296296296296296,0.444444444444444,0.222222222222222,,0.636496543884277
ASCEND,1000,0.9,0.5,22,16,1,0.152380952380952,0.990476190476191,0.302080464809579,0.5625,0.117647058823529,1,0.0625,1,0.177248001098633
GENIE3,1000,0.9,0.5,22,16,1,0.152380952380952,1,0.305823075391446,0.582162921348315,0.117647058823529,1,0.0625,,56.6458630561829
ARACNE,1000,0.9,0.5,22,16,1,0.152380952380952,1,0.152380952380952,0.5,0.117647058823529,1,0.0625,,13.5969176292419
WGCNA,1000,0.9,0.5,22,16,1,0.152380952380952,1,0.193309253822563,0.58497191011236,,0,0,,0.606397390365601
ASCEND,1000,0.9,0.5,23,8,2,0.0761904761904762,0.990476190476191,0.228605697951087,0.619201030927835,0.2,0.5,0.125,0.5,0.163117647171021
GENIE3,1000,0.9,0.5,23,8,2,0.0761904761904762,1,0.103010441233617,0.576030927835052,,0,0,,56.1357157230377
ARACNE,1000,0.9,0.5,23,8,2,0.0761904761904762,1,0.0761904761904762,0.5,,0,0,,13.5878767967224
WGCNA,1000,0.9,0.5,23,8,2,0.0761904761904762,1,0.0919420660607663,0.637886597938144,,0,0,,0.603977680206299
ASCEND,1000,0.9,0.5,24,7,3,0.0666666666666667,1,0.508390856817591,0.714285714285714,0.6,1,0.428571428571429,1,0.121354103088379
GENIE3,1000,0.9,0.5,24,7,3,0.0666666666666667,1,0.150508816817073,0.667638483965015,0.2,0.333333333333333,0.142857142857143,,59.0957078933716
ARACNE,1000,0.9,0.5,24,7,3,0.0666666666666667,1,0.0666666666666667,0.5,,0,0,,13.9359786510468
WGCNA,1000,0.9,0.5,24,7,3,0.0666666666666667,1,0.100708949649991,0.645772594752187,,0,0,,0.672385215759277
ASCEND,1000,0.9,0.5,25,20,12,0.19047619047619,1,0.434369214028562,0.676470588235294,0.5,0.666666666666667,0.4,0.5,0.215639591217041
GENIE3,1000,0.9,0.5,25,20,12,0.19047619047619,1,0.638354826058791,0.82764705882353,0.5,0.666666666666667,0.4,,58.8609058856964
ARACNE,1000,0.9,0.5,25,20,12,0.19047619047619,1,0.19047619047619,0.5,0.0625,0.0833333333333333,0.05,,13.8019418716431
WGCNA,1000,0.9,0.5,25,20,12,0.19047619047619,1,0.357170576748236,0.637058823529412,0.375,0.5,0.3,,0.690929174423218
ASCEND,1000,0.9,0.5,26,15,2,0.142857142857143,1,0.300960208733832,0.566666666666667,0.235294117647059,1,0.133333333333333,1,0.28143310546875
GENIE3,1000,0.9,0.5,26,15,2,0.142857142857143,1,0.550430949688424,0.737037037037037,0.235294117647059,1,0.133333333333333,,77.8898169994354
ARACNE,1000,0.9,0.5,26,15,2,0.142857142857143,1,0.142857142857143,0.5,0.117647058823529,0.5,0.0666666666666667,,21.6198480129242
WGCNA,1000,0.9,0.5,26,15,2,0.142857142857143,1,0.121114393067186,0.617777777777778,,0,0,,0.577269792556763
ASCEND,1000,0.9,0.5,27,10,6,0.0952380952380952,1,0.682744801637784,0.8,0.75,1,0.6,1,0.160627126693726
GENIE3,1000,0.9,0.5,27,10,6,0.0952380952380952,1,0.397814133730583,0.757894736842105,0.25,0.333333333333333,0.2,,59.531140089035
ARACNE,1000,0.9,0.5,27,10,6,0.0952380952380952,1,0.0952380952380952,0.5,,0,0,,13.7672696113586
WGCNA,1000,0.9,0.5,27,10,6,0.0952380952380952,1,0.124683781732834,0.612631578947369,,0,0,,0.684070587158203
ASCEND,1000,0.9,0.5,28,16,13,0.152380952380952,1,0.67175518920371,0.83251404494382,0.758620689655172,0.846153846153846,0.6875,0.846153846153846,0.316310405731201
GENIE3,1000,0.9,0.5,28,16,13,0.152380952380952,1,0.737234286151875,0.917837078651685,0.551724137931035,0.615384615384615,0.5,,79.9327635765076
ARACNE,1000,0.9,0.5,28,16,13,0.152380952380952,1,0.152380952380952,0.5,0.137931034482759,0.153846153846154,0.125,,21.9173083305359
WGCNA,1000,0.9,0.5,28,16,13,0.152380952380952,1,0.231339593665071,0.538623595505618,0.137931034482759,0.153846153846154,0.125,,0.916405439376831
ASCEND,1000,0.9,0.5,29,31,17,0.295238095238095,1,0.647962224429175,0.728421970357454,0.625,0.882352941176471,0.483870967741936,0.882352941176471,0.414321422576904
GENIE3,1000,0.9,0.5,29,31,17,0.295238095238095,1,0.658444475815604,0.731473408892764,0.583333333333333,0.823529411764706,0.451612903225806,,72.4107093811035
ARACNE,1000,0.9,0.5,29,31,17,0.295238095238095,1,0.295238095238095,0.5,0.208333333333333,0.294117647058824,0.161290322580645,,13.4933531284332
WGCNA,1000,0.9,0.5,29,31,17,0.295238095238095,1,0.438074081058936,0.543156059285092,0.333333333333333,0.470588235294118,0.258064516129032,,0.579335689544678
ASCEND,1000,0.9,0.5,30,8,4,0.0761904761904762,1,0.581945613358818,0.75,0.666666666666667,1,0.5,1,0.258661508560181
GENIE3,1000,0.9,0.5,30,8,4,0.0761904761904762,1,0.370041529165583,0.795103092783505,0.166666666666667,0.25,0.125,,78.9752290248871
ARACNE,1000,0.9,0.5,30,8,4,0.0761904761904762,1,0.0761904761904762,0.5,,0,0,,15.2740144729614
WGCNA,1000,0.9,0.5,30,8,4,0.0761904761904762,1,0.0712443092372431,0.539948453608248,,0,0,,0.587405204772949
ASCEND,1000,0.9,0.5,31,20,5,0.19047619047619,0.990476190476191,0.452340936392442,0.620588235294118,0.4,1,0.25,0.8,0.366280078887939
GENIE3,1000,0.9,0.5,31,20,5,0.19047619047619,1,0.562881747434438,0.825294117647059,0.4,1,0.25,,70.6403484344483
ARACNE,1000,0.9,0.5,31,20,5,0.19047619047619,1,0.19047619047619,0.5,0.08,0.2,0.05,,13.331285238266
WGCNA,1000,0.9,0.5,31,20,5,0.19047619047619,1,0.353437495274972,0.663529411764706,0.16,0.4,0.1,,0.607770204544067
ASCEND,1000,0.9,0.5,32,15,10,0.142857142857143,1,0.37187768133663,0.677777777777778,0.48,0.6,0.4,0.5,0.38869047164917
GENIE3,1000,0.9,0.5,32,15,10,0.142857142857143,1,0.631103096590914,0.777777777777778,0.56,0.7,0.466666666666667,,70.2575936317444
ARACNE,1000,0.9,0.5,32,15,10,0.142857142857143,1,0.142857142857143,0.5,0.08,0.1,0.0666666666666667,,13.1599261760712
WGCNA,1000,0.9,0.5,32,15,10,0.142857142857143,1,0.178118890753908,0.52,0.16,0.2,0.133333333333333,,0.605030059814453
ASCEND,1000,0.9,0.5,33,10,8,0.0952380952380952,1,0.845714407364078,0.9,0.888888888888889,1,0.8,1,0.281252861022949
GENIE3,1000,0.9,0.5,33,10,8,0.0952380952380952,1,0.707774480460159,0.874736842105263,0.666666666666667,0.75,0.6,,77.9218471050263
ARACNE,1000,0.9,0.5,33,10,8,0.0952380952380952,1,0.0952380952380952,0.5,0.111111111111111,0.125,0.1,,21.6432733535767
WGCNA,1000,0.9,0.5,33,10,8,0.0952380952380952,1,0.0986922041916033,0.549473684210526,,0,0,,1.04696655273438
ASCEND,1000,0.9,0.5,34,21,15,0.2,1,0.597295507452766,0.767857142857143,0.666666666666667,0.8,0.571428571428571,0.666666666666667,0.377014875411987
GENIE3,1000,0.9,0.5,34,21,15,0.2,1,0.532565857046058,0.753401360544218,0.333333333333333,0.4,0.285714285714286,,79.5286519527435
ARACNE,1000,0.9,0.5,34,21,15,0.2,1,0.2,0.5,0.0555555555555556,0.0666666666666667,0.0476190476190476,,17.0365242958069
WGCNA,1000,0.9,0.5,34,21,15,0.2,1,0.266380913617502,0.546485260770975,0.277777777777778,0.333333333333333,0.238095238095238,,0.581879615783691
ASCEND,1000,0.9,0.5,35,25,5,0.238095238095238,0.980952380952381,0.525935635264933,0.64,0.333333333333333,1,0.2,0.4,0.40045690536499
GENIE3,1000,0.9,0.5,35,25,5,0.238095238095238,1,0.477063819337299,0.6445,0.266666666666667,0.8,0.16,,77.98992228508
ARACNE,1000,0.9,0.5,35,25,5,0.238095238095238,1,0.238095238095238,0.5,,0,0,,21.9337193965912
WGCNA,1000,0.9,0.5,35,25,5,0.238095238095238,1,0.281717411700092,0.5335,0.133333333333333,0.4,0.08,,0.966061592102051
ASCEND,1000,0.9,0.5,36,11,4,0.104761904761905,1,0.325284953028077,0.631044487427466,0.4,0.75,0.272727272727273,0.75,0.362724304199219
GENIE3,1000,0.9,0.5,36,11,4,0.104761904761905,1,0.443490433145122,0.726305609284333,0.4,0.75,0.272727272727273,,78.3069663047791
ARACNE,1000,0.9,0.5,36,11,4,0.104761904761905,1,0.104761904761905,0.5,,0,0,,21.7692940235138
WGCNA,1000,0.9,0.5,36,11,4,0.104761904761905,1,0.217046250984958,0.589941972920696,0.133333333333333,0.25,0.0909090909090909,,1.05023169517517
ASCEND,1000,0.9,0.5,37,25,11,0.238095238095238,1,0.57810787347928,0.69375,0.555555555555556,0.909090909090909,0.4,0.818181818181818,0.134517192840576
GENIE3,1000,0.9,0.5,37,25,11,0.238095238095238,1,0.577925804888455,0.71,0.388888888888889,0.636363636363636,0.28,,60.119560956955
ARACNE,1000,0.9,0.5,37,25,11,0.238095238095238,1,0.238095238095238,0.5,0.0555555555555556,0.0909090909090909,0.04,,13.8205480575562
WGCNA,1000,0.9,0.5,37,25,11,0.238095238095238,1,0.278525965545399,0.5675,0.166666666666667,0.272727272727273,0.12,,0.635072231292725
ASCEND,1000,0.9,0.5,38,14,12,0.133333333333333,1,0.899337770523488,0.928571428571429,0.923076923076923,1,0.857142857142857,1,0.296285152435303
GENIE3,1000,0.9,0.5,38,14,12,0.133333333333333,1,0.549255729577159,0.733908948194662,0.461538461538462,0.5,0.428571428571429,,79.5880656242371
ARACNE,1000,0.9,0.5,38,14,12,0.133333333333333,1,0.133333333333333,0.5,,0,0,,21.6632149219513
WGCNA,1000,0.9,0.5,38,14,12,0.133333333333333,1,0.271543517844978,0.613029827315542,0.230769230769231,0.25,0.214285714285714,,0.924833536148071
ASCEND,1000,0.9,0.5,39,22,6,0.20952380952381,0.980952380952381,0.571100816643681,0.681818181818182,0.428571428571429,1,0.272727272727273,0.833333333333333,0.127194166183472
GENIE3,1000,0.9,0.5,39,22,6,0.20952380952381,1,0.510097619965652,0.757393209200438,0.214285714285714,0.5,0.136363636363636,,59.367645740509
ARACNE,1000,0.9,0.5,39,22,6,0.20952380952381,1,0.20952380952381,0.5,,0,0,,13.670624256134
WGCNA,1000,0.9,0.5,39,22,6,0.20952380952381,1,0.413228472553637,0.661555312157722,0.214285714285714,0.5,0.136363636363636,,0.60448169708252
ASCEND,1000,0.9,0.5,40,22,10,0.20952380952381,1,0.313318462394322,0.583515881708653,0.3125,0.5,0.227272727272727,0.3,0.393823146820068
GENIE3,1000,0.9,0.5,40,22,10,0.20952380952381,1,0.566441885545546,0.765060240963855,0.5,0.8,0.363636363636364,,78.1651058197022
ARACNE,1000,0.9,0.5,40,22,10,0.20952380952381,1,0.20952380952381,0.5,0.125,0.2,0.0909090909090909,,22.0315084457397
WGCNA,1000,0.9,0.5,40,22,10,0.20952380952381,1,0.267266369193708,0.543263964950712,0.1875,0.3,0.136363636363636,,1.04436898231506
ASCEND,1000,0.9,0.5,41,16,3,0.152380952380952,1,0.365187747028966,0.59375,0.315789473684211,1,0.1875,1,0.131736516952515
GENIE3,1000,0.9,0.5,41,16,3,0.152380952380952,1,0.493346110509574,0.789325842696629,0.210526315789474,0.666666666666667,0.125,,60.9612276554108
ARACNE,1000,0.9,0.5,41,16,3,0.152380952380952,1,0.152380952380952,0.5,,0,0,,11.3079087734222
WGCNA,1000,0.9,0.5,41,16,3,0.152380952380952,1,0.315859056411924,0.617977528089888,0.105263157894737,0.333333333333333,0.0625,,0.538691282272339
ASCEND,1000,0.9,0.5,42,6,6,0.0571428571428571,0.990476190476191,1,1,1,1,1,1,0.118240356445313
GENIE3,1000,0.9,0.5,42,6,6,0.0571428571428571,1,0.624818062365043,0.927609427609428,0.5,0.5,0.5,,60.9326486587524
ARACNE,1000,0.9,0.5,42,6,6,0.0571428571428571,1,0.0571428571428571,0.5,0.166666666666667,0.166666666666667,0.166666666666667,,11.5164928436279
WGCNA,1000,0.9,0.5,42,6,6,0.0571428571428571,1,0.103213867742171,0.653198653198653,0.166666666666667,0.166666666666667,0.166666666666667,,0.630582809448242
ASCEND,1000,0.9,0.5,43,15,9,0.142857142857143,1,0.323938581553842,0.644444444444445,0.416666666666667,0.555555555555556,0.333333333333333,0.555555555555556,0.200147390365601
GENIE3,1000,0.9,0.5,43,15,9,0.142857142857143,1,0.528811843932938,0.711111111111111,0.5,0.666666666666667,0.4,,58.6342959403992
ARACNE,1000,0.9,0.5,43,15,9,0.142857142857143,1,0.142857142857143,0.5,,0,0,,12.2078852653503
WGCNA,1000,0.9,0.5,43,15,9,0.142857142857143,1,0.276484261654114,0.578518518518519,0.25,0.333333333333333,0.2,,0.921015501022339
ASCEND,1000,0.9,0.5,44,16,11,0.152380952380952,1,0.675801253345293,0.80688202247191,0.740740740740741,0.909090909090909,0.625,0.818181818181818,0.159929275512695
GENIE3,1000,0.9,0.5,44,16,11,0.152380952380952,1,0.597973872218588,0.830056179775281,0.518518518518519,0.636363636363636,0.4375,,57.0050897598267
ARACNE,1000,0.9,0.5,44,16,11,0.152380952380952,1,0.152380952380952,0.5,0.148148148148148,0.181818181818182,0.125,,11.7822556495667
WGCNA,1000,0.9,0.5,44,16,11,0.152380952380952,1,0.246832294944534,0.625,0.222222222222222,0.272727272727273,0.1875,,0.623316526412964
ASCEND,1000,0.9,0.5,45,16,4,0.152380952380952,0.990476190476191,0.356813850204809,0.619030898876405,0.3,0.75,0.1875,0.5,0.227594375610352
GENIE3,1000,0.9,0.5,45,16,4,0.152380952380952,1,0.352238546502175,0.692415730337079,0.2,0.5,0.125,,55.6828327178955
ARACNE,1000,0.9,0.5,45,16,4,0.152380952380952,1,0.152380952380952,0.5,,0,0,,15.8199124336243
WGCNA,1000,0.9,0.5,45,16,4,0.152380952380952,1,0.170155049587034,0.561095505617978,0.1,0.25,0.0625,,0.543311595916748
ASCEND,1000,0.9,0.5,46,16,2,0.152380952380952,0.990476190476191,0.365187747028966,0.59375,0.222222222222222,1,0.125,1,0.220455646514893
GENIE3,1000,0.9,0.5,46,16,2,0.152380952380952,1,0.360759364182269,0.629915730337079,0.222222222222222,1,0.125,,48.0801594257355
ARACNE,1000,0.9,0.5,46,16,2,0.152380952380952,1,0.152380952380952,0.5,0.111111111111111,0.5,0.0625,,10.9277899265289
WGCNA,1000,0.9,0.5,46,16,2,0.152380952380952,1,0.246861322955024,0.632022471910112,,0,0,,0.554837942123413
ASCEND,1000,0.9,0.5,47,19,3,0.180952380952381,0.980952380952381,0.462779079342605,0.631578947368421,0.272727272727273,1,0.157894736842105,0.666666666666667,0.137401342391968
GENIE3,1000,0.9,0.5,47,19,3,0.180952380952381,1,0.445646209090956,0.711138310893513,0.181818181818182,0.666666666666667,0.105263157894737,,57.7100965976715
ARACNE,1000,0.9,0.5,47,19,3,0.180952380952381,1,0.180952380952381,0.5,,0,0,,11.3983023166657
WGCNA,1000,0.9,0.5,47,19,3,0.180952380952381,1,0.400232057975081,0.601897184822521,0.181818181818182,0.666666666666667,0.105263157894737,,0.628262758255005
ASCEND,1000,0.9,0.5,48,9,6,0.0857142857142857,1,0.732837727694976,0.833333333333333,0.8,1,0.666666666666667,1,0.238872766494751
GENIE3,1000,0.9,0.5,48,9,6,0.0857142857142857,1,0.340291461119508,0.689814814814815,0.266666666666667,0.333333333333333,0.222222222222222,,47.4584562778473
ARACNE,1000,0.9,0.5,48,9,6,0.0857142857142857,1,0.0857142857142857,0.5,0.133333333333333,0.166666666666667,0.111111111111111,,10.9284784793854
WGCNA,1000,0.9,0.5,48,9,6,0.0857142857142857,1,0.235146582997383,0.670138888888889,0.133333333333333,0.166666666666667,0.111111111111111,,0.64270830154419
ASCEND,1000,0.9,0.5,49,30,19,0.285714285714286,1,0.644823014810952,0.746666666666667,0.653061224489796,0.842105263157895,0.533333333333333,0.736842105263158,0.227916240692139
GENIE3,1000,0.9,0.5,49,30,19,0.285714285714286,1,0.672665928335687,0.731111111111111,0.571428571428571,0.736842105263158,0.466666666666667,,50.3004474639893
ARACNE,1000,0.9,0.5,49,30,19,0.285714285714286,1,0.285714285714286,0.5,0.36734693877551,0.473684210526316,0.3,,11.0270764827728
WGCNA,1000,0.9,0.5,49,30,19,0.285714285714286,1,0.347998860342219,0.523111111111111,0.163265306122449,0.210526315789474,0.133333333333333,,0.537727117538452
ASCEND,1000,0.9,0.5,50,23,9,0.219047619047619,0.990476190476191,0.551170253875333,0.689289501590668,0.5,0.888888888888889,0.347826086956522,0.777777777777778,0.178705215454102
GENIE3,1000,0.9,0.5,50,23,9,0.219047619047619,1,0.401594171018499,0.64050901378579,0.25,0.444444444444444,0.173913043478261,,50.1185836791992
ARACNE,1000,0.9,0.5,50,23,9,0.219047619047619,1,0.219047619047619,0.5,0.125,0.222222222222222,0.0869565217391304,,10.9494366645813
WGCNA,1000,0.9,0.5,50,23,9,0.219047619047619,1,0.275972847302986,0.583244962884411,0.25,0.444444444444444,0.173913043478261,,0.556366443634033
ASCEND,1000,0.9,0.7,1,16,12,0.152380952380952,1,0.722480514852001,0.83813202247191,0.785714285714286,0.916666666666667,0.6875,0.916666666666667,0.237679719924927
GENIE3,1000,0.9,0.7,1,16,12,0.152380952380952,1,0.304078308327936,0.646067415730337,0.285714285714286,0.333333333333333,0.25,,55.3228092193604
ARACNE,1000,0.9,0.7,1,16,12,0.152380952380952,1,0.152380952380952,0.5,0.285714285714286,0.333333333333333,0.25,,13.7616150379181
WGCNA,1000,0.9,0.7,1,16,12,0.152380952380952,1,0.153785821387522,0.504213483146067,0.142857142857143,0.166666666666667,0.125,,0.883662462234497
ASCEND,1000,0.9,0.7,2,9,2,0.0857142857142857,0.990476190476191,0.324238549988978,0.607060185185185,0.363636363636364,1,0.222222222222222,0.5,0.240016222000122
GENIE3,1000,0.9,0.7,2,9,2,0.0857142857142857,1,0.193657518907616,0.542824074074074,0.181818181818182,0.5,0.111111111111111,,55.3181853294373
ARACNE,1000,0.9,0.7,2,9,2,0.0857142857142857,1,0.0857142857142857,0.5,,0,0,,13.5933547019959
WGCNA,1000,0.9,0.7,2,9,2,0.0857142857142857,1,0.20236128038353,0.510416666666667,0.181818181818182,0.5,0.111111111111111,,0.866316318511963
ASCEND,1000,0.9,0.7,3,8,4,0.0761904761904762,1,0.368848610117737,0.682345360824742,0.5,0.75,0.375,0.5,0.208364963531494
GENIE3,1000,0.9,0.7,3,8,4,0.0761904761904762,1,0.177255364975551,0.579896907216495,0.333333333333333,0.5,0.25,,56.5992569923401
ARACNE,1000,0.9,0.7,3,8,4,0.0761904761904762,1,0.0761904761904762,0.5,0.166666666666667,0.25,0.125,,13.7160351276398
WGCNA,1000,0.9,0.7,3,8,4,0.0761904761904762,1,0.176923848428266,0.699742268041237,0.166666666666667,0.25,0.125,,0.8551344871521
ASCEND,1000,0.9,0.7,4,12,6,0.114285714285714,1,0.465637341371861,0.702956989247312,0.555555555555556,0.833333333333333,0.416666666666667,0.5,0.270219802856445
GENIE3,1000,0.9,0.7,4,12,6,0.114285714285714,1,0.180472728078969,0.669354838709677,0.111111111111111,0.166666666666667,0.0833333333333333,,54.2448947429657
ARACNE,1000,0.9,0.7,4,12,6,0.114285714285714,1,0.114285714285714,0.5,,0,0,,13.6320502758026
WGCNA,1000,0.9,0.7,4,12,6,0.114285714285714,1,0.10509757291149,0.506272401433692,,0,0,,0.783288240432739
ASCEND,1000,0.9,0.7,5,24,11,0.228571428571429,1,0.656471639651478,0.729166666666667,0.628571428571429,1,0.458333333333333,0.909090909090909,0.222648859024048
GENIE3,1000,0.9,0.7,5,24,11,0.228571428571429,1,0.492277035386918,0.680555555555556,0.4,0.636363636363636,0.291666666666667,,56.6296756267548
ARACNE,1000,0.9,0.7,5,24,11,0.228571428571429,1,0.228571428571429,0.5,0.342857142857143,0.545454545454545,0.25,,13.7669439315796
WGCNA,1000,0.9,0.7,5,24,11,0.228571428571429,1,0.278407393476093,0.544753086419753,0.228571428571429,0.363636363636364,0.166666666666667,,0.849274158477783
ASCEND,1000,0.9,0.7,6,16,7,0.152380952380952,1,0.476492217056106,0.68188202247191,0.521739130434782,0.857142857142857,0.375,0.857142857142857,0.503804206848145
GENIE3,1000,0.9,0.7,6,16,7,0.152380952380952,1,0.350212547600405,0.717696629213483,0.260869565217391,0.428571428571429,0.1875,,73.8310508728027
ARACNE,1000,0.9,0.7,6,16,7,0.152380952380952,1,0.152380952380952,0.5,,0,0,,21.796416759491
WGCNA,1000,0.9,0.7,6,16,7,0.152380952380952,1,0.140178392694306,0.542134831460674,0.0869565217391304,0.142857142857143,0.0625,,1.55691933631897
ASCEND,1000,0.9,0.7,7,5,1,0.0476190476190476,1,0.265192014424242,0.6,0.333333333333333,1,0.2,1,0.223572254180908
GENIE3,1000,0.9,0.7,7,5,1,0.0476190476190476,1,0.326903328782841,0.714,0.333333333333333,1,0.2,,55.1467123031616
ARACNE,1000,0.9,0.7,7,5,1,0.0476190476190476,1,0.0476190476190476,0.5,,0,0,,13.7050836086273
WGCNA,1000,0.9,0.7,7,5,1,0.0476190476190476,1,0.0927934321083809,0.67,,0,0,,0.866693496704102
ASCEND,1000,0.9,0.7,8,11,1,0.104761904761905,1,0.215091469953168,0.545454545454545,0.166666666666667,1,0.0909090909090909,1,0.479712247848511
GENIE3,1000,0.9,0.7,8,11,1,0.104761904761905,1,0.275589820078617,0.560928433268859,0.166666666666667,1,0.0909090909090909,,73.3845884799957
ARACNE,1000,0.9,0.7,8,11,1,0.104761904761905,1,0.104761904761905,0.5,0.166666666666667,1,0.0909090909090909,,21.7781007289886
WGCNA,1000,0.9,0.7,8,11,1,0.104761904761905,1,0.180437368262294,0.513539651837524,0.166666666666667,1,0.0909090909090909,,1.53931975364685
ASCEND,1000,0.9,0.7,9,6,3,0.0571428571428571,1,0.56545263236555,0.75,0.666666666666667,1,0.5,1,0.442230463027954
GENIE3,1000,0.9,0.7,9,6,3,0.0571428571428571,1,0.313440622002946,0.868686868686869,0.222222222222222,0.333333333333333,0.166666666666667,,72.6107068061829
ARACNE,1000,0.9,0.7,9,6,3,0.0571428571428571,1,0.0571428571428571,0.5,,0,0,,21.9758355617523
WGCNA,1000,0.9,0.7,9,6,3,0.0571428571428571,1,0.0433121513185835,0.638047138047138,,0,0,,1.46874523162842
ASCEND,1000,0.9,0.7,10,12,6,0.114285714285714,1,0.611779823056762,0.75,0.666666666666667,1,0.5,1,0.342303037643433
GENIE3,1000,0.9,0.7,10,12,6,0.114285714285714,1,0.39197243219082,0.835125448028674,0.333333333333333,0.5,0.25,,75.3106315135956
ARACNE,1000,0.9,0.7,10,12,6,0.114285714285714,1,0.114285714285714,0.5,0.111111111111111,0.166666666666667,0.0833333333333333,,21.978844165802
WGCNA,1000,0.9,0.7,10,12,6,0.114285714285714,1,0.449393255403711,0.81989247311828,0.333333333333333,0.5,0.25,,1.44974899291992
ASCEND,1000,0.9,0.7,11,10,9,0.0952380952380952,1,0.923833648934052,0.95,0.947368421052632,1,0.9,1,0.48311710357666
GENIE3,1000,0.9,0.7,11,10,9,0.0952380952380952,1,0.118611573917528,0.606315789473684,0.105263157894737,0.111111111111111,0.1,,73.7975015640259
ARACNE,1000,0.9,0.7,11,10,9,0.0952380952380952,1,0.0952380952380952,0.5,0.105263157894737,0.111111111111111,0.1,,21.9826226234436
WGCNA,1000,0.9,0.7,11,10,9,0.0952380952380952,1,0.0917609747444281,0.507368421052632,,0,0,,1.66316032409668
ASCEND,1000,0.9,0.7,12,14,3,0.133333333333333,1,0.372320468972461,0.607142857142857,0.352941176470588,1,0.214285714285714,1,0.559268474578857
GENIE3,1000,0.9,0.7,12,14,3,0.133333333333333,1,0.503031823341037,0.786499215070644,0.235294117647059,0.666666666666667,0.142857142857143,,73.5068066120148
ARACNE,1000,0.9,0.7,12,14,3,0.133333333333333,1,0.133333333333333,0.5,,0,0,,21.7749722003937
WGCNA,1000,0.9,0.7,12,14,3,0.133333333333333,1,0.102365530589245,0.649921507064364,,0,0,,1.69495487213135
ASCEND,1000,0.9,0.7,13,28,13,0.266666666666667,1,0.459972586068736,0.63474025974026,0.439024390243902,0.692307692307692,0.321428571428571,0.692307692307692,0.567809581756592
GENIE3,1000,0.9,0.7,13,28,13,0.266666666666667,1,0.439407137985851,0.63961038961039,0.341463414634146,0.538461538461538,0.25,,74.4984953403473
ARACNE,1000,0.9,0.7,13,28,13,0.266666666666667,1,0.266666666666667,0.5,0.195121951219512,0.307692307692308,0.142857142857143,,21.756942987442
WGCNA,1000,0.9,0.7,13,28,13,0.266666666666667,1,0.326336675074597,0.52365491651206,0.195121951219512,0.307692307692308,0.142857142857143,,1.51131391525269
ASCEND,1000,0.9,0.7,14,5,1,0.0476190476190476,1,0.265192014424242,0.6,0.333333333333333,1,0.2,1,0.434328079223633
GENIE3,1000,0.9,0.7,14,5,1,0.0476190476190476,1,0.353539437035909,0.866,0.333333333333333,1,0.2,,73.2022168636322
ARACNE,1000,0.9,0.7,14,5,1,0.0476190476190476,1,0.0476190476190476,0.5,,0,0,,21.8046848773956
WGCNA,1000,0.9,0.7,14,5,1,0.0476190476190476,1,0.038176912751263,0.66,,0,0,,1.64825844764709
ASCEND,1000,0.9,0.7,15,27,18,0.257142857142857,1,0.492272395473517,0.683760683760684,0.533333333333333,0.666666666666667,0.444444444444444,0.666666666666667,0.507667779922485
GENIE3,1000,0.9,0.7,15,27,18,0.257142857142857,1,0.514036422342251,0.685185185185185,0.4,0.5,0.333333333333333,,75.2615447044373
ARACNE,1000,0.9,0.7,15,27,18,0.257142857142857,1,0.257142857142857,0.5,0.222222222222222,0.277777777777778,0.185185185185185,,22.0763614177704
WGCNA,1000,0.9,0.7,15,27,18,0.257142857142857,1,0.482946458813779,0.681861348528015,0.488888888888889,0.611111111111111,0.407407407407407,,1.39197635650635
ASCEND,1000,0.9,0.7,16,32,12,0.304761904761905,0.990476190476191,0.641062535284397,0.683219178082192,0.545454545454545,1,0.375,1,0.616112947463989
GENIE3,1000,0.9,0.7,16,32,12,0.304761904761905,1,0.440639695608553,0.629280821917808,0.272727272727273,0.5,0.1875,,74.0826230049133
ARACNE,1000,0.9,0.7,16,32,12,0.304761904761905,1,0.304761904761905,0.5,0.272727272727273,0.5,0.1875,,21.5772926807404
WGCNA,1000,0.9,0.7,16,32,12,0.304761904761905,1,0.448243104969026,0.693065068493151,0.318181818181818,0.583333333333333,0.21875,,1.50688743591309
ASCEND,1000,0.9,0.7,17,18,8,0.171428571428571,0.990476190476191,0.547569324382229,0.716155810983397,0.538461538461539,0.875,0.388888888888889,0.75,0.216711044311523
GENIE3,1000,0.9,0.7,17,18,8,0.171428571428571,1,0.222857676794264,0.586845466155811,0.153846153846154,0.25,0.111111111111111,,55.9154815673828
ARACNE,1000,0.9,0.7,17,18,8,0.171428571428571,1,0.171428571428571,0.5,0.0769230769230769,0.125,0.0555555555555556,,13.779580116272
WGCNA,1000,0.9,0.7,17,18,8,0.171428571428571,1,0.168926380933355,0.524904214559387,0.0769230769230769,0.125,0.0555555555555556,,0.82642674446106
ASCEND,1000,0.9,0.7,18,15,10,0.142857142857143,1,0.762372584725656,0.833333333333333,0.8,1,0.666666666666667,1,0.263972520828247
GENIE3,1000,0.9,0.7,18,15,10,0.142857142857143,1,0.345184220856684,0.704444444444444,0.4,0.5,0.333333333333333,,56.313080072403
ARACNE,1000,0.9,0.7,18,15,10,0.142857142857143,1,0.142857142857143,0.5,0.16,0.2,0.133333333333333,,13.8479256629944
WGCNA,1000,0.9,0.7,18,15,10,0.142857142857143,1,0.314408682429181,0.575555555555556,0.24,0.3,0.2,,0.844231367111206
ASCEND,1000,0.9,0.7,19,6,1,0.0571428571428571,0.990476190476191,0.40850479200555,0.666666666666667,0.285714285714286,1,0.166666666666667,1,0.379050970077515
GENIE3,1000,0.9,0.7,19,6,1,0.0571428571428571,1,0.279203652977879,0.589225589225589,0.285714285714286,1,0.166666666666667,,75.2855327129364
ARACNE,1000,0.9,0.7,19,6,1,0.0571428571428571,1,0.0571428571428571,0.5,,0,0,,22.4647138118744
WGCNA,1000,0.9,0.7,19,6,1,0.0571428571428571,1,0.0550496589901741,0.552188552188552,,0,0,,1.28765439987183
ASCEND,1000,0.9,0.7,20,14,11,0.133333333333333,1,0.726872291635905,0.851648351648352,0.8,0.909090909090909,0.714285714285714,0.909090909090909,0.517363786697388
GENIE3,1000,0.9,0.7,20,14,11,0.133333333333333,1,0.563355827235668,0.822605965463108,0.56,0.636363636363636,0.5,,73.3550298213959
ARACNE,1000,0.9,0.7,20,14,11,0.133333333333333,1,0.133333333333333,0.5,0.24,0.272727272727273,0.214285714285714,,21.7588090896606
WGCNA,1000,0.9,0.7,20,14,11,0.133333333333333,1,0.328653917215835,0.531397174254317,0.32,0.363636363636364,0.285714285714286,,1.68837141990662
ASCEND,1000,0.9,0.7,21,16,8,0.152380952380952,0.990476190476191,0.572385093359781,0.744030898876405,0.583333333333333,0.875,0.4375,0.875,0.145634412765503
GENIE3,1000,0.9,0.7,21,16,8,0.152380952380952,1,0.331998688680158,0.565308988764045,0.333333333333333,0.5,0.25,,57.9220626354218
ARACNE,1000,0.9,0.7,21,16,8,0.152380952380952,1,0.152380952380952,0.5,,0,0,,13.3206970691681
WGCNA,1000,0.9,0.7,21,16,8,0.152380952380952,1,0.150179517120494,0.535463483146067,0.166666666666667,0.25,0.125,,0.70309042930603
ASCEND,1000,0.9,0.7,22,22,9,0.20952380952381,0.990476190476191,0.641398627858717,0.727272727272727,0.580645161290323,1,0.409090909090909,0.888888888888889,0.16838550567627
GENIE3,1000,0.9,0.7,22,22,9,0.20952380952381,1,0.294924543294251,0.590909090909091,0.32258064516129,0.555555555555556,0.227272727272727,,57.0181136131287
ARACNE,1000,0.9,0.7,22,22,9,0.20952380952381,1,0.20952380952381,0.5,0.387096774193548,0.666666666666667,0.272727272727273,,13.640175819397
WGCNA,1000,0.9,0.7,22,22,9,0.20952380952381,1,0.241097378482512,0.514786418400876,0.193548387096774,0.333333333333333,0.136363636363636,,0.643466949462891
ASCEND,1000,0.9,0.7,23,18,16,0.171428571428571,1,0.40983611031069,0.709770114942529,0.529411764705882,0.5625,0.5,0.5,0.177517890930176
GENIE3,1000,0.9,0.7,23,18,16,0.171428571428571,1,0.325912042973226,0.674968071519796,0.411764705882353,0.4375,0.388888888888889,,56.4694204330444
ARACNE,1000,0.9,0.7,23,18,16,0.171428571428571,1,0.171428571428571,0.5,0.117647058823529,0.125,0.111111111111111,,13.5835411548615
WGCNA,1000,0.9,0.7,23,18,16,0.171428571428571,1,0.207634437985404,0.55874840357599,0.176470588235294,0.1875,0.166666666666667,,0.705150842666626
ASCEND,1000,0.9,0.7,24,10,7,0.0952380952380952,1,0.226929467876825,0.628947368421053,0.352941176470588,0.428571428571429,0.3,0.428571428571429,0.148229837417603
GENIE3,1000,0.9,0.7,24,10,7,0.0952380952380952,1,0.263498110105839,0.689473684210526,0.235294117647059,0.285714285714286,0.2,,57.4457161426544
ARACNE,1000,0.9,0.7,24,10,7,0.0952380952380952,1,0.0952380952380952,0.5,0.235294117647059,0.285714285714286,0.2,,13.6349096298218
WGCNA,1000,0.9,0.7,24,10,7,0.0952380952380952,1,0.314221287232634,0.76421052631579,0.235294117647059,0.285714285714286,0.2,,0.667399883270264
ASCEND,1000,0.9,0.7,25,7,5,0.0666666666666667,1,0.762623314128128,0.857142857142857,0.833333333333333,1,0.714285714285714,1,0.140687704086304
GENIE3,1000,0.9,0.7,25,7,5,0.0666666666666667,1,0.285115280667733,0.642857142857143,0.333333333333333,0.4,0.285714285714286,,56.4180591106415
ARACNE,1000,0.9,0.7,25,7,5,0.0666666666666667,1,0.0666666666666667,0.5,,0,0,,13.6179888248444
WGCNA,1000,0.9,0.7,25,7,5,0.0666666666666667,1,0.0771878033006534,0.552478134110787,,0,0,,0.708488464355469
ASCEND,1000,0.9,0.7,26,15,11,0.142857142857143,1,0.50305841282614,0.75,0.615384615384615,0.727272727272727,0.533333333333333,0.636363636363636,0.33824896812439
GENIE3,1000,0.9,0.7,26,15,11,0.142857142857143,1,0.304683471849146,0.625185185185185,0.384615384615385,0.454545454545455,0.333333333333333,,76.0675790309906
ARACNE,1000,0.9,0.7,26,15,11,0.142857142857143,1,0.142857142857143,0.5,0.0769230769230769,0.0909090909090909,0.0666666666666667,,13.6971709728241
WGCNA,1000,0.9,0.7,26,15,11,0.142857142857143,1,0.242875982948257,0.557777777777778,0.230769230769231,0.272727272727273,0.2,,0.613568305969238
ASCEND,1000,0.9,0.7,27,12,7,0.114285714285714,1,0.681076490738127,0.791666666666667,0.736842105263158,1,0.583333333333333,1,0.180486917495728
GENIE3,1000,0.9,0.7,27,12,7,0.114285714285714,1,0.272622595810418,0.664874551971326,0.105263157894737,0.142857142857143,0.0833333333333333,,56.4692647457123
ARACNE,1000,0.9,0.7,27,12,7,0.114285714285714,1,0.114285714285714,0.5,0.105263157894737,0.142857142857143,0.0833333333333333,,13.5737903118134
WGCNA,1000,0.9,0.7,27,12,7,0.114285714285714,1,0.199460148066629,0.525985663082437,0.210526315789474,0.285714285714286,0.166666666666667,,0.668077230453491
ASCEND,1000,0.9,0.7,28,14,5,0.133333333333333,1,0.50405228130341,0.678571428571429,0.526315789473684,1,0.357142857142857,1,0.32778787612915
GENIE3,1000,0.9,0.7,28,14,5,0.133333333333333,1,0.327206643708806,0.652276295133438,0.210526315789474,0.4,0.142857142857143,,77.7020239830017
ARACNE,1000,0.9,0.7,28,14,5,0.133333333333333,1,0.133333333333333,0.5,,0,0,,18.6665229797363
WGCNA,1000,0.9,0.7,28,14,5,0.133333333333333,1,0.175604646261722,0.635007849293564,0.105263157894737,0.2,0.0714285714285714,,0.572155952453613
ASCEND,1000,0.9,0.7,29,28,26,0.266666666666667,1,0.623583215059239,0.793831168831169,0.703703703703704,0.730769230769231,0.678571428571429,0.730769230769231,0.374162673950195
GENIE3,1000,0.9,0.7,29,28,26,0.266666666666667,1,0.505959405357787,0.730055658627087,0.444444444444444,0.461538461538462,0.428571428571429,,79.2797045707703
ARACNE,1000,0.9,0.7,29,28,26,0.266666666666667,1,0.266666666666667,0.5,0.185185185185185,0.192307692307692,0.178571428571429,,13.0704641342163
WGCNA,1000,0.9,0.7,29,28,26,0.266666666666667,1,0.496760693752324,0.700834879406308,0.481481481481482,0.5,0.464285714285714,,0.563606262207031
ASCEND,1000,0.9,0.7,30,15,3,0.142857142857143,0.990476190476191,0.360396418171128,0.595555555555556,0.333333333333333,1,0.2,1,0.351404190063477
GENIE3,1000,0.9,0.7,30,15,3,0.142857142857143,1,0.299529099977085,0.624444444444444,0.222222222222222,0.666666666666667,0.133333333333333,,76.9090549945831
ARACNE,1000,0.9,0.7,30,15,3,0.142857142857143,1,0.142857142857143,0.5,,0,0,,21.3388838768005
WGCNA,1000,0.9,0.7,30,15,3,0.142857142857143,1,0.15790087312058,0.528888888888889,0.111111111111111,0.333333333333333,0.0666666666666667,,0.965201139450073
ASCEND,1000,0.9,0.7,31,15,17,0.142857142857143,1,0.700572735380339,0.911111111111111,0.8125,0.764705882352941,0.866666666666667,0.764705882352941,0.444243431091309
GENIE3,1000,0.9,0.7,31,15,17,0.142857142857143,1,0.385198322935247,0.754074074074074,0.375,0.352941176470588,0.4,,62.2049524784088
ARACNE,1000,0.9,0.7,31,15,17,0.142857142857143,1,0.142857142857143,0.5,0.1875,0.176470588235294,0.2,,13.586505651474
WGCNA,1000,0.9,0.7,31,15,17,0.142857142857143,1,0.155484483559518,0.541481481481482,0.125,0.117647058823529,0.133333333333333,,0.607184886932373
ASCEND,1000,0.9,0.7,32,17,12,0.161904761904762,1,0.524990310581914,0.747660427807487,0.620689655172414,0.75,0.529411764705882,0.583333333333333,0.356369972229004
GENIE3,1000,0.9,0.7,32,17,12,0.161904761904762,1,0.357054488349268,0.719251336898396,0.344827586206897,0.416666666666667,0.294117647058824,,75.8198733329773
ARACNE,1000,0.9,0.7,32,17,12,0.161904761904762,1,0.161904761904762,0.5,0.206896551724138,0.25,0.176470588235294,,21.5191805362701
WGCNA,1000,0.9,0.7,32,17,12,0.161904761904762,1,0.16628680497133,0.529745989304813,0.137931034482759,0.166666666666667,0.117647058823529,,0.958526611328125
ASCEND,1000,0.9,0.7,33,26,12,0.247619047619048,0.990476190476191,0.50400596551706,0.672590068159688,0.473684210526316,0.75,0.346153846153846,0.666666666666667,0.432426452636719
GENIE3,1000,0.9,0.7,33,26,12,0.247619047619048,1,0.60133805189086,0.767770204479065,0.368421052631579,0.583333333333333,0.269230769230769,,78.6816027164459
ARACNE,1000,0.9,0.7,33,26,12,0.247619047619048,1,0.247619047619048,0.5,0.263157894736842,0.416666666666667,0.192307692307692,,19.7443084716797
WGCNA,1000,0.9,0.7,33,26,12,0.247619047619048,1,0.308316753425493,0.512171372930867,0.210526315789474,0.333333333333333,0.153846153846154,,0.998509407043457
ASCEND,1000,0.9,0.7,34,7,4,0.0666666666666667,1,0.219860462560033,0.63265306122449,0.363636363636364,0.5,0.285714285714286,0.5,0.398055791854858
GENIE3,1000,0.9,0.7,34,7,4,0.0666666666666667,1,0.134197321851653,0.76530612244898,,0,0,,69.9880931377411
ARACNE,1000,0.9,0.7,34,7,4,0.0666666666666667,1,0.0666666666666667,0.5,0.181818181818182,0.25,0.142857142857143,,13.1480550765991
WGCNA,1000,0.9,0.7,34,7,4,0.0666666666666667,1,0.0832014127405169,0.545189504373178,,0,0,,0.583698987960815
ASCEND,1000,0.9,0.7,35,9,5,0.0857142857142857,1,0.6382831453381,0.777777777777778,0.714285714285714,1,0.555555555555556,0.8,0.286559104919434
GENIE3,1000,0.9,0.7,35,9,5,0.0857142857142857,1,0.224579255183818,0.761574074074074,0.285714285714286,0.4,0.222222222222222,,78.1974172592163
ARACNE,1000,0.9,0.7,35,9,5,0.0857142857142857,1,0.0857142857142857,0.5,0.142857142857143,0.2,0.111111111111111,,21.3473994731903
WGCNA,1000,0.9,0.7,35,9,5,0.0857142857142857,1,0.0906700501408325,0.53125,,0,0,,0.944510698318481
ASCEND,1000,0.9,0.7,36,17,12,0.161904761904762,1,0.608551386515873,0.782754010695187,0.689655172413793,0.833333333333333,0.588235294117647,0.833333333333333,0.375175714492798
GENIE3,1000,0.9,0.7,36,17,12,0.161904761904762,1,0.366402349952169,0.655080213903743,0.344827586206897,0.416666666666667,0.294117647058824,,74.9855053424835
ARACNE,1000,0.9,0.7,36,17,12,0.161904761904762,1,0.161904761904762,0.5,0.137931034482759,0.166666666666667,0.117647058823529,,21.4585697650909
WGCNA,1000,0.9,0.7,36,17,12,0.161904761904762,1,0.270110771189543,0.604946524064171,0.275862068965517,0.333333333333333,0.235294117647059,,0.938180685043335
ASCEND,1000,0.9,0.7,37,6,1,0.0571428571428571,0.990476190476191,0.236053949851743,0.579124579124579,0.285714285714286,1,0.166666666666667,0,0.121303558349609
GENIE3,1000,0.9,0.7,37,6,1,0.0571428571428571,1,0.41118116679867,0.904040404040404,0.285714285714286,1,0.166666666666667,,57.3506324291229
ARACNE,1000,0.9,0.7,37,6,1,0.0571428571428571,1,0.0571428571428571,0.5,,0,0,,13.5104477405548
WGCNA,1000,0.9,0.7,37,6,1,0.0571428571428571,1,0.0526773922391805,0.646464646464646,,0,0,,0.691706895828247
ASCEND,1000,0.9,0.7,38,13,8,0.123809523809524,0.990476190476191,0.773042775771102,0.846153846153846,0.761904761904762,1,0.615384615384615,1,0.143685579299927
GENIE3,1000,0.9,0.7,38,13,8,0.123809523809524,1,0.47088461166323,0.780936454849498,0.476190476190476,0.625,0.384615384615385,,59.112468957901
ARACNE,1000,0.9,0.7,38,13,8,0.123809523809524,1,0.123809523809524,0.5,,0,0,,18.5890951156616
WGCNA,1000,0.9,0.7,38,13,8,0.123809523809524,1,0.195903352903237,0.542642140468228,0.285714285714286,0.375,0.230769230769231,,0.61084771156311
ASCEND,1000,0.9,0.7,39,17,19,0.161904761904762,1,0.733376165489116,0.918449197860962,0.833333333333333,0.789473684210526,0.882352941176471,0.789473684210526,0.34295129776001
GENIE3,1000,0.9,0.7,39,17,19,0.161904761904762,1,0.404155514346502,0.675133689839572,0.388888888888889,0.368421052631579,0.411764705882353,,76.6120879650116
ARACNE,1000,0.9,0.7,39,17,19,0.161904761904762,1,0.161904761904762,0.5,0.166666666666667,0.157894736842105,0.176470588235294,,14.5099203586578
WGCNA,1000,0.9,0.7,39,17,19,0.161904761904762,1,0.254058429513833,0.526737967914439,0.277777777777778,0.263157894736842,0.294117647058824,,0.577621698379517
ASCEND,1000,0.9,0.7,40,12,8,0.114285714285714,1,0.748270875172969,0.833333333333333,0.8,1,0.666666666666667,0.875,0.397507905960083
GENIE3,1000,0.9,0.7,40,12,8,0.114285714285714,1,0.423677302662207,0.71505376344086,0.4,0.5,0.333333333333333,,74.8811342716217
ARACNE,1000,0.9,0.7,40,12,8,0.114285714285714,1,0.114285714285714,0.5,0.1,0.125,0.0833333333333333,,15.2303175926209
WGCNA,1000,0.9,0.7,40,12,8,0.114285714285714,1,0.148563178071091,0.621863799283154,0.2,0.25,0.166666666666667,,0.612140417098999
ASCEND,1000,0.9,0.7,41,7,4,0.0666666666666667,1,0.637973520846811,0.785714285714286,0.727272727272727,1,0.571428571428571,0.5,0.135246753692627
GENIE3,1000,0.9,0.7,41,7,4,0.0666666666666667,1,0.198643465660172,0.809037900874636,0.363636363636364,0.5,0.285714285714286,,55.7505559921265
ARACNE,1000,0.9,0.7,41,7,4,0.0666666666666667,1,0.0666666666666667,0.5,,0,0,,11.806694984436
WGCNA,1000,0.9,0.7,41,7,4,0.0666666666666667,1,0.239127595851223,0.736151603498542,0.181818181818182,0.25,0.142857142857143,,0.556866645812988
ASCEND,1000,0.9,0.7,42,16,9,0.152380952380952,1,0.396075682616588,0.67064606741573,0.48,0.666666666666667,0.375,0.666666666666667,0.169860363006592
GENIE3,1000,0.9,0.7,42,16,9,0.152380952380952,1,0.384818145395462,0.674157303370787,0.4,0.555555555555556,0.3125,,55.0635468959808
ARACNE,1000,0.9,0.7,42,16,9,0.152380952380952,1,0.152380952380952,0.5,0.16,0.222222222222222,0.125,,11.3910343647003
WGCNA,1000,0.9,0.7,42,16,9,0.152380952380952,1,0.296626342745119,0.679073033707865,0.24,0.333333333333333,0.1875,,0.556089401245117
ASCEND,1000,0.9,0.7,43,19,6,0.180952380952381,1,0.411937578168007,0.625764993880049,0.4,0.833333333333333,0.263157894736842,0.833333333333333,0.187683582305908
GENIE3,1000,0.9,0.7,43,19,6,0.180952380952381,1,0.45770462719491,0.671970624235006,0.32,0.666666666666667,0.210526315789474,,57.0312669277191
ARACNE,1000,0.9,0.7,43,19,6,0.180952380952381,1,0.180952380952381,0.5,,0,0,,13.3136565685272
WGCNA,1000,0.9,0.7,43,19,6,0.180952380952381,1,0.269857586516038,0.544675642594859,0.16,0.333333333333333,0.105263157894737,,0.536442518234253
ASCEND,1000,0.9,0.7,44,12,5,0.114285714285714,1,0.540082671123248,0.708333333333333,0.588235294117647,1,0.416666666666667,1,0.148436784744263
GENIE3,1000,0.9,0.7,44,12,5,0.114285714285714,1,0.28436392590712,0.699820788530466,0.235294117647059,0.4,0.166666666666667,,58.0103950500488
ARACNE,1000,0.9,0.7,44,12,5,0.114285714285714,1,0.114285714285714,0.5,,0,0,,11.6942842006683
WGCNA,1000,0.9,0.7,44,12,5,0.114285714285714,1,0.192971870260314,0.690860215053764,0.117647058823529,0.2,0.0833333333333333,,0.575252532958984
ASCEND,1000,0.9,0.7,45,10,6,0.0952380952380952,1,0.682744801637784,0.8,0.75,1,0.6,1,0.143117189407349
GENIE3,1000,0.9,0.7,45,10,6,0.0952380952380952,1,0.49636181146144,0.790526315789474,0.375,0.5,0.3,,57.1283876895905
ARACNE,1000,0.9,0.7,45,10,6,0.0952380952380952,1,0.0952380952380952,0.5,,0,0,,11.2318005561829
WGCNA,1000,0.9,0.7,45,10,6,0.0952380952380952,1,0.0763520394149586,0.657894736842105,0.125,0.166666666666667,0.1,,0.574203014373779
ASCEND,1000,0.9,0.7,46,19,2,0.180952380952381,0.990476190476191,0.364234792275381,0.578947368421053,0.190476190476191,1,0.105263157894737,1,0.142791032791138
GENIE3,1000,0.9,0.7,46,19,2,0.180952380952381,1,0.462072524149617,0.671358629130967,0.190476190476191,1,0.105263157894737,,47.5151369571686
ARACNE,1000,0.9,0.7,46,19,2,0.180952380952381,1,0.180952380952381,0.5,,0,0,,10.7662205696106
WGCNA,1000,0.9,0.7,46,19,2,0.180952380952381,1,0.252253923052245,0.533047735618115,0.0952380952380953,0.5,0.0526315789473684,,0.540246963500977
ASCEND,1000,0.9,0.7,47,6,4,0.0571428571428571,1,0.715550623522495,0.833333333333333,0.8,1,0.666666666666667,0.75,0.178216695785522
GENIE3,1000,0.9,0.7,47,6,4,0.0571428571428571,1,0.413705244924642,0.856902356902357,0.4,0.5,0.333333333333333,,59.8744275569916
ARACNE,1000,0.9,0.7,47,6,4,0.0571428571428571,1,0.0571428571428571,0.5,0.2,0.25,0.166666666666667,,15.1450092792511
WGCNA,1000,0.9,0.7,47,6,4,0.0571428571428571,1,0.0632011473538187,0.523569023569024,,0,0,,0.537477493286133
ASCEND,1000,0.9,0.7,48,15,8,0.142857142857143,1,0.350940065712507,0.65,0.434782608695652,0.625,0.333333333333333,0.375,0.159819602966309
GENIE3,1000,0.9,0.7,48,15,8,0.142857142857143,1,0.213038843208304,0.564444444444444,0.0869565217391305,0.125,0.0666666666666667,,47.1904234886169
ARACNE,1000,0.9,0.7,48,15,8,0.142857142857143,1,0.142857142857143,0.5,,0,0,,10.968141078949
WGCNA,1000,0.9,0.7,48,15,8,0.142857142857143,1,0.117656074185057,0.553333333333333,,0,0,,0.535598516464233
ASCEND,1000,0.9,0.7,49,13,5,0.123809523809524,1,0.520029558237094,0.692307692307692,0.555555555555556,1,0.384615384615385,1,0.18579888343811
GENIE3,1000,0.9,0.7,49,13,5,0.123809523809524,1,0.365649832588694,0.803511705685619,0.222222222222222,0.4,0.153846153846154,,47.3163359165192
ARACNE,1000,0.9,0.7,49,13,5,0.123809523809524,1,0.123809523809524,0.5,,0,0,,11.0173952579498
WGCNA,1000,0.9,0.7,49,13,5,0.123809523809524,1,0.249155661462965,0.690635451505017,0.111111111111111,0.2,0.0769230769230769,,0.538556098937988
ASCEND,1000,0.9,0.7,50,7,4,0.0666666666666667,1,0.637973520846811,0.785714285714286,0.727272727272727,1,0.571428571428571,1,0.255269050598145
GENIE3,1000,0.9,0.7,50,7,4,0.0666666666666667,1,0.160732593587431,0.782798833819242,0.181818181818182,0.25,0.142857142857143,,46.0071544647217
ARACNE,1000,0.9,0.7,50,7,4,0.0666666666666667,1,0.0666666666666667,0.5,,0,0,,10.8938539028168
WGCNA,1000,0.9,0.7,50,7,4,0.0666666666666667,1,0.10936611704137,0.654518950437318,,0,0,,0.648842573165894
ASCEND,2000,0.5,0.5,1,62,13,0.590476190476191,0.961904761904762,0.703721775328232,0.596211552888222,0.293333333333333,0.846153846153846,0.17741935483871,0.692307692307692,0.402351140975952
GENIE3,2000,0.5,0.5,1,62,13,0.590476190476191,1,0.591790127426284,0.530757689422356,0.186666666666667,0.538461538461538,0.112903225806452,,126.945757389069
ARACNE,2000,0.5,0.5,1,62,13,0.590476190476191,1,0.590476190476191,0.5,0.213333333333333,0.615384615384615,0.129032258064516,,86.2802124023438
WGCNA,2000,0.5,0.5,1,62,13,0.590476190476191,1,0.543941360894031,0.60708927231808,0.16,0.461538461538462,0.0967741935483871,,0.617977619171143
ASCEND,2000,0.5,0.5,2,53,1,0.504761904761905,0.990476190476191,0.551559379187741,0.518867924528302,0.037037037037037,1,0.0188679245283019,0,0.297019243240356
GENIE3,2000,0.5,0.5,2,53,1,0.504761904761905,1,0.58814732889182,0.571480406386067,,0,0,,126.725213527679
ARACNE,2000,0.5,0.5,2,53,1,0.504761904761905,1,0.504761904761905,0.5,0.037037037037037,1,0.0188679245283019,,83.2104535102844
WGCNA,2000,0.5,0.5,2,53,1,0.504761904761905,1,0.517322342041482,0.513606676342525,0.037037037037037,1,0.0188679245283019,,0.667967796325684
ASCEND,2000,0.5,0.5,3,72,9,0.685714285714286,0.876190476190476,0.838276640001394,0.652777777777778,0.222222222222222,1,0.125,0.777777777777778,0.476931095123291
GENIE3,2000,0.5,0.5,3,72,9,0.685714285714286,1,0.762423465173284,0.563131313131313,0.17283950617284,0.777777777777778,0.0972222222222222,,125.838443517685
ARACNE,2000,0.5,0.5,3,72,9,0.685714285714286,1,0.685714285714286,0.5,0.123456790123457,0.555555555555556,0.0694444444444445,,84.3059661388397
WGCNA,2000,0.5,0.5,3,72,9,0.685714285714286,1,0.67492296136383,0.515572390572391,0.148148148148148,0.666666666666667,0.0833333333333333,,0.656739711761475
ASCEND,2000,0.5,0.5,4,70,9,0.666666666666667,0.923809523809524,0.804783900600289,0.621428571428571,0.227848101265823,1,0.128571428571429,0.666666666666667,0.55428671836853
GENIE3,2000,0.5,0.5,4,70,9,0.666666666666667,1,0.735490674702462,0.546122448979592,0.20253164556962,0.888888888888889,0.114285714285714,,126.745472192764
ARACNE,2000,0.5,0.5,4,70,9,0.666666666666667,1,0.666666666666667,0.5,0.0506329113924051,0.222222222222222,0.0285714285714286,,84.7401225566864
WGCNA,2000,0.5,0.5,4,70,9,0.666666666666667,1,0.69382287949781,0.526326530612245,0.151898734177215,0.666666666666667,0.0857142857142857,,0.696113586425781
ASCEND,2000,0.5,0.5,5,68,5,0.647619047619048,0.933333333333333,0.764058665751885,0.588235294117647,0.136986301369863,1,0.0735294117647059,0.6,0.42346453666687
GENIE3,2000,0.5,0.5,5,68,5,0.647619047619048,1,0.718036913077595,0.508346581875994,0.136986301369863,1,0.0735294117647059,,127.670495986939
ARACNE,2000,0.5,0.5,5,68,5,0.647619047619048,1,0.647619047619048,0.5,0.136986301369863,1,0.0735294117647059,,84.8317322731018
WGCNA,2000,0.5,0.5,5,68,5,0.647619047619048,1,0.580984839292024,0.554451510333863,0.0547945205479452,0.4,0.0294117647058824,,0.654705047607422
ASCEND,2000,0.5,0.5,6,60,12,0.571428571428571,0.866666666666667,0.754117268145397,0.660185185185185,0.305555555555556,0.916666666666667,0.183333333333333,0.5,0.501754999160767
GENIE3,2000,0.5,0.5,6,60,12,0.571428571428571,1,0.648220108456169,0.596666666666667,0.25,0.75,0.15,,126.372427463532
ARACNE,2000,0.5,0.5,6,60,12,0.571428571428571,1,0.571428571428571,0.5,0.138888888888889,0.416666666666667,0.0833333333333333,,85.4652588367462
WGCNA,2000,0.5,0.5,6,60,12,0.571428571428571,1,0.545348477502583,0.542222222222222,0.166666666666667,0.5,0.1,,0.686603307723999
ASCEND,2000,0.5,0.5,7,54,10,0.514285714285714,0.990476190476191,0.643024179206661,0.582607116920842,0.28125,0.9,0.166666666666667,0.4,1.10599541664124
GENIE3,2000,0.5,0.5,7,54,10,0.514285714285714,1,0.689681556197772,0.689542483660131,0.25,0.8,0.148148148148148,,168.861291646957
ARACNE,2000,0.5,0.5,7,54,10,0.514285714285714,1,0.514285714285714,0.5,0.09375,0.3,0.0555555555555556,,154.544909715652
WGCNA,2000,0.5,0.5,7,54,10,0.514285714285714,1,0.517542734153751,0.511074800290487,0.15625,0.5,0.0925925925925926,,1.38357353210449
ASCEND,2000,0.5,0.5,8,68,21,0.647619047619048,0.952380952380952,0.739245832453752,0.603736089030207,0.382022471910112,0.80952380952381,0.25,0.619047619047619,0.916131973266602
GENIE3,2000,0.5,0.5,8,68,21,0.647619047619048,1,0.728550890784414,0.636327503974563,0.314606741573034,0.666666666666667,0.205882352941176,,170.492448329926
ARACNE,2000,0.5,0.5,8,68,21,0.647619047619048,1,0.647619047619048,0.5,0.202247191011236,0.428571428571429,0.132352941176471,,152.559537649155
WGCNA,2000,0.5,0.5,8,68,21,0.647619047619048,1,0.70445122045279,0.501192368839428,0.337078651685393,0.714285714285714,0.220588235294118,,0.735953807830811
ASCEND,2000,0.5,0.5,9,77,19,0.733333333333333,0.971428571428571,0.798158756669101,0.572820037105751,0.354166666666667,0.894736842105263,0.220779220779221,0.473684210526316,0.95074462890625
GENIE3,2000,0.5,0.5,9,77,19,0.733333333333333,1,0.769019721351892,0.530148423005566,0.333333333333333,0.842105263157895,0.207792207792208,,169.097357034683
ARACNE,2000,0.5,0.5,9,77,19,0.733333333333333,1,0.733333333333333,0.5,0.354166666666667,0.894736842105263,0.220779220779221,,154.501190423965
WGCNA,2000,0.5,0.5,9,77,19,0.733333333333333,1,0.699674898012775,0.557745825602969,0.229166666666667,0.578947368421053,0.142857142857143,,1.14476013183594
ASCEND,2000,0.5,0.5,10,83,29,0.79047619047619,0.942857142857143,0.897014484900731,0.680449069003286,0.5,0.96551724137931,0.337349397590361,0.689655172413793,1.07951283454895
GENIE3,2000,0.5,0.5,10,83,29,0.79047619047619,1,0.849024742917192,0.569550930996714,0.410714285714286,0.793103448275862,0.27710843373494,,169.311321020126
ARACNE,2000,0.5,0.5,10,83,29,0.79047619047619,1,0.79047619047619,0.5,0.482142857142857,0.931034482758621,0.325301204819277,,154.986124277115
WGCNA,2000,0.5,0.5,10,83,29,0.79047619047619,1,0.816087729978894,0.527382256297919,0.410714285714286,0.793103448275862,0.27710843373494,,1.25666165351868
ASCEND,2000,0.5,0.5,11,77,12,0.733333333333333,0.857142857142857,0.844545109509956,0.647495361781076,0.247191011235955,0.916666666666667,0.142857142857143,0.416666666666667,1.0950071811676
GENIE3,2000,0.5,0.5,11,77,12,0.733333333333333,1,0.761765057422617,0.501855287569573,0.224719101123596,0.833333333333333,0.12987012987013,,168.50665307045
ARACNE,2000,0.5,0.5,11,77,12,0.733333333333333,1,0.733333333333333,0.5,0.224719101123596,0.833333333333333,0.12987012987013,,86.926362991333
WGCNA,2000,0.5,0.5,11,77,12,0.733333333333333,1,0.801295564757518,0.615027829313544,0.224719101123596,0.833333333333333,0.12987012987013,,0.610202550888062
ASCEND,2000,0.5,0.5,12,77,5,0.733333333333333,0.876190476190476,0.843376984349155,0.616883116883117,0.121951219512195,1,0.0649350649350649,0.8,0.842581510543823
GENIE3,2000,0.5,0.5,12,77,5,0.733333333333333,1,0.792177336200442,0.566326530612245,0.121951219512195,1,0.0649350649350649,,168.50760269165
ARACNE,2000,0.5,0.5,12,77,5,0.733333333333333,1,0.733333333333333,0.5,0.0975609756097561,0.8,0.051948051948052,,151.968019485474
WGCNA,2000,0.5,0.5,12,77,5,0.733333333333333,1,0.797644946057144,0.576530612244898,0.121951219512195,1,0.0649350649350649,,0.71742582321167
ASCEND,2000,0.5,0.5,13,68,11,0.647619047619048,0.952380952380952,0.756008278782853,0.595786963434022,0.253164556962025,0.909090909090909,0.147058823529412,0.636363636363636,0.899894952774048
GENIE3,2000,0.5,0.5,13,68,11,0.647619047619048,1,0.619821718249802,0.519077901430843,0.151898734177215,0.545454545454545,0.0882352941176471,,169.725707292557
ARACNE,2000,0.5,0.5,13,68,11,0.647619047619048,1,0.647619047619048,0.5,0.177215189873418,0.636363636363636,0.102941176470588,,153.589925527573
WGCNA,2000,0.5,0.5,13,68,11,0.647619047619048,1,0.669043066853181,0.548489666136725,0.177215189873418,0.636363636363636,0.102941176470588,,1.36001133918762
ASCEND,2000,0.5,0.5,14,60,3,0.571428571428571,0.942857142857143,0.665827092817741,0.556111111111111,0.0952380952380952,1,0.05,0.333333333333333,0.533564329147339
GENIE3,2000,0.5,0.5,14,60,3,0.571428571428571,1,0.578418230018027,0.564814814814815,0.0317460317460317,0.333333333333333,0.0166666666666667,,168.373119592667
ARACNE,2000,0.5,0.5,14,60,3,0.571428571428571,1,0.571428571428571,0.5,0.0952380952380952,1,0.05,,153.150160312653
WGCNA,2000,0.5,0.5,14,60,3,0.571428571428571,1,0.480476299138625,0.644444444444444,0.0317460317460317,0.333333333333333,0.0166666666666667,,1.16303610801697
ASCEND,2000,0.5,0.5,15,70,16,0.666666666666667,0.914285714285714,0.785404223045255,0.632040816326531,0.325581395348837,0.875,0.2,0.75,1.03444790840149
GENIE3,2000,0.5,0.5,15,70,16,0.666666666666667,1,0.671505616353677,0.526938775510204,0.255813953488372,0.6875,0.157142857142857,,168.823910236359
ARACNE,2000,0.5,0.5,15,70,16,0.666666666666667,1,0.666666666666667,0.5,0.209302325581395,0.5625,0.128571428571429,,154.608478307724
WGCNA,2000,0.5,0.5,15,70,16,0.666666666666667,1,0.81421824276618,0.686530612244898,0.325581395348837,0.875,0.2,,1.33038377761841
ASCEND,2000,0.5,0.5,16,83,13,0.79047619047619,0.952380952380952,0.860492428011948,0.583242059145674,0.270833333333333,1,0.156626506024096,0.769230769230769,0.970950126647949
GENIE3,2000,0.5,0.5,16,83,13,0.79047619047619,1,0.855385210813516,0.585432639649507,0.25,0.923076923076923,0.144578313253012,,171.150435686111
ARACNE,2000,0.5,0.5,16,83,13,0.79047619047619,1,0.79047619047619,0.5,0.25,0.923076923076923,0.144578313253012,,155.064626455307
WGCNA,2000,0.5,0.5,16,83,13,0.79047619047619,1,0.899987236693038,0.689485213581599,0.270833333333333,1,0.156626506024096,,1.08676266670227
ASCEND,2000,0.5,0.5,17,83,20,0.79047619047619,0.923809523809524,0.877351615047148,0.637732749178532,0.368932038834951,0.95,0.228915662650602,0.95,1.16077518463135
GENIE3,2000,0.5,0.5,17,83,20,0.79047619047619,1,0.907753630386252,0.703176341730559,0.388349514563107,1,0.240963855421687,,170.130132913589
ARACNE,2000,0.5,0.5,17,83,20,0.79047619047619,1,0.79047619047619,0.5,0.271844660194175,0.7,0.168674698795181,,155.092772960663
WGCNA,2000,0.5,0.5,17,83,20,0.79047619047619,1,0.815268772209379,0.538335158817087,0.349514563106796,0.9,0.216867469879518,,1.13438844680786
ASCEND,2000,0.5,0.5,18,77,17,0.733333333333333,0.914285714285714,0.845551777815079,0.64239332096475,0.340425531914894,0.941176470588235,0.207792207792208,0.705882352941177,0.434581756591797
GENIE3,2000,0.5,0.5,18,77,17,0.733333333333333,1,0.820907357946607,0.585343228200371,0.319148936170213,0.882352941176471,0.194805194805195,,128.710537195206
ARACNE,2000,0.5,0.5,18,77,17,0.733333333333333,1,0.733333333333333,0.5,0.25531914893617,0.705882352941177,0.155844155844156,,111.93069267273
WGCNA,2000,0.5,0.5,18,77,17,0.733333333333333,1,0.715705881463486,0.532931354359926,0.234042553191489,0.647058823529412,0.142857142857143,,0.994647264480591
ASCEND,2000,0.5,0.5,19,89,23,0.847619047619048,0.933333333333333,0.907739628866495,0.629213483146067,0.392857142857143,0.956521739130435,0.247191011235955,0.347826086956522,0.978878021240234
GENIE3,2000,0.5,0.5,19,89,23,0.847619047619048,1,0.88184546197318,0.603230337078652,0.375,0.91304347826087,0.235955056179775,,169.02607011795
ARACNE,2000,0.5,0.5,19,89,23,0.847619047619048,1,0.847619047619048,0.5,0.321428571428571,0.782608695652174,0.202247191011236,,154.874479055405
WGCNA,2000,0.5,0.5,19,89,23,0.847619047619048,1,0.851200949788807,0.576193820224719,0.375,0.91304347826087,0.235955056179775,,1.29716491699219
ASCEND,2000,0.5,0.5,20,75,14,0.714285714285714,0.961904761904762,0.777748260016002,0.571555555555556,0.269662921348315,0.857142857142857,0.16,0.285714285714286,0.51165771484375
GENIE3,2000,0.5,0.5,20,75,14,0.714285714285714,1,0.762125694845311,0.535111111111111,0.247191011235955,0.785714285714286,0.146666666666667,,126.863865375519
ARACNE,2000,0.5,0.5,20,75,14,0.714285714285714,1,0.714285714285714,0.5,0.157303370786517,0.5,0.0933333333333333,,84.0599203109741
WGCNA,2000,0.5,0.5,20,75,14,0.714285714285714,1,0.713009344922353,0.501777777777778,0.202247191011236,0.642857142857143,0.12,,0.698550701141357
ASCEND,2000,0.5,0.5,21,84,35,0.8,0.971428571428571,0.819896522538027,0.542517006802721,0.487394957983193,0.828571428571429,0.345238095238095,0.457142857142857,0.461558818817139
GENIE3,2000,0.5,0.5,21,84,35,0.8,1,0.877648011078949,0.623582766439909,0.504201680672269,0.857142857142857,0.357142857142857,,139.986138820648
ARACNE,2000,0.5,0.5,21,84,35,0.8,1,0.8,0.5,0.453781512605042,0.771428571428571,0.321428571428571,,155.539837837219
WGCNA,2000,0.5,0.5,21,84,35,0.8,1,0.868505552649165,0.581065759637188,0.504201680672269,0.857142857142857,0.357142857142857,,0.956429719924927
ASCEND,2000,0.5,0.5,22,85,16,0.80952380952381,0.952380952380952,0.821080270149087,0.526470588235294,0.257425742574257,0.8125,0.152941176470588,0.5,0.513091087341309
GENIE3,2000,0.5,0.5,22,85,16,0.80952380952381,1,0.847905047932063,0.511176470588235,0.297029702970297,0.9375,0.176470588235294,,127.076519012451
ARACNE,2000,0.5,0.5,22,85,16,0.80952380952381,1,0.80952380952381,0.5,0.178217821782178,0.5625,0.105882352941176,,138.236463308334
WGCNA,2000,0.5,0.5,22,85,16,0.80952380952381,1,0.870850357971911,0.557647058823529,0.297029702970297,0.9375,0.176470588235294,,0.958726167678833
ASCEND,2000,0.5,0.5,23,84,10,0.8,0.895238095238095,0.887942402145349,0.625,0.212765957446809,1,0.119047619047619,0.9,0.378452062606812
GENIE3,2000,0.5,0.5,23,84,10,0.8,1,0.886612971522447,0.640589569160998,0.212765957446809,1,0.119047619047619,,126.217369318008
ARACNE,2000,0.5,0.5,23,84,10,0.8,1,0.8,0.5,0.170212765957447,0.8,0.0952380952380952,,87.8971297740936
WGCNA,2000,0.5,0.5,23,84,10,0.8,1,0.824092239905538,0.517006802721089,0.170212765957447,0.8,0.0952380952380952,,1.03883147239685
ASCEND,2000,0.5,0.5,24,63,22,0.6,0.866666666666667,0.794428245619094,0.718253968253968,0.447058823529412,0.863636363636364,0.301587301587302,0.5,0.419536828994751
GENIE3,2000,0.5,0.5,24,63,22,0.6,1,0.558656054152512,0.534391534391534,0.258823529411765,0.5,0.174603174603175,,126.577113628387
ARACNE,2000,0.5,0.5,24,63,22,0.6,1,0.6,0.5,0.376470588235294,0.727272727272727,0.253968253968254,,87.3314094543457
WGCNA,2000,0.5,0.5,24,63,22,0.6,1,0.539664273960405,0.563492063492063,0.235294117647059,0.454545454545455,0.158730158730159,,0.653343439102173
ASCEND,2000,0.5,0.5,25,91,21,0.866666666666667,0.933333333333333,0.912632224166486,0.60989010989011,0.357142857142857,0.952380952380952,0.21978021978022,0.714285714285714,0.297525882720947
GENIE3,2000,0.5,0.5,25,91,21,0.866666666666667,1,0.921644313729609,0.657770800627944,0.339285714285714,0.904761904761905,0.208791208791209,,140.12880563736
ARACNE,2000,0.5,0.5,25,91,21,0.866666666666667,1,0.866666666666667,0.5,0.321428571428571,0.857142857142857,0.197802197802198,,153.596163749695
WGCNA,2000,0.5,0.5,25,91,21,0.866666666666667,1,0.803034081254778,0.744897959183674,0.25,0.666666666666667,0.153846153846154,,0.991966485977173
ASCEND,2000,0.5,0.5,26,83,39,0.79047619047619,0.980952380952381,0.859796594227809,0.629791894852136,0.573770491803279,0.897435897435897,0.421686746987952,0.666666666666667,0.435135126113892
GENIE3,2000,0.5,0.5,26,83,39,0.79047619047619,1,0.889688173662747,0.670317634173056,0.573770491803279,0.897435897435897,0.421686746987952,,129.014090776443
ARACNE,2000,0.5,0.5,26,83,39,0.79047619047619,1,0.79047619047619,0.5,0.540983606557377,0.846153846153846,0.397590361445783,,88.2263414859772
WGCNA,2000,0.5,0.5,26,83,39,0.79047619047619,1,0.78138959393294,0.550930996714129,0.491803278688525,0.769230769230769,0.36144578313253,,0.629992485046387
ASCEND,2000,0.5,0.5,27,82,6,0.780952380952381,0.933333333333333,0.851731271886543,0.579268292682927,0.136363636363636,1,0.0731707317073171,0.666666666666667,0.618896245956421
GENIE3,2000,0.5,0.5,27,82,6,0.780952380952381,1,0.790334191165953,0.519088016967126,0.0909090909090909,0.666666666666667,0.0487804878048781,,140.944677114487
ARACNE,2000,0.5,0.5,27,82,6,0.780952380952381,1,0.780952380952381,0.5,0.0909090909090909,0.666666666666667,0.0487804878048781,,86.5724229812622
WGCNA,2000,0.5,0.5,27,82,6,0.780952380952381,1,0.826697824918267,0.53711558854719,0.136363636363636,1,0.0731707317073171,,0.659765720367432
ASCEND,2000,0.5,0.5,28,88,8,0.838095238095238,0.923809523809524,0.896576393535511,0.590909090909091,0.166666666666667,1,0.0909090909090909,0.625,0.306110143661499
GENIE3,2000,0.5,0.5,28,88,8,0.838095238095238,1,0.869096168682323,0.508021390374332,0.166666666666667,1,0.0909090909090909,,129.743235588074
ARACNE,2000,0.5,0.5,28,88,8,0.838095238095238,1,0.838095238095238,0.5,0.0833333333333333,0.5,0.0454545454545455,,90.1188580989838
WGCNA,2000,0.5,0.5,28,88,8,0.838095238095238,1,0.828847777444806,0.576871657754011,0.125,0.75,0.0681818181818182,,0.61909556388855
ASCEND,2000,0.5,0.5,29,71,19,0.676190476190476,0.961904761904762,0.811738729452639,0.639395194697597,0.4,0.947368421052632,0.253521126760563,0.68421052631579,1.05629801750183
GENIE3,2000,0.5,0.5,29,71,19,0.676190476190476,1,0.833731193622003,0.716652858326429,0.355555555555556,0.842105263157895,0.225352112676056,,168.593415737152
ARACNE,2000,0.5,0.5,29,71,19,0.676190476190476,1,0.676190476190476,0.5,0.222222222222222,0.526315789473684,0.140845070422535,,146.10090136528
WGCNA,2000,0.5,0.5,29,71,19,0.676190476190476,1,0.739647789065212,0.564208782104391,0.311111111111111,0.736842105263158,0.197183098591549,,0.57239556312561
ASCEND,2000,0.5,0.5,30,85,28,0.80952380952381,0.895238095238095,0.931981595366824,0.729411764705882,0.495575221238938,1,0.329411764705882,0.571428571428571,0.732373237609863
GENIE3,2000,0.5,0.5,30,85,28,0.80952380952381,1,0.946772546530648,0.806470588235294,0.47787610619469,0.964285714285714,0.317647058823529,,165.715776443481
ARACNE,2000,0.5,0.5,30,85,28,0.80952380952381,1,0.80952380952381,0.5,0.389380530973451,0.785714285714286,0.258823529411765,,90.5685985088348
WGCNA,2000,0.5,0.5,30,85,28,0.80952380952381,1,0.821057423284199,0.561176470588235,0.407079646017699,0.821428571428571,0.270588235294118,,0.584671020507813
ASCEND,2000,0.5,0.5,31,69,20,0.657142857142857,0.961904761904762,0.638490417642617,0.518719806763285,0.269662921348315,0.6,0.173913043478261,0.3,0.219077110290527
GENIE3,2000,0.5,0.5,31,69,20,0.657142857142857,1,0.77400608134867,0.593397745571659,0.382022471910112,0.85,0.246376811594203,,128.875691175461
ARACNE,2000,0.5,0.5,31,69,20,0.657142857142857,1,0.657142857142857,0.5,0.337078651685393,0.75,0.217391304347826,,84.6859011650085
WGCNA,2000,0.5,0.5,31,69,20,0.657142857142857,1,0.691769503535445,0.505837359098229,0.314606741573034,0.7,0.202898550724638,,0.619163274765015
ASCEND,2000,0.5,0.5,32,75,31,0.714285714285714,0.933333333333333,0.84042396738252,0.678666666666667,0.528301886792453,0.903225806451613,0.373333333333333,0.67741935483871,0.480942487716675
GENIE3,2000,0.5,0.5,32,75,31,0.714285714285714,1,0.823818026393998,0.602666666666667,0.490566037735849,0.838709677419355,0.346666666666667,,151.171509504318
ARACNE,2000,0.5,0.5,32,75,31,0.714285714285714,1,0.714285714285714,0.5,0.433962264150943,0.741935483870968,0.306666666666667,,146.647896766663
WGCNA,2000,0.5,0.5,32,75,31,0.714285714285714,1,0.772871009987449,0.579111111111111,0.452830188679245,0.774193548387097,0.32,,0.57282018661499
ASCEND,2000,0.5,0.5,33,82,30,0.780952380952381,0.971428571428571,0.86974589893469,0.643955461293743,0.5,0.933333333333333,0.341463414634146,0.666666666666667,1.00794553756714
GENIE3,2000,0.5,0.5,33,82,30,0.780952380952381,1,0.84889123276948,0.542417815482503,0.482142857142857,0.9,0.329268292682927,,164.341624259949
ARACNE,2000,0.5,0.5,33,82,30,0.780952380952381,1,0.780952380952381,0.5,0.464285714285714,0.866666666666667,0.317073170731707,,84.4580817222595
WGCNA,2000,0.5,0.5,33,82,30,0.780952380952381,1,0.826195341996079,0.52492046659597,0.428571428571428,0.8,0.292682926829268,,0.58565092086792
ASCEND,2000,0.5,0.5,34,79,13,0.752380952380952,0.876190476190476,0.880636234985894,0.664556962025316,0.282608695652174,1,0.164556962025316,0.615384615384615,0.87946891784668
GENIE3,2000,0.5,0.5,34,79,13,0.752380952380952,1,0.815100580097008,0.595423563777994,0.239130434782609,0.846153846153846,0.139240506329114,,143.053582429886
ARACNE,2000,0.5,0.5,34,79,13,0.752380952380952,1,0.752380952380952,0.5,0.173913043478261,0.615384615384615,0.10126582278481,,86.2136898040771
WGCNA,2000,0.5,0.5,34,79,13,0.752380952380952,1,0.772416344523608,0.534323271665044,0.239130434782609,0.846153846153846,0.139240506329114,,0.656681299209595
ASCEND,2000,0.5,0.5,35,48,1,0.457142857142857,0.990476190476191,0.510448094898533,0.520833333333333,0.0408163265306122,1,0.0208333333333333,1,0.30182671546936
GENIE3,2000,0.5,0.5,35,48,1,0.457142857142857,1,0.554513549781588,0.609283625730994,0.0408163265306122,1,0.0208333333333333,,172.235564231873
ARACNE,2000,0.5,0.5,35,48,1,0.457142857142857,1,0.457142857142857,0.5,,0,0,,141.280292749405
WGCNA,2000,0.5,0.5,35,48,1,0.457142857142857,1,0.410233193390464,0.536915204678363,,0,0,,0.576627969741821
ASCEND,2000,0.5,0.5,36,83,14,0.79047619047619,0.885714285714286,0.84202244920863,0.592552026286966,0.247422680412371,0.857142857142857,0.144578313253012,0.714285714285714,0.501384019851685
GENIE3,2000,0.5,0.5,36,83,14,0.79047619047619,1,0.858019678002238,0.630339539978094,0.22680412371134,0.785714285714286,0.132530120481928,,169.031182050705
ARACNE,2000,0.5,0.5,36,83,14,0.79047619047619,1,0.79047619047619,0.5,0.288659793814433,1,0.168674698795181,,109.917595624924
WGCNA,2000,0.5,0.5,36,83,14,0.79047619047619,1,0.882988425712966,0.676615553121577,0.268041237113402,0.928571428571429,0.156626506024096,,0.973124742507935
ASCEND,2000,0.5,0.5,37,68,14,0.647619047619048,0.961904761904762,0.801390929181536,0.632352941176471,0.341463414634146,1,0.205882352941176,0.714285714285714,0.547428131103516
GENIE3,2000,0.5,0.5,37,68,14,0.647619047619048,1,0.775639313330987,0.660969793322735,0.268292682926829,0.785714285714286,0.161764705882353,,138.573773145676
ARACNE,2000,0.5,0.5,37,68,14,0.647619047619048,1,0.647619047619048,0.5,0.317073170731707,0.928571428571429,0.191176470588235,,87.5540113449097
WGCNA,2000,0.5,0.5,37,68,14,0.647619047619048,1,0.641657346398989,0.59697933227345,0.24390243902439,0.714285714285714,0.147058823529412,,0.648143291473389
ASCEND,2000,0.5,0.5,38,69,5,0.657142857142857,0.961904761904762,0.74901705827239,0.565217391304348,0.135135135135135,1,0.072463768115942,0.2,0.498800277709961
GENIE3,2000,0.5,0.5,38,69,5,0.657142857142857,1,0.723358145279973,0.557568438003221,0.135135135135135,1,0.072463768115942,,172.421069383621
ARACNE,2000,0.5,0.5,38,69,5,0.657142857142857,1,0.657142857142857,0.5,0.108108108108108,0.8,0.0579710144927536,,152.330460309982
WGCNA,2000,0.5,0.5,38,69,5,0.657142857142857,1,0.716756773993312,0.517310789049919,0.135135135135135,1,0.072463768115942,,0.914660453796387
ASCEND,2000,0.5,0.5,39,71,1,0.676190476190476,0.952380952380952,0.740128247449778,0.542253521126761,0.0277777777777778,1,0.0140845070422535,0,0.468755722045898
GENIE3,2000,0.5,0.5,39,71,1,0.676190476190476,1,0.595122294005579,0.651201325600663,0.0277777777777778,1,0.0140845070422535,,169.603408575058
ARACNE,2000,0.5,0.5,39,71,1,0.676190476190476,1,0.676190476190476,0.5,0.0277777777777778,1,0.0140845070422535,,141.755879402161
WGCNA,2000,0.5,0.5,39,71,1,0.676190476190476,1,0.756086008800433,0.583471416735708,0.0277777777777778,1,0.0140845070422535,,0.605936527252197
ASCEND,2000,0.5,0.5,40,71,3,0.676190476190476,0.961904761904762,0.747759179953172,0.549295774647887,0.0810810810810811,1,0.0422535211267606,1,0.159544944763184
GENIE3,2000,0.5,0.5,40,71,3,0.676190476190476,1,0.694816849553545,0.502071251035626,0.0540540540540541,0.666666666666667,0.028169014084507,,128.54078245163
ARACNE,2000,0.5,0.5,40,71,3,0.676190476190476,1,0.676190476190476,0.5,0.027027027027027,0.333333333333333,0.0140845070422535,,95.8694245815277
WGCNA,2000,0.5,0.5,40,71,3,0.676190476190476,1,0.709696260028191,0.500207125103563,0.0810810810810811,1,0.0422535211267606,,0.624050140380859
ASCEND,2000,0.5,0.5,41,73,15,0.695238095238095,0.942857142857143,0.837822271945953,0.643835616438356,0.340909090909091,1,0.205479452054795,0.6,0.749933481216431
GENIE3,2000,0.5,0.5,41,73,15,0.695238095238095,1,0.85786012682579,0.719178082191781,0.318181818181818,0.933333333333333,0.191780821917808,,143.976598262787
ARACNE,2000,0.5,0.5,41,73,15,0.695238095238095,1,0.695238095238095,0.5,0.272727272727273,0.8,0.164383561643836,,70.4550671577454
WGCNA,2000,0.5,0.5,41,73,15,0.695238095238095,1,0.7078540984891,0.528895547945206,0.272727272727273,0.8,0.164383561643836,,0.579861879348755
ASCEND,2000,0.5,0.5,42,75,17,0.714285714285714,0.933333333333333,0.804067512219103,0.610222222222222,0.326086956521739,0.882352941176471,0.2,0.352941176470588,0.696232795715332
GENIE3,2000,0.5,0.5,42,75,17,0.714285714285714,1,0.783163805405159,0.563111111111111,0.326086956521739,0.882352941176471,0.2,,144.230160713196
ARACNE,2000,0.5,0.5,42,75,17,0.714285714285714,1,0.714285714285714,0.5,0.260869565217391,0.705882352941177,0.16,,75.5988280773163
WGCNA,2000,0.5,0.5,42,75,17,0.714285714285714,1,0.741720339944914,0.536888888888889,0.239130434782609,0.647058823529412,0.146666666666667,,0.560663223266602
ASCEND,2000,0.5,0.5,43,76,43,0.723809523809524,0.952380952380952,0.769906464922314,0.577132486388385,0.571428571428571,0.790697674418605,0.447368421052632,0.488372093023256,0.885419368743897
GENIE3,2000,0.5,0.5,43,76,43,0.723809523809524,1,0.766952759164295,0.59437386569873,0.504201680672269,0.697674418604651,0.394736842105263,,126.651468515396
ARACNE,2000,0.5,0.5,43,76,43,0.723809523809524,1,0.723809523809524,0.5,0.521008403361345,0.72093023255814,0.407894736842105,,83.0396726131439
WGCNA,2000,0.5,0.5,43,76,43,0.723809523809524,1,0.73386540791098,0.517014519056261,0.53781512605042,0.744186046511628,0.421052631578947,,0.618007898330689
ASCEND,2000,0.5,0.5,44,78,28,0.742857142857143,0.971428571428571,0.892506516963547,0.698717948717949,0.528301886792453,1,0.358974358974359,1,0.651673793792725
GENIE3,2000,0.5,0.5,44,78,28,0.742857142857143,1,0.751007281195506,0.502374169040836,0.415094339622642,0.785714285714286,0.282051282051282,,131.799017906189
ARACNE,2000,0.5,0.5,44,78,28,0.742857142857143,1,0.742857142857143,0.5,0.415094339622642,0.785714285714286,0.282051282051282,,83.4199571609497
WGCNA,2000,0.5,0.5,44,78,28,0.742857142857143,1,0.813104753535086,0.584995251661918,0.415094339622642,0.785714285714286,0.282051282051282,,0.5536949634552
ASCEND,2000,0.5,0.5,45,72,17,0.685714285714286,0.923809523809524,0.822536353960585,0.64983164983165,0.359550561797753,0.941176470588235,0.222222222222222,0.411764705882353,0.54463267326355
GENIE3,2000,0.5,0.5,45,72,17,0.685714285714286,1,0.759357104595847,0.552188552188552,0.292134831460674,0.764705882352941,0.180555555555556,,129.671103239059
ARACNE,2000,0.5,0.5,45,72,17,0.685714285714286,1,0.685714285714286,0.5,0.247191011235955,0.647058823529412,0.152777777777778,,69.3500008583069
WGCNA,2000,0.5,0.5,45,72,17,0.685714285714286,1,0.748062551262474,0.627104377104377,0.314606741573034,0.823529411764706,0.194444444444444,,0.536661863327026
ASCEND,2000,0.5,0.5,46,86,36,0.819047619047619,0.990476190476191,0.895091353682714,0.650244798041616,0.557377049180328,0.944444444444444,0.395348837209302,0.472222222222222,0.34736442565918
GENIE3,2000,0.5,0.5,46,86,36,0.819047619047619,1,0.916369855113275,0.696450428396573,0.557377049180328,0.944444444444444,0.395348837209302,,125.900313138962
ARACNE,2000,0.5,0.5,46,86,36,0.819047619047619,1,0.819047619047619,0.5,0.491803278688525,0.833333333333333,0.348837209302326,,76.6040768623352
WGCNA,2000,0.5,0.5,46,86,36,0.819047619047619,1,0.862952977040241,0.577723378212974,0.508196721311475,0.861111111111111,0.36046511627907,,0.645427703857422
ASCEND,2000,0.5,0.5,47,85,23,0.80952380952381,0.876190476190476,0.926226998788751,0.711764705882353,0.425925925925926,1,0.270588235294118,0.695652173913044,0.543594121932983
GENIE3,2000,0.5,0.5,47,85,23,0.80952380952381,1,0.850641494210436,0.568235294117647,0.333333333333333,0.782608695652174,0.211764705882353,,110.5111079216
ARACNE,2000,0.5,0.5,47,85,23,0.80952380952381,1,0.80952380952381,0.5,0.314814814814815,0.739130434782609,0.2,,69.9454996585846
WGCNA,2000,0.5,0.5,47,85,23,0.80952380952381,1,0.788283593786252,0.564117647058824,0.314814814814815,0.739130434782609,0.2,,0.551505565643311
ASCEND,2000,0.5,0.5,48,74,13,0.704761904761905,0.914285714285714,0.815299478489615,0.623801220575414,0.275862068965517,0.923076923076923,0.162162162162162,0.538461538461538,0.34521746635437
GENIE3,2000,0.5,0.5,48,74,13,0.704761904761905,1,0.725464390049525,0.543156059285091,0.252873563218391,0.846153846153846,0.148648648648649,,112.070950031281
ARACNE,2000,0.5,0.5,48,74,13,0.704761904761905,1,0.704761904761905,0.5,0.275862068965517,0.923076923076923,0.162162162162162,,69.6945412158966
WGCNA,2000,0.5,0.5,48,74,13,0.704761904761905,1,0.710024643195983,0.535309503051439,0.183908045977012,0.615384615384615,0.108108108108108,,0.564133167266846
ASCEND,2000,0.5,0.5,49,88,20,0.838095238095238,0.857142857142857,0.93407870715016,0.698863636363636,0.37037037037037,1,0.227272727272727,0.7,0.336168050765991
GENIE3,2000,0.5,0.5,49,88,20,0.838095238095238,1,0.860595379554106,0.515374331550802,0.351851851851852,0.95,0.215909090909091,,102.71955370903
ARACNE,2000,0.5,0.5,49,88,20,0.838095238095238,1,0.838095238095238,0.5,0.351851851851852,0.95,0.215909090909091,,69.7977821826935
WGCNA,2000,0.5,0.5,49,88,20,0.838095238095238,1,0.823493189495586,0.535762032085562,0.296296296296296,0.8,0.181818181818182,,0.65169882774353
ASCEND,2000,0.5,0.5,50,61,9,0.580952380952381,0.942857142857143,0.711660349495251,0.602272727272727,0.228571428571429,0.888888888888889,0.131147540983607,0.444444444444444,0.278694152832031
GENIE3,2000,0.5,0.5,50,61,9,0.580952380952381,1,0.710831263797529,0.623695976154993,0.228571428571429,0.888888888888889,0.131147540983607,,106.311484575272
ARACNE,2000,0.5,0.5,50,61,9,0.580952380952381,1,0.580952380952381,0.5,0.142857142857143,0.555555555555556,0.0819672131147541,,69.2325644493103
WGCNA,2000,0.5,0.5,50,61,9,0.580952380952381,1,0.6097651577105,0.576378539493294,0.142857142857143,0.555555555555556,0.0819672131147541,,0.550976514816284
ASCEND,2000,0.5,0.7,1,71,32,0.676190476190476,0.961904761904762,0.744924730969063,0.595484672742336,0.485436893203884,0.78125,0.352112676056338,0.59375,0.539917230606079
GENIE3,2000,0.5,0.7,1,71,32,0.676190476190476,1,0.778584307160876,0.588649544324772,0.504854368932039,0.8125,0.366197183098592,,120.117565631866
ARACNE,2000,0.5,0.7,1,71,32,0.676190476190476,1,0.676190476190476,0.5,0.349514563106796,0.5625,0.253521126760563,,84.9703924655914
WGCNA,2000,0.5,0.7,1,71,32,0.676190476190476,1,0.706615512351597,0.522576636288318,0.446601941747573,0.71875,0.323943661971831,,0.67576003074646
ASCEND,2000,0.5,0.7,2,66,35,0.628571428571429,0.990476190476191,0.756166195017746,0.649184149184149,0.574257425742574,0.828571428571429,0.439393939393939,0.771428571428571,0.724672079086304
GENIE3,2000,0.5,0.7,2,66,35,0.628571428571429,1,0.678252529657059,0.525641025641026,0.475247524752475,0.685714285714286,0.363636363636364,,146.300378322601
ARACNE,2000,0.5,0.7,2,66,35,0.628571428571429,1,0.628571428571429,0.5,0.435643564356436,0.628571428571429,0.333333333333333,,154.622999668121
WGCNA,2000,0.5,0.7,2,66,35,0.628571428571429,1,0.560281912811606,0.642968142968143,0.297029702970297,0.428571428571429,0.227272727272727,,1.2917001247406
ASCEND,2000,0.5,0.7,3,78,17,0.742857142857143,0.980952380952381,0.790153115051013,0.550094966761633,0.315789473684211,0.882352941176471,0.192307692307692,0.352941176470588,0.494873285293579
GENIE3,2000,0.5,0.7,3,78,17,0.742857142857143,1,0.833258544580655,0.62962962962963,0.315789473684211,0.882352941176471,0.192307692307692,,121.631619691849
ARACNE,2000,0.5,0.7,3,78,17,0.742857142857143,1,0.742857142857143,0.5,0.252631578947368,0.705882352941177,0.153846153846154,,84.4431712627411
WGCNA,2000,0.5,0.7,3,78,17,0.742857142857143,1,0.778450962321386,0.518043684710351,0.273684210526316,0.764705882352941,0.166666666666667,,0.663064002990723
ASCEND,2000,0.5,0.7,4,67,5,0.638095238095238,0.990476190476191,0.711155714923952,0.544776119402985,0.138888888888889,1,0.0746268656716418,1,0.397569417953491
GENIE3,2000,0.5,0.7,4,67,5,0.638095238095238,1,0.678524246236059,0.510212097407698,0.138888888888889,1,0.0746268656716418,,121.381211042404
ARACNE,2000,0.5,0.7,4,67,5,0.638095238095238,1,0.638095238095238,0.5,0.111111111111111,0.8,0.0597014925373134,,82.6223242282867
WGCNA,2000,0.5,0.7,4,67,5,0.638095238095238,1,0.734657208034153,0.567753338570307,0.138888888888889,1,0.0746268656716418,,0.669139385223389
ASCEND,2000,0.5,0.7,5,85,52,0.80952380952381,0.971428571428571,0.806674914399316,0.509705882352941,0.613138686131387,0.807692307692308,0.494117647058824,0.519230769230769,0.663527727127075
GENIE3,2000,0.5,0.7,5,85,52,0.80952380952381,1,0.867573559117585,0.649411764705882,0.671532846715329,0.884615384615385,0.541176470588235,,121.556521892548
ARACNE,2000,0.5,0.7,5,85,52,0.80952380952381,1,0.80952380952381,0.5,0.613138686131387,0.807692307692308,0.494117647058824,,85.9175817966461
WGCNA,2000,0.5,0.7,5,85,52,0.80952380952381,1,0.79446258421566,0.567058823529412,0.583941605839416,0.769230769230769,0.470588235294118,,0.620505571365356
ASCEND,2000,0.5,0.7,6,66,25,0.628571428571429,0.961904761904762,0.729365545044221,0.613830613830614,0.43956043956044,0.8,0.303030303030303,0.44,1.00086092948914
GENIE3,2000,0.5,0.7,6,66,25,0.628571428571429,1,0.61309586221751,0.522921522921523,0.351648351648352,0.64,0.242424242424242,,162.554809331894
ARACNE,2000,0.5,0.7,6,66,25,0.628571428571429,1,0.628571428571429,0.5,0.395604395604396,0.72,0.272727272727273,,153.85526061058
WGCNA,2000,0.5,0.7,6,66,25,0.628571428571429,1,0.590600404486473,0.540404040404041,0.32967032967033,0.6,0.227272727272727,,1.21863722801209
ASCEND,2000,0.5,0.7,7,67,17,0.638095238095238,0.971428571428571,0.675737335677298,0.543205027494108,0.285714285714286,0.705882352941177,0.17910447761194,0.470588235294118,0.956470012664795
GENIE3,2000,0.5,0.7,7,67,17,0.638095238095238,1,0.703293633953666,0.554595443833464,0.285714285714286,0.705882352941177,0.17910447761194,,162.611146211624
ARACNE,2000,0.5,0.7,7,67,17,0.638095238095238,1,0.638095238095238,0.5,0.19047619047619,0.470588235294118,0.119402985074627,,153.060604810715
WGCNA,2000,0.5,0.7,7,67,17,0.638095238095238,1,0.598672838843631,0.557344854673998,0.214285714285714,0.529411764705882,0.134328358208955,,1.29483675956726
ASCEND,2000,0.5,0.7,8,78,21,0.742857142857143,0.980952380952381,0.75562595458793,0.520417853751187,0.323232323232323,0.761904761904762,0.205128205128205,0.523809523809524,1.06536984443665
GENIE3,2000,0.5,0.7,8,78,21,0.742857142857143,1,0.83289911279644,0.584045584045584,0.383838383838384,0.904761904761905,0.243589743589744,,162.92683172226
ARACNE,2000,0.5,0.7,8,78,21,0.742857142857143,1,0.742857142857143,0.5,0.303030303030303,0.714285714285714,0.192307692307692,,157.11030459404
WGCNA,2000,0.5,0.7,8,78,21,0.742857142857143,1,0.73293785740614,0.528015194681862,0.303030303030303,0.714285714285714,0.192307692307692,,1.02065396308899
ASCEND,2000,0.5,0.7,9,71,4,0.676190476190476,0.961904761904762,0.71419914885676,0.533761391880696,0.08,0.75,0.0422535211267606,0.5,0.829548597335815
GENIE3,2000,0.5,0.7,9,71,4,0.676190476190476,1,0.680516447518125,0.511184755592378,0.0533333333333333,0.5,0.028169014084507,,163.85533452034
ARACNE,2000,0.5,0.7,9,71,4,0.676190476190476,1,0.676190476190476,0.5,0.08,0.75,0.0422535211267606,,151.295235157013
WGCNA,2000,0.5,0.7,9,71,4,0.676190476190476,1,0.761876368161423,0.605426677713339,0.08,0.75,0.0422535211267606,,1.34979033470154
ASCEND,2000,0.5,0.7,10,70,7,0.666666666666667,0.952380952380952,0.775445795783165,0.585714285714286,0.181818181818182,1,0.1,0.714285714285714,0.826303720474243
GENIE3,2000,0.5,0.7,10,70,7,0.666666666666667,1,0.74755801396665,0.601632653061225,0.155844155844156,0.857142857142857,0.0857142857142857,,164.300535678864
ARACNE,2000,0.5,0.7,10,70,7,0.666666666666667,1,0.666666666666667,0.5,0.181818181818182,1,0.1,,152.406775474548
WGCNA,2000,0.5,0.7,10,70,7,0.666666666666667,1,0.710870245022231,0.52734693877551,0.103896103896104,0.571428571428571,0.0571428571428571,,1.18750357627869
ASCEND,2000,0.5,0.7,11,64,4,0.60952380952381,0.952380952380952,0.717508023595866,0.5703125,0.117647058823529,1,0.0625,1,0.709810256958008
GENIE3,2000,0.5,0.7,11,64,4,0.60952380952381,1,0.675371310108356,0.560975609756098,0.0882352941176471,0.75,0.046875,,166.458827733994
ARACNE,2000,0.5,0.7,11,64,4,0.60952380952381,1,0.60952380952381,0.5,0.0882352941176471,0.75,0.046875,,153.160583019257
WGCNA,2000,0.5,0.7,11,64,4,0.60952380952381,1,0.606712971698456,0.567263719512195,0.117647058823529,1,0.0625,,1.05787420272827
ASCEND,2000,0.5,0.7,12,85,43,0.80952380952381,0.980952380952381,0.859715202341393,0.607352941176471,0.59375,0.883720930232558,0.447058823529412,0.581395348837209,0.969785451889038
GENIE3,2000,0.5,0.7,12,85,43,0.80952380952381,1,0.879099276349108,0.602352941176471,0.609375,0.906976744186047,0.458823529411765,,164.712800979614
ARACNE,2000,0.5,0.7,12,85,43,0.80952380952381,1,0.80952380952381,0.5,0.546875,0.813953488372093,0.411764705882353,,153.925020217896
WGCNA,2000,0.5,0.7,12,85,43,0.80952380952381,1,0.843978452641745,0.539705882352941,0.59375,0.883720930232558,0.447058823529412,,0.661255598068237
ASCEND,2000,0.5,0.7,13,72,23,0.685714285714286,0.961904761904762,0.83447775072393,0.66456228956229,0.463157894736842,0.956521739130435,0.305555555555556,0.91304347826087,0.933842182159424
GENIE3,2000,0.5,0.7,13,72,23,0.685714285714286,1,0.665394120995699,0.524410774410774,0.315789473684211,0.652173913043478,0.208333333333333,,161.577101707459
ARACNE,2000,0.5,0.7,13,72,23,0.685714285714286,1,0.685714285714286,0.5,0.336842105263158,0.695652173913044,0.222222222222222,,155.146070957184
WGCNA,2000,0.5,0.7,13,72,23,0.685714285714286,1,0.613259884028435,0.571127946127946,0.252631578947368,0.521739130434783,0.166666666666667,,1.25483298301697
ASCEND,2000,0.5,0.7,14,60,15,0.571428571428571,0.952380952380952,0.718258616792869,0.625925925925926,0.346666666666667,0.866666666666667,0.216666666666667,0.666666666666667,1.0473165512085
GENIE3,2000,0.5,0.7,14,60,15,0.571428571428571,1,0.573894371424291,0.514814814814815,0.16,0.4,0.1,,134.654685020447
ARACNE,2000,0.5,0.7,14,60,15,0.571428571428571,1,0.571428571428571,0.5,0.266666666666667,0.666666666666667,0.166666666666667,,123.17192864418
WGCNA,2000,0.5,0.7,14,60,15,0.571428571428571,1,0.571459558677207,0.526296296296296,0.266666666666667,0.666666666666667,0.166666666666667,,0.966712951660156
ASCEND,2000,0.5,0.7,15,73,9,0.695238095238095,0.980952380952381,0.787203600848779,0.575342465753425,0.219512195121951,1,0.123287671232877,0.333333333333333,0.681755304336548
GENIE3,2000,0.5,0.7,15,73,9,0.695238095238095,1,0.707997562312844,0.532962328767123,0.195121951219512,0.888888888888889,0.10958904109589,,164.077284097672
ARACNE,2000,0.5,0.7,15,73,9,0.695238095238095,1,0.695238095238095,0.5,0.170731707317073,0.777777777777778,0.0958904109589041,,153.125401496887
WGCNA,2000,0.5,0.7,15,73,9,0.695238095238095,1,0.732337762762071,0.515625,0.219512195121951,1,0.123287671232877,,1.24593305587769
ASCEND,2000,0.5,0.7,16,72,10,0.685714285714286,0.961904761904762,0.76585066841468,0.574284511784512,0.219512195121951,0.9,0.125,0.7,0.933363676071167
GENIE3,2000,0.5,0.7,16,72,10,0.685714285714286,1,0.746329226638733,0.562710437710438,0.170731707317073,0.7,0.0972222222222222,,162.670177221298
ARACNE,2000,0.5,0.7,16,72,10,0.685714285714286,1,0.685714285714286,0.5,0.195121951219512,0.8,0.111111111111111,,87.3604202270508
WGCNA,2000,0.5,0.7,16,72,10,0.685714285714286,1,0.691681148500956,0.556397306397306,0.195121951219512,0.8,0.111111111111111,,0.616901874542236
ASCEND,2000,0.5,0.7,17,90,15,0.857142857142857,0.933333333333333,0.920020447418871,0.622222222222222,0.285714285714286,1,0.166666666666667,0.8,0.615128993988037
GENIE3,2000,0.5,0.7,17,90,15,0.857142857142857,1,0.890654897095051,0.551111111111111,0.266666666666667,0.933333333333333,0.155555555555556,,122.839932918549
ARACNE,2000,0.5,0.7,17,90,15,0.857142857142857,1,0.857142857142857,0.5,0.266666666666667,0.933333333333333,0.155555555555556,,83.8128027915955
WGCNA,2000,0.5,0.7,17,90,15,0.857142857142857,1,0.864687805038248,0.541481481481482,0.266666666666667,0.933333333333333,0.155555555555556,,0.662396430969238
ASCEND,2000,0.5,0.7,18,71,9,0.676190476190476,0.933333333333333,0.769166455046506,0.589478044739022,0.2,0.888888888888889,0.112676056338028,0.777777777777778,0.763689994812012
GENIE3,2000,0.5,0.7,18,71,9,0.676190476190476,1,0.629286711483895,0.534382767191384,0.1,0.444444444444444,0.0563380281690141,,162.107284545898
ARACNE,2000,0.5,0.7,18,71,9,0.676190476190476,1,0.676190476190476,0.5,0.075,0.333333333333333,0.0422535211267606,,152.464471817017
WGCNA,2000,0.5,0.7,18,71,9,0.676190476190476,1,0.60635597636694,0.589063794531897,0.125,0.555555555555556,0.0704225352112676,,1.2541229724884
ASCEND,2000,0.5,0.7,19,79,27,0.752380952380952,0.961904761904762,0.830965842002276,0.616601752677702,0.452830188679245,0.888888888888889,0.30379746835443,0.666666666666667,0.588739395141602
GENIE3,2000,0.5,0.7,19,79,27,0.752380952380952,1,0.831421985968747,0.589581304771178,0.415094339622642,0.814814814814815,0.278481012658228,,122.19241309166
ARACNE,2000,0.5,0.7,19,79,27,0.752380952380952,1,0.752380952380952,0.5,0.39622641509434,0.777777777777778,0.265822784810127,,84.2293870449066
WGCNA,2000,0.5,0.7,19,79,27,0.752380952380952,1,0.628658637355638,0.701557935735151,0.283018867924528,0.555555555555556,0.189873417721519,,0.658708095550537
ASCEND,2000,0.5,0.7,20,87,15,0.828571428571429,0.933333333333333,0.905095257079188,0.626436781609195,0.294117647058824,1,0.172413793103448,0.8,0.43487024307251
GENIE3,2000,0.5,0.7,20,87,15,0.828571428571429,1,0.852776152622744,0.500638569604087,0.254901960784314,0.866666666666667,0.149425287356322,,121.882843732834
ARACNE,2000,0.5,0.7,20,87,15,0.828571428571429,1,0.828571428571429,0.5,0.274509803921569,0.933333333333333,0.160919540229885,,82.6707284450531
WGCNA,2000,0.5,0.7,20,87,15,0.828571428571429,1,0.824922184242542,0.526181353767561,0.254901960784314,0.866666666666667,0.149425287356322,,0.668036937713623
ASCEND,2000,0.5,0.7,21,84,23,0.8,0.952380952380952,0.782458596764532,0.520408163265306,0.317757009345794,0.739130434782609,0.202380952380952,0.434782608695652,0.499254941940308
GENIE3,2000,0.5,0.7,21,84,23,0.8,1,0.777823090890706,0.535147392290249,0.336448598130841,0.782608695652174,0.214285714285714,,126.449219465256
ARACNE,2000,0.5,0.7,21,84,23,0.8,1,0.8,0.5,0.373831775700935,0.869565217391304,0.238095238095238,,1099.05828928947
WGCNA,2000,0.5,0.7,21,84,23,0.8,1,0.805642181158157,0.502834467120182,0.373831775700935,0.869565217391304,0.238095238095238,,0.86574912071228
ASCEND,2000,0.5,0.7,22,83,38,0.79047619047619,0.990476190476191,0.838755515266145,0.589813800657174,0.545454545454545,0.868421052631579,0.397590361445783,0.68421052631579,1.27571368217468
GENIE3,2000,0.5,0.7,22,83,38,0.79047619047619,1,0.838248459951101,0.581599123767798,0.56198347107438,0.894736842105263,0.409638554216867,,1142.93937158585
ARACNE,2000,0.5,0.7,22,83,38,0.79047619047619,1,0.79047619047619,0.5,0.528925619834711,0.842105263157895,0.385542168674699,,76.2121150493622
WGCNA,2000,0.5,0.7,22,83,38,0.79047619047619,1,0.797849689722714,0.515334063526835,0.512396694214876,0.81578947368421,0.373493975903614,,0.604427099227905
ASCEND,2000,0.5,0.7,23,86,19,0.819047619047619,0.952380952380952,0.85875387920973,0.572215422276622,0.323809523809524,0.894736842105263,0.197674418604651,0.736842105263158,0.379652261734009
GENIE3,2000,0.5,0.7,23,86,19,0.819047619047619,1,0.851334247021627,0.520195838433293,0.323809523809524,0.894736842105263,0.197674418604651,,123.58265542984
ARACNE,2000,0.5,0.7,23,86,19,0.819047619047619,1,0.819047619047619,0.5,0.285714285714286,0.789473684210526,0.174418604651163,,1101.0819041729
WGCNA,2000,0.5,0.7,23,86,19,0.819047619047619,1,0.850842757700393,0.509791921664627,0.323809523809524,0.894736842105263,0.197674418604651,,1.05232858657837
ASCEND,2000,0.5,0.7,24,69,45,0.657142857142857,0.990476190476191,0.75360873493566,0.629227053140097,0.631578947368421,0.8,0.521739130434783,0.488888888888889,0.461931467056274
GENIE3,2000,0.5,0.7,24,69,45,0.657142857142857,1,0.741422352433021,0.606280193236715,0.614035087719298,0.777777777777778,0.507246376811594,,125.827211856842
ARACNE,2000,0.5,0.7,24,69,45,0.657142857142857,1,0.657142857142857,0.5,0.543859649122807,0.688888888888889,0.449275362318841,,1101.17648077011
WGCNA,2000,0.5,0.7,24,69,45,0.657142857142857,1,0.728485859295193,0.53341384863124,0.543859649122807,0.688888888888889,0.449275362318841,,0.78894567489624
ASCEND,2000,0.5,0.7,25,73,24,0.695238095238095,0.876190476190476,0.873241712041321,0.728167808219178,0.474226804123711,0.958333333333333,0.315068493150685,0.708333333333333,0.537401676177979
GENIE3,2000,0.5,0.7,25,73,24,0.695238095238095,1,0.767713548463202,0.556078767123288,0.350515463917526,0.708333333333333,0.232876712328767,,132.393480300903
ARACNE,2000,0.5,0.7,25,73,24,0.695238095238095,1,0.695238095238095,0.5,0.329896907216495,0.666666666666667,0.219178082191781,,1132.96585893631
WGCNA,2000,0.5,0.7,25,73,24,0.695238095238095,1,0.682783605777448,0.543878424657534,0.309278350515464,0.625,0.205479452054795,,0.787740468978882
ASCEND,2000,0.5,0.7,26,82,26,0.780952380952381,0.980952380952381,0.815897310429653,0.557264050901379,0.407407407407408,0.846153846153846,0.268292682926829,0.461538461538462,0.954635143280029
GENIE3,2000,0.5,0.7,26,82,26,0.780952380952381,1,0.794072187267193,0.506362672322375,0.388888888888889,0.807692307692308,0.25609756097561,,1137.18131113052
ARACNE,2000,0.5,0.7,26,82,26,0.780952380952381,1,0.780952380952381,0.5,0.425925925925926,0.884615384615385,0.280487804878049,,83.4232807159424
WGCNA,2000,0.5,0.7,26,82,26,0.780952380952381,1,0.823333727214425,0.534729586426299,0.37037037037037,0.769230769230769,0.24390243902439,,0.596601009368897
ASCEND,2000,0.5,0.7,27,67,17,0.638095238095238,0.961904761904762,0.743634843947759,0.596622152395915,0.357142857142857,0.882352941176471,0.223880597014925,0.647058823529412,0.886497974395752
GENIE3,2000,0.5,0.7,27,67,17,0.638095238095238,1,0.700888662095517,0.539670070699136,0.285714285714286,0.705882352941177,0.17910447761194,,1158.28743004799
ARACNE,2000,0.5,0.7,27,67,17,0.638095238095238,1,0.638095238095238,0.5,0.285714285714286,0.705882352941177,0.17910447761194,,83.7338662147522
WGCNA,2000,0.5,0.7,27,67,17,0.638095238095238,1,0.642092344864408,0.508248232521602,0.238095238095238,0.588235294117647,0.149253731343284,,0.626427888870239
ASCEND,2000,0.5,0.7,28,72,4,0.685714285714286,0.952380952380952,0.76849438031271,0.5625,0.105263157894737,1,0.0555555555555556,0.5,0.573106527328491
GENIE3,2000,0.5,0.7,28,72,4,0.685714285714286,1,0.666398186327453,0.509259259259259,0.0526315789473684,0.5,0.0277777777777778,,1170.15008020401
ARACNE,2000,0.5,0.7,28,72,4,0.685714285714286,1,0.685714285714286,0.5,0.0263157894736842,0.25,0.0138888888888889,,126.493416786194
WGCNA,2000,0.5,0.7,28,72,4,0.685714285714286,1,0.639770135762441,0.557239057239057,0.0526315789473684,0.5,0.0277777777777778,,0.599152803421021
ASCEND,2000,0.5,0.7,29,91,57,0.866666666666667,1,0.927662095943405,0.68956043956044,0.72972972972973,0.947368421052632,0.593406593406593,0.771929824561403,0.982704639434814
GENIE3,2000,0.5,0.7,29,91,57,0.866666666666667,1,0.904339973828313,0.6138147566719,0.702702702702703,0.912280701754386,0.571428571428571,,1158.3659632206
ARACNE,2000,0.5,0.7,29,91,57,0.866666666666667,1,0.866666666666667,0.5,0.662162162162162,0.859649122807018,0.538461538461538,,78.9228348731995
WGCNA,2000,0.5,0.7,29,91,57,0.866666666666667,1,0.923178692556607,0.609105180533752,0.689189189189189,0.894736842105263,0.56043956043956,,0.604078769683838
ASCEND,2000,0.5,0.7,30,52,6,0.495238095238095,0.980952380952381,0.635836030337075,0.576923076923077,0.206896551724138,1,0.115384615384615,0.833333333333333,0.56419563293457
GENIE3,2000,0.5,0.7,30,52,6,0.495238095238095,1,0.477947756574934,0.538098693759071,0.103448275862069,0.5,0.0576923076923077,,1155.62533998489
ARACNE,2000,0.5,0.7,30,52,6,0.495238095238095,1,0.495238095238095,0.5,0.0344827586206897,0.166666666666667,0.0192307692307692,,78.2288196086884
WGCNA,2000,0.5,0.7,30,52,6,0.495238095238095,1,0.552546286360277,0.516328011611031,0.172413793103448,0.833333333333333,0.0961538461538462,,0.598018169403076
ASCEND,2000,0.5,0.7,31,81,15,0.771428571428571,0.971428571428571,0.863729127625818,0.611111111111111,0.3125,1,0.185185185185185,0.8,0.584550857543945
GENIE3,2000,0.5,0.7,31,81,15,0.771428571428571,1,0.848511164555317,0.59619341563786,0.270833333333333,0.866666666666667,0.160493827160494,,1169.78475594521
ARACNE,2000,0.5,0.7,31,81,15,0.771428571428571,1,0.771428571428571,0.5,0.270833333333333,0.866666666666667,0.160493827160494,,134.121701955795
WGCNA,2000,0.5,0.7,31,81,15,0.771428571428571,1,0.779901799431243,0.5190329218107,0.229166666666667,0.733333333333333,0.135802469135802,,0.929318428039551
ASCEND,2000,0.5,0.7,32,81,13,0.771428571428571,0.885714285714286,0.831221958170482,0.57690329218107,0.25531914893617,0.923076923076923,0.148148148148148,0.769230769230769,0.370959281921387
GENIE3,2000,0.5,0.7,32,81,13,0.771428571428571,1,0.842394496770921,0.626543209876543,0.25531914893617,0.923076923076923,0.148148148148148,,1135.56908369064
ARACNE,2000,0.5,0.7,32,81,13,0.771428571428571,1,0.771428571428571,0.5,0.276595744680851,1,0.160493827160494,,111.480534553528
WGCNA,2000,0.5,0.7,32,81,13,0.771428571428571,1,0.792481306577277,0.510802469135802,0.234042553191489,0.846153846153846,0.135802469135802,,0.976688861846924
ASCEND,2000,0.5,0.7,33,75,7,0.714285714285714,0.952380952380952,0.804870139783992,0.58,0.170731707317073,1,0.0933333333333333,0.857142857142857,0.765926599502564
GENIE3,2000,0.5,0.7,33,75,7,0.714285714285714,1,0.679795170981153,0.555111111111111,0.121951219512195,0.714285714285714,0.0666666666666667,,1170.99871730804
ARACNE,2000,0.5,0.7,33,75,7,0.714285714285714,1,0.714285714285714,0.5,0.170731707317073,1,0.0933333333333333,,106.534722328186
WGCNA,2000,0.5,0.7,33,75,7,0.714285714285714,1,0.790448586917804,0.636,0.146341463414634,0.857142857142857,0.08,,0.576147794723511
ASCEND,2000,0.5,0.7,34,82,2,0.780952380952381,0.980952380952381,0.811418262601388,0.524390243902439,0.0476190476190476,1,0.024390243902439,1,0.28525447845459
GENIE3,2000,0.5,0.7,34,82,2,0.780952380952381,1,0.731085548396863,0.521208907741251,0.0238095238095238,0.5,0.0121951219512195,,1179.94250512123
ARACNE,2000,0.5,0.7,34,82,2,0.780952380952381,1,0.780952380952381,0.5,0.0476190476190476,1,0.024390243902439,,85.9198896884918
WGCNA,2000,0.5,0.7,34,82,2,0.780952380952381,1,0.795926254419847,0.534464475079533,0.0476190476190476,1,0.024390243902439,,0.8919837474823
ASCEND,2000,0.5,0.7,35,71,25,0.676190476190476,0.980952380952381,0.721746609268765,0.557166528583264,0.395833333333333,0.76,0.267605633802817,0.16,1.02750492095947
GENIE3,2000,0.5,0.7,35,71,25,0.676190476190476,1,0.798393480752137,0.654101077050539,0.4375,0.84,0.295774647887324,,1169.42491722107
ARACNE,2000,0.5,0.7,35,71,25,0.676190476190476,1,0.676190476190476,0.5,0.25,0.48,0.169014084507042,,80.8699538707733
WGCNA,2000,0.5,0.7,35,71,25,0.676190476190476,1,0.735847929990572,0.524440762220381,0.395833333333333,0.76,0.267605633802817,,0.684420585632324
ASCEND,2000,0.5,0.7,36,63,21,0.6,0.895238095238095,0.803332736947841,0.710128495842782,0.452380952380952,0.904761904761905,0.301587301587302,0.761904761904762,0.377022743225098
GENIE3,2000,0.5,0.7,36,63,21,0.6,1,0.691081087451124,0.59145880574452,0.333333333333333,0.666666666666667,0.222222222222222,,145.6086165905
ARACNE,2000,0.5,0.7,36,63,21,0.6,1,0.6,0.5,0.261904761904762,0.523809523809524,0.174603174603175,,1126.25014829636
WGCNA,2000,0.5,0.7,36,63,21,0.6,1,0.554747076995574,0.584656084656085,0.261904761904762,0.523809523809524,0.174603174603175,,0.608659029006958
ASCEND,2000,0.5,0.7,37,77,16,0.733333333333333,0.952380952380952,0.827906747634454,0.610853432282004,0.32258064516129,0.9375,0.194805194805195,0.8125,0.395823955535889
GENIE3,2000,0.5,0.7,37,77,16,0.733333333333333,1,0.757760580529888,0.540816326530612,0.258064516129032,0.75,0.155844155844156,,125.025109291077
ARACNE,2000,0.5,0.7,37,77,16,0.733333333333333,1,0.733333333333333,0.5,0.258064516129032,0.75,0.155844155844156,,1100.47246551514
WGCNA,2000,0.5,0.7,37,77,16,0.733333333333333,1,0.7701770360551,0.51948051948052,0.279569892473118,0.8125,0.168831168831169,,0.889231681823731
ASCEND,2000,0.5,0.7,38,81,7,0.771428571428571,0.971428571428571,0.771893809284548,0.506172839506173,0.113636363636364,0.714285714285714,0.0617283950617284,0.571428571428571,0.535284757614136
GENIE3,2000,0.5,0.7,38,81,7,0.771428571428571,1,0.789900965918303,0.527777777777778,0.113636363636364,0.714285714285714,0.0617283950617284,,1166.99945497513
ARACNE,2000,0.5,0.7,38,81,7,0.771428571428571,1,0.771428571428571,0.5,0.113636363636364,0.714285714285714,0.0617283950617284,,85.7021751403809
WGCNA,2000,0.5,0.7,38,81,7,0.771428571428571,1,0.841649125658731,0.606995884773663,0.136363636363636,0.857142857142857,0.0740740740740741,,0.593518733978272
ASCEND,2000,0.5,0.7,39,79,9,0.752380952380952,0.980952380952381,0.82477315702804,0.569620253164557,0.204545454545455,1,0.113924050632911,0.666666666666667,0.362361431121826
GENIE3,2000,0.5,0.7,39,79,9,0.752380952380952,1,0.773518129031228,0.531158714703019,0.181818181818182,0.888888888888889,0.10126582278481,,128.609563112259
ARACNE,2000,0.5,0.7,39,79,9,0.752380952380952,1,0.752380952380952,0.5,0.181818181818182,0.888888888888889,0.10126582278481,,1154.40805506706
WGCNA,2000,0.5,0.7,39,79,9,0.752380952380952,1,0.752501086786874,0.533106134371957,0.159090909090909,0.777777777777778,0.0886075949367089,,0.953565120697021
ASCEND,2000,0.5,0.7,40,72,17,0.685714285714286,0.933333333333333,0.791054140568047,0.61952861952862,0.337078651685393,0.882352941176471,0.208333333333333,0.647058823529412,0.449162244796753
GENIE3,2000,0.5,0.7,40,72,17,0.685714285714286,1,0.667653946575717,0.585016835016835,0.247191011235955,0.647058823529412,0.152777777777778,,126.490139484406
ARACNE,2000,0.5,0.7,40,72,17,0.685714285714286,1,0.685714285714286,0.5,0.269662921348315,0.705882352941177,0.166666666666667,,1099.97794032097
WGCNA,2000,0.5,0.7,40,72,17,0.685714285714286,1,0.721921316818959,0.61952861952862,0.269662921348315,0.705882352941177,0.166666666666667,,0.717278718948364
ASCEND,2000,0.5,0.7,41,69,5,0.657142857142857,0.952380952380952,0.756173608675021,0.572463768115942,0.135135135135135,1,0.072463768115942,0.6,0.326012372970581
GENIE3,2000,0.5,0.7,41,69,5,0.657142857142857,1,0.72789287849989,0.646135265700483,0.0810810810810811,0.6,0.0434782608695652,,114.536829948425
ARACNE,2000,0.5,0.7,41,69,5,0.657142857142857,1,0.657142857142857,0.5,0.135135135135135,1,0.072463768115942,,75.4302821159363
WGCNA,2000,0.5,0.7,41,69,5,0.657142857142857,1,0.683099378583051,0.552334943639291,0.0810810810810811,0.6,0.0434782608695652,,0.579900503158569
ASCEND,2000,0.5,0.7,42,77,20,0.733333333333333,0.971428571428571,0.790748235654398,0.574211502782931,0.350515463917526,0.85,0.220779220779221,0.55,0.288250207901001
GENIE3,2000,0.5,0.7,42,77,20,0.733333333333333,1,0.750818054459271,0.529684601113173,0.309278350515464,0.75,0.194805194805195,,118.200574398041
ARACNE,2000,0.5,0.7,42,77,20,0.733333333333333,1,0.733333333333333,0.5,0.309278350515464,0.75,0.194805194805195,,69.9937114715576
WGCNA,2000,0.5,0.7,42,77,20,0.733333333333333,1,0.712218749512808,0.507189239332097,0.309278350515464,0.75,0.194805194805195,,0.560522079467773
ASCEND,2000,0.5,0.7,43,87,0,0.828571428571429,0.980952380952381,0.842391558998344,0.511494252873563,,,0,,0.214232683181763
GENIE3,2000,0.5,0.7,43,87,0,0.828571428571429,1,0.845158851980699,0.542784163473819,,,0,,148.103244304657
ARACNE,2000,0.5,0.7,43,87,0,0.828571428571429,1,0.828571428571429,0.5,,,0,,102.847898006439
WGCNA,2000,0.5,0.7,43,87,0,0.828571428571429,1,0.825574466404066,0.519157088122605,,,0,,0.546047449111939
ASCEND,2000,0.5,0.7,44,74,3,0.704761904761905,0.923809523809524,0.793359239928956,0.574324324324324,0.0779220779220779,1,0.0405405405405405,1,0.413604736328125
GENIE3,2000,0.5,0.7,44,74,3,0.704761904761905,1,0.725784008760792,0.517000871839582,0.0779220779220779,1,0.0405405405405405,,147.110744953156
ARACNE,2000,0.5,0.7,44,74,3,0.704761904761905,1,0.704761904761905,0.5,0.051948051948052,0.666666666666667,0.027027027027027,,72.9258720874786
WGCNA,2000,0.5,0.7,44,74,3,0.704761904761905,1,0.702778347671899,0.507846556233653,0.051948051948052,0.666666666666667,0.027027027027027,,0.557513952255249
ASCEND,2000,0.5,0.7,45,70,42,0.666666666666667,0.942857142857143,0.707818273755742,0.571020408163265,0.535714285714286,0.714285714285714,0.428571428571429,0.476190476190476,0.673392772674561
GENIE3,2000,0.5,0.7,45,70,42,0.666666666666667,1,0.75299235143287,0.59265306122449,0.571428571428571,0.761904761904762,0.457142857142857,,124.061214923859
ARACNE,2000,0.5,0.7,45,70,42,0.666666666666667,1,0.666666666666667,0.5,0.464285714285714,0.619047619047619,0.371428571428571,,70.8671741485596
WGCNA,2000,0.5,0.7,45,70,42,0.666666666666667,1,0.59414801505767,0.581224489795918,0.446428571428572,0.595238095238095,0.357142857142857,,0.540968418121338
ASCEND,2000,0.5,0.7,46,72,12,0.685714285714286,0.904761904761905,0.774816549811007,0.604377104377104,0.238095238095238,0.833333333333333,0.138888888888889,0.666666666666667,0.336677551269531
GENIE3,2000,0.5,0.7,46,72,12,0.685714285714286,1,0.775810234152921,0.587962962962963,0.214285714285714,0.75,0.125,,108.764446496964
ARACNE,2000,0.5,0.7,46,72,12,0.685714285714286,1,0.685714285714286,0.5,0.166666666666667,0.583333333333333,0.0972222222222222,,69.3654022216797
WGCNA,2000,0.5,0.7,46,72,12,0.685714285714286,1,0.743794462652254,0.506734006734007,0.238095238095238,0.833333333333333,0.138888888888889,,0.563705444335938
ASCEND,2000,0.5,0.7,47,72,17,0.685714285714286,0.942857142857143,0.8018024026578,0.617845117845118,0.359550561797753,0.941176470588235,0.222222222222222,0.235294117647059,0.283228158950806
GENIE3,2000,0.5,0.7,47,72,17,0.685714285714286,1,0.700083311766134,0.529882154882155,0.292134831460674,0.764705882352941,0.180555555555556,,111.814991474152
ARACNE,2000,0.5,0.7,47,72,17,0.685714285714286,1,0.685714285714286,0.5,0.292134831460674,0.764705882352941,0.180555555555556,,67.5343489646912
WGCNA,2000,0.5,0.7,47,72,17,0.685714285714286,1,0.68702692522336,0.541245791245791,0.269662921348315,0.705882352941177,0.166666666666667,,0.549288749694824
ASCEND,2000,0.5,0.7,48,75,24,0.714285714285714,0.980952380952381,0.775611946905646,0.578222222222222,0.404040404040404,0.833333333333333,0.266666666666667,0.333333333333333,0.229007720947266
GENIE3,2000,0.5,0.7,48,75,24,0.714285714285714,1,0.750418860967815,0.533333333333333,0.363636363636364,0.75,0.24,,99.8450627326965
ARACNE,2000,0.5,0.7,48,75,24,0.714285714285714,1,0.714285714285714,0.5,0.424242424242424,0.875,0.28,,69.1289067268372
WGCNA,2000,0.5,0.7,48,75,24,0.714285714285714,1,0.725299197349048,0.506666666666667,0.343434343434343,0.708333333333333,0.226666666666667,,0.659718990325928
ASCEND,2000,0.5,0.7,49,68,13,0.647619047619048,0.980952380952381,0.752522833536005,0.589030206677266,0.296296296296296,0.923076923076923,0.176470588235294,0.769230769230769,0.267628192901611
GENIE3,2000,0.5,0.7,49,68,13,0.647619047619048,1,0.695121719550565,0.561605723370429,0.222222222222222,0.692307692307692,0.132352941176471,,104.840941429138
ARACNE,2000,0.5,0.7,49,68,13,0.647619047619048,1,0.647619047619048,0.5,0.222222222222222,0.692307692307692,0.132352941176471,,68.4585220813751
WGCNA,2000,0.5,0.7,49,68,13,0.647619047619048,1,0.714541334118973,0.567567567567568,0.222222222222222,0.692307692307692,0.132352941176471,,0.582125663757324
ASCEND,2000,0.5,0.7,50,79,45,0.752380952380952,0.952380952380952,0.821566630658563,0.629016553067186,0.612903225806452,0.844444444444445,0.481012658227848,0.622222222222222,0.397985935211182
GENIE3,2000,0.5,0.7,50,79,45,0.752380952380952,1,0.857014443881391,0.655793573515093,0.596774193548387,0.822222222222222,0.468354430379747,,106.57700753212
ARACNE,2000,0.5,0.7,50,79,45,0.752380952380952,1,0.752380952380952,0.5,0.516129032258065,0.711111111111111,0.405063291139241,,69.1167347431183
WGCNA,2000,0.5,0.7,50,79,45,0.752380952380952,1,0.826013013733878,0.549172346640701,0.596774193548387,0.822222222222222,0.468354430379747,,0.593513250350952
ASCEND,2000,0.7,0.5,1,52,18,0.495238095238095,1,0.619512636854191,0.596879535558781,0.4,0.777777777777778,0.269230769230769,0.777777777777778,0.501317501068115
GENIE3,2000,0.7,0.5,1,52,18,0.495238095238095,1,0.612805307621046,0.600507982583454,0.314285714285714,0.611111111111111,0.211538461538462,,122.833229064941
ARACNE,2000,0.7,0.5,1,52,18,0.495238095238095,1,0.495238095238095,0.5,0.257142857142857,0.5,0.173076923076923,,86.5189299583435
WGCNA,2000,0.7,0.5,1,52,18,0.495238095238095,1,0.426025373226936,0.570391872278665,0.171428571428571,0.333333333333333,0.115384615384615,,0.697122812271118
ASCEND,2000,0.7,0.5,2,74,24,0.704761904761905,0.923809523809524,0.746080197118053,0.568439407149085,0.36734693877551,0.75,0.243243243243243,0.416666666666667,0.515953540802002
GENIE3,2000,0.7,0.5,2,74,24,0.704761904761905,1,0.778467606353886,0.548823016564952,0.428571428571429,0.875,0.283783783783784,,123.822024822235
ARACNE,2000,0.7,0.5,2,74,24,0.704761904761905,1,0.704761904761905,0.5,0.408163265306123,0.833333333333333,0.27027027027027,,105.345906972885
WGCNA,2000,0.7,0.5,2,74,24,0.704761904761905,1,0.737759706214125,0.568875326939843,0.36734693877551,0.75,0.243243243243243,,0.984257698059082
ASCEND,2000,0.7,0.5,3,68,28,0.647619047619048,0.952380952380952,0.779618751442871,0.655206677265501,0.5,0.857142857142857,0.352941176470588,0.821428571428571,0.458246469497681
GENIE3,2000,0.7,0.5,3,68,28,0.647619047619048,1,0.66347871536706,0.579491255961844,0.375,0.642857142857143,0.264705882352941,,125.540118694305
ARACNE,2000,0.7,0.5,3,68,28,0.647619047619048,1,0.647619047619048,0.5,0.395833333333333,0.678571428571429,0.279411764705882,,84.1002209186554
WGCNA,2000,0.7,0.5,3,68,28,0.647619047619048,1,0.635530751338331,0.536963434022258,0.354166666666667,0.607142857142857,0.25,,0.668374538421631
ASCEND,2000,0.7,0.5,4,59,23,0.561904761904762,0.933333333333333,0.748725299869251,0.67722918201916,0.487804878048781,0.869565217391304,0.338983050847458,0.782608695652174,0.565912485122681
GENIE3,2000,0.7,0.5,4,59,23,0.561904761904762,1,0.747568901117537,0.710022107590273,0.463414634146342,0.826086956521739,0.322033898305085,,122.258963108063
ARACNE,2000,0.7,0.5,4,59,23,0.561904761904762,1,0.561904761904762,0.5,0.365853658536585,0.652173913043478,0.254237288135593,,107.820163965225
WGCNA,2000,0.7,0.5,4,59,23,0.561904761904762,1,0.607813134362157,0.551584377302874,0.365853658536585,0.652173913043478,0.254237288135593,,0.954158067703247
ASCEND,2000,0.7,0.5,5,47,2,0.447619047619048,0.980952380952381,0.542606869803418,0.542553191489362,0.0816326530612245,1,0.0425531914893617,1,0.262768507003784
GENIE3,2000,0.7,0.5,5,47,2,0.447619047619048,1,0.59019814854371,0.617388114453412,0.0408163265306122,0.5,0.0212765957446809,,125.837743997574
ARACNE,2000,0.7,0.5,5,47,2,0.447619047619048,1,0.447619047619048,0.5,,0,0,,82.3767077922821
WGCNA,2000,0.7,0.5,5,47,2,0.447619047619048,1,0.428508780024464,0.511005135730007,0.0408163265306122,0.5,0.0212765957446809,,0.683315992355347
ASCEND,2000,0.7,0.5,6,51,22,0.485714285714286,0.952380952380952,0.653363236553813,0.649782135076253,0.465753424657534,0.772727272727273,0.333333333333333,0.318181818181818,0.588949203491211
GENIE3,2000,0.7,0.5,6,51,22,0.485714285714286,1,0.588594085983061,0.614015976761075,0.383561643835616,0.636363636363636,0.274509803921569,,123.379257917404
ARACNE,2000,0.7,0.5,6,51,22,0.485714285714286,1,0.485714285714286,0.5,0.383561643835616,0.636363636363636,0.274509803921569,,85.5201382637024
WGCNA,2000,0.7,0.5,6,51,22,0.485714285714286,1,0.538283678570847,0.508169934640523,0.301369863013699,0.5,0.215686274509804,,0.738726139068604
ASCEND,2000,0.7,0.5,7,55,7,0.523809523809524,0.942857142857143,0.684551993779725,0.600363636363636,0.225806451612903,1,0.127272727272727,0.714285714285714,0.757740020751953
GENIE3,2000,0.7,0.5,7,55,7,0.523809523809524,1,0.663344674084643,0.610181818181818,0.193548387096774,0.857142857142857,0.109090909090909,,165.929451227188
ARACNE,2000,0.7,0.5,7,55,7,0.523809523809524,1,0.523809523809524,0.5,0.0645161290322581,0.285714285714286,0.0363636363636364,,154.7215321064
WGCNA,2000,0.7,0.5,7,55,7,0.523809523809524,1,0.522142887497344,0.516727272727273,0.129032258064516,0.571428571428571,0.0727272727272727,,1.1804563999176
ASCEND,2000,0.7,0.5,8,52,21,0.495238095238095,0.942857142857143,0.597733992633879,0.603410740203193,0.383561643835616,0.666666666666667,0.269230769230769,0.523809523809524,0.506335735321045
GENIE3,2000,0.7,0.5,8,52,21,0.495238095238095,1,0.611101152622771,0.583454281567489,0.328767123287671,0.571428571428571,0.230769230769231,,154.467087030411
ARACNE,2000,0.7,0.5,8,52,21,0.495238095238095,1,0.495238095238095,0.5,0.301369863013699,0.523809523809524,0.211538461538462,,156.949237346649
WGCNA,2000,0.7,0.5,8,52,21,0.495238095238095,1,0.562359288578169,0.55878084179971,0.328767123287671,0.571428571428571,0.230769230769231,,1.19617247581482
ASCEND,2000,0.7,0.5,9,62,7,0.590476190476191,0.923809523809524,0.734442354102023,0.602588147036759,0.202898550724638,1,0.112903225806452,0.857142857142857,0.628596305847168
GENIE3,2000,0.7,0.5,9,62,7,0.590476190476191,1,0.679476099670417,0.553638409602401,0.173913043478261,0.857142857142857,0.0967741935483871,,165.126738786697
ARACNE,2000,0.7,0.5,9,62,7,0.590476190476191,1,0.590476190476191,0.5,0.202898550724638,1,0.112903225806452,,152.56428027153
WGCNA,2000,0.7,0.5,9,62,7,0.590476190476191,1,0.729819559838007,0.64178544636159,0.202898550724638,1,0.112903225806452,,1.27404975891113
ASCEND,2000,0.7,0.5,10,59,0,0.561904761904762,0.952380952380952,0.643072828265296,0.542372881355932,,,0,,0.430291175842285
GENIE3,2000,0.7,0.5,10,59,0,0.561904761904762,1,0.57886161355925,0.518791451731761,,,0,,167.774153470993
ARACNE,2000,0.7,0.5,10,59,0,0.561904761904762,1,0.561904761904762,0.5,,,0,,152.040925264359
WGCNA,2000,0.7,0.5,10,59,0,0.561904761904762,1,0.603459928666002,0.525792188651437,,,0,,1.15649437904358
ASCEND,2000,0.7,0.5,11,71,28,0.676190476190476,0.980952380952381,0.758202966411619,0.600455675227838,0.464646464646465,0.821428571428571,0.323943661971831,0.714285714285714,0.976636648178101
GENIE3,2000,0.7,0.5,11,71,28,0.676190476190476,1,0.70914781414157,0.512013256006628,0.343434343434343,0.607142857142857,0.23943661971831,,165.269064664841
ARACNE,2000,0.7,0.5,11,71,28,0.676190476190476,1,0.676190476190476,0.5,0.282828282828283,0.5,0.197183098591549,,87.9531602859497
WGCNA,2000,0.7,0.5,11,71,28,0.676190476190476,1,0.600760977477074,0.555923777961889,0.323232323232323,0.571428571428571,0.225352112676056,,0.615409374237061
ASCEND,2000,0.7,0.5,12,68,12,0.647619047619048,0.942857142857143,0.737173458870859,0.588235294117647,0.25,0.833333333333333,0.147058823529412,0.666666666666667,1.01457834243774
GENIE3,2000,0.7,0.5,12,68,12,0.647619047619048,1,0.649400251801004,0.504372019077901,0.15,0.5,0.0882352941176471,,166.217539310455
ARACNE,2000,0.7,0.5,12,68,12,0.647619047619048,1,0.647619047619048,0.5,0.175,0.583333333333333,0.102941176470588,,156.473914384842
WGCNA,2000,0.7,0.5,12,68,12,0.647619047619048,1,0.716518438295736,0.542130365659777,0.25,0.833333333333333,0.147058823529412,,0.658826589584351
ASCEND,2000,0.7,0.5,13,50,19,0.476190476190476,0.952380952380952,0.589414141131039,0.604363636363636,0.376811594202899,0.68421052631579,0.26,0.210526315789474,0.88420581817627
GENIE3,2000,0.7,0.5,13,50,19,0.476190476190476,1,0.680408430223149,0.692363636363636,0.405797101449276,0.736842105263158,0.28,,166.989452362061
ARACNE,2000,0.7,0.5,13,50,19,0.476190476190476,1,0.476190476190476,0.5,0.173913043478261,0.315789473684211,0.12,,85.5930454730988
WGCNA,2000,0.7,0.5,13,50,19,0.476190476190476,1,0.57191247816975,0.539636363636364,0.347826086956522,0.631578947368421,0.24,,0.630531787872315
ASCEND,2000,0.7,0.5,14,51,8,0.485714285714286,0.961904761904762,0.634723959138421,0.597857661583152,0.23728813559322,0.875,0.137254901960784,0.75,0.738724946975708
GENIE3,2000,0.7,0.5,14,51,8,0.485714285714286,1,0.573053738967753,0.599128540305011,0.169491525423729,0.625,0.0980392156862745,,166.567842483521
ARACNE,2000,0.7,0.5,14,51,8,0.485714285714286,1,0.485714285714286,0.5,0.169491525423729,0.625,0.0980392156862745,,151.785970449448
WGCNA,2000,0.7,0.5,14,51,8,0.485714285714286,1,0.570869883720836,0.520152505446623,0.169491525423729,0.625,0.0980392156862745,,0.697625637054443
ASCEND,2000,0.7,0.5,15,68,3,0.647619047619048,0.980952380952381,0.709388101487745,0.536764705882353,0.0845070422535211,1,0.0441176470588235,0,0.643453359603882
GENIE3,2000,0.7,0.5,15,68,3,0.647619047619048,1,0.68297674990738,0.528616852146264,0.0845070422535211,1,0.0441176470588235,,167.607064008713
ARACNE,2000,0.7,0.5,15,68,3,0.647619047619048,1,0.647619047619048,0.5,0.0563380281690141,0.666666666666667,0.0294117647058824,,155.183613300323
WGCNA,2000,0.7,0.5,15,68,3,0.647619047619048,1,0.69268416746986,0.541534181240064,0.0563380281690141,0.666666666666667,0.0294117647058824,,1.06241941452026
ASCEND,2000,0.7,0.5,16,50,18,0.476190476190476,0.961904761904762,0.70940799811522,0.680363636363636,0.470588235294118,0.888888888888889,0.32,0.833333333333333,0.891755342483521
GENIE3,2000,0.7,0.5,16,50,18,0.476190476190476,1,0.550678607507246,0.529090909090909,0.264705882352941,0.5,0.18,,167.568855047226
ARACNE,2000,0.7,0.5,16,50,18,0.476190476190476,1,0.476190476190476,0.5,0.323529411764706,0.611111111111111,0.22,,156.423636674881
WGCNA,2000,0.7,0.5,16,50,18,0.476190476190476,1,0.506323285952896,0.534909090909091,0.205882352941176,0.388888888888889,0.14,,1.02756094932556
ASCEND,2000,0.7,0.5,17,48,14,0.457142857142857,0.961904761904762,0.698302455870268,0.667580409356725,0.419354838709677,0.928571428571429,0.270833333333333,0.357142857142857,0.57900881767273
GENIE3,2000,0.7,0.5,17,48,14,0.457142857142857,1,0.604565652036548,0.633406432748538,0.258064516129032,0.571428571428571,0.166666666666667,,123.054201841354
ARACNE,2000,0.7,0.5,17,48,14,0.457142857142857,1,0.457142857142857,0.5,0.0967741935483871,0.214285714285714,0.0625,,84.563930273056
WGCNA,2000,0.7,0.5,17,48,14,0.457142857142857,1,0.455369235147708,0.516812865497076,0.129032258064516,0.285714285714286,0.0833333333333333,,0.670548677444458
ASCEND,2000,0.7,0.5,18,72,7,0.685714285714286,0.933333333333333,0.761492087844102,0.573653198653199,0.151898734177215,0.857142857142857,0.0833333333333333,0.571428571428571,0.807985544204712
GENIE3,2000,0.7,0.5,18,72,7,0.685714285714286,1,0.71599904763153,0.542087542087542,0.10126582278481,0.571428571428571,0.0555555555555556,,165.964349269867
ARACNE,2000,0.7,0.5,18,72,7,0.685714285714286,1,0.685714285714286,0.5,0.10126582278481,0.571428571428571,0.0555555555555556,,153.530221700668
WGCNA,2000,0.7,0.5,18,72,7,0.685714285714286,1,0.678151134225124,0.540614478114478,0.126582278481013,0.714285714285714,0.0694444444444445,,1.18475532531738
ASCEND,2000,0.7,0.5,19,44,8,0.419047619047619,0.933333333333333,0.643957313357808,0.649590163934426,0.269230769230769,0.875,0.159090909090909,0.375,0.817674875259399
GENIE3,2000,0.7,0.5,19,44,8,0.419047619047619,1,0.484889160461644,0.56892697466468,0.192307692307692,0.625,0.113636363636364,,165.594424247742
ARACNE,2000,0.7,0.5,19,44,8,0.419047619047619,1,0.419047619047619,0.5,0.0769230769230769,0.25,0.0454545454545455,,155.7046687603
WGCNA,2000,0.7,0.5,19,44,8,0.419047619047619,1,0.409712683438686,0.524962742175857,0.0769230769230769,0.25,0.0454545454545455,,1.20169425010681
ASCEND,2000,0.7,0.5,20,42,16,0.4,0.942857142857143,0.485936170692612,0.581443688586546,0.310344827586207,0.5625,0.214285714285714,0.375,0.917630910873413
GENIE3,2000,0.7,0.5,20,42,16,0.4,1,0.593000343055738,0.610355253212396,0.344827586206897,0.625,0.238095238095238,,133.444571256638
ARACNE,2000,0.7,0.5,20,42,16,0.4,1,0.4,0.5,0.206896551724138,0.375,0.142857142857143,,86.018141746521
WGCNA,2000,0.7,0.5,20,42,16,0.4,1,0.470409020017975,0.547996976568405,0.275862068965517,0.5,0.19047619047619,,0.622905254364014
ASCEND,2000,0.7,0.5,21,58,5,0.552380952380952,0.971428571428571,0.670988073780021,0.568965517241379,0.158730158730159,1,0.0862068965517242,0.4,0.276181221008301
GENIE3,2000,0.7,0.5,21,58,5,0.552380952380952,1,0.696503235150959,0.591709464416728,0.158730158730159,1,0.0862068965517242,,128.064507246017
ARACNE,2000,0.7,0.5,21,58,5,0.552380952380952,1,0.552380952380952,0.5,0.0317460317460317,0.2,0.0172413793103448,,85.8010621070862
WGCNA,2000,0.7,0.5,21,58,5,0.552380952380952,1,0.540035516083012,0.517241379310345,0.0634920634920635,0.4,0.0344827586206897,,0.654262781143189
ASCEND,2000,0.7,0.5,22,62,20,0.590476190476191,0.971428571428571,0.724768430432503,0.624718679669917,0.414634146341463,0.85,0.274193548387097,0.6,0.674322605133057
GENIE3,2000,0.7,0.5,22,62,20,0.590476190476191,1,0.637283416758202,0.507126781695424,0.317073170731707,0.65,0.209677419354839,,172.101537466049
ARACNE,2000,0.7,0.5,22,62,20,0.590476190476191,1,0.590476190476191,0.5,0.219512195121951,0.45,0.145161290322581,,108.308013916016
WGCNA,2000,0.7,0.5,22,62,20,0.590476190476191,1,0.53337016485861,0.526444111027757,0.170731707317073,0.35,0.112903225806452,,0.989723920822144
ASCEND,2000,0.7,0.5,23,69,14,0.657142857142857,0.980952380952381,0.736067121896059,0.572866344605475,0.289156626506024,0.857142857142857,0.173913043478261,0.857142857142857,0.342159986495972
GENIE3,2000,0.7,0.5,23,69,14,0.657142857142857,1,0.74708442964594,0.60024154589372,0.313253012048193,0.928571428571429,0.188405797101449,,130.310200214386
ARACNE,2000,0.7,0.5,23,69,14,0.657142857142857,1,0.657142857142857,0.5,0.0963855421686747,0.285714285714286,0.0579710144927536,,86.9314477443695
WGCNA,2000,0.7,0.5,23,69,14,0.657142857142857,1,0.701182366833974,0.538647342995169,0.240963855421687,0.714285714285714,0.144927536231884,,0.60480260848999
ASCEND,2000,0.7,0.5,24,48,9,0.457142857142857,0.942857142857143,0.615188811816636,0.600877192982456,0.280701754385965,0.888888888888889,0.166666666666667,0.222222222222222,0.582208156585693
GENIE3,2000,0.7,0.5,24,48,9,0.457142857142857,1,0.59845944236198,0.570175438596491,0.280701754385965,0.888888888888889,0.166666666666667,,171.196597576141
ARACNE,2000,0.7,0.5,24,48,9,0.457142857142857,1,0.457142857142857,0.5,0.210526315789474,0.666666666666667,0.125,,111.64126086235
WGCNA,2000,0.7,0.5,24,48,9,0.457142857142857,1,0.51934826252515,0.566520467836257,0.175438596491228,0.555555555555556,0.104166666666667,,0.600811004638672
ASCEND,2000,0.7,0.5,25,50,8,0.476190476190476,0.952380952380952,0.688196563827439,0.63,0.275862068965517,1,0.16,0.875,0.262275457382202
GENIE3,2000,0.7,0.5,25,50,8,0.476190476190476,1,0.670943939546158,0.662545454545455,0.241379310344828,0.875,0.14,,129.540953159332
ARACNE,2000,0.7,0.5,25,50,8,0.476190476190476,1,0.476190476190476,0.5,0.0689655172413793,0.25,0.04,,154.432317972183
WGCNA,2000,0.7,0.5,25,50,8,0.476190476190476,1,0.569268466349711,0.644363636363636,0.172413793103448,0.625,0.1,,0.930510759353638
ASCEND,2000,0.7,0.5,26,76,7,0.723809523809524,0.885714285714286,0.842612183147926,0.625,0.168674698795181,1,0.0921052631578947,0.142857142857143,0.318306922912598
GENIE3,2000,0.7,0.5,26,76,7,0.723809523809524,1,0.741843737238642,0.534936479128857,0.0963855421686747,0.571428571428571,0.0526315789473684,,129.963159561157
ARACNE,2000,0.7,0.5,26,76,7,0.723809523809524,1,0.723809523809524,0.5,0.0240963855421687,0.142857142857143,0.0131578947368421,,115.375663280487
WGCNA,2000,0.7,0.5,26,76,7,0.723809523809524,1,0.770406832720069,0.526315789473684,0.144578313253012,0.857142857142857,0.0789473684210526,,0.610008001327515
ASCEND,2000,0.7,0.5,27,68,26,0.647619047619048,0.923809523809524,0.803348106649457,0.682631160572337,0.48936170212766,0.884615384615385,0.338235294117647,0.769230769230769,0.859021902084351
GENIE3,2000,0.7,0.5,27,68,26,0.647619047619048,1,0.760468600466831,0.613275039745628,0.446808510638298,0.807692307692308,0.308823529411765,,168.778582572937
ARACNE,2000,0.7,0.5,27,68,26,0.647619047619048,1,0.647619047619048,0.5,0.340425531914894,0.615384615384615,0.235294117647059,,130.826519012451
WGCNA,2000,0.7,0.5,27,68,26,0.647619047619048,1,0.644397524214074,0.504372019077901,0.382978723404255,0.692307692307692,0.264705882352941,,0.603170156478882
ASCEND,2000,0.7,0.5,28,48,16,0.457142857142857,0.914285714285714,0.728770239394594,0.71875,0.4375,0.875,0.291666666666667,0.5625,0.71180009841919
GENIE3,2000,0.7,0.5,28,48,16,0.457142857142857,1,0.644393902540343,0.670687134502924,0.40625,0.8125,0.270833333333333,,168.951104879379
ARACNE,2000,0.7,0.5,28,48,16,0.457142857142857,1,0.457142857142857,0.5,0.40625,0.8125,0.270833333333333,,116.94543838501
WGCNA,2000,0.7,0.5,28,48,16,0.457142857142857,1,0.552879148577929,0.580043859649123,0.3125,0.625,0.208333333333333,,0.574688673019409
ASCEND,2000,0.7,0.5,29,69,6,0.657142857142857,0.876190476190476,0.769326752367433,0.613929146537842,0.133333333333333,0.833333333333333,0.072463768115942,0.333333333333333,0.729624032974243
GENIE3,2000,0.7,0.5,29,69,6,0.657142857142857,1,0.645374490709005,0.533816425120773,0.08,0.5,0.0434782608695652,,169.549697875977
ARACNE,2000,0.7,0.5,29,69,6,0.657142857142857,1,0.657142857142857,0.5,0.16,1,0.0869565217391304,,90.6520185470581
WGCNA,2000,0.7,0.5,29,69,6,0.657142857142857,1,0.748811590076886,0.539452495974235,0.16,1,0.0869565217391304,,0.758582830429077
ASCEND,2000,0.7,0.5,30,69,13,0.657142857142857,0.923809523809524,0.744488426824649,0.588164251207729,0.268292682926829,0.846153846153846,0.159420289855072,0.692307692307692,0.808604001998901
GENIE3,2000,0.7,0.5,30,69,13,0.657142857142857,1,0.739456632662402,0.578502415458937,0.24390243902439,0.769230769230769,0.144927536231884,,136.080052375793
ARACNE,2000,0.7,0.5,30,69,13,0.657142857142857,1,0.657142857142857,0.5,0.146341463414634,0.461538461538462,0.0869565217391304,,88.8280529975891
WGCNA,2000,0.7,0.5,30,69,13,0.657142857142857,1,0.688602099190687,0.556763285024155,0.24390243902439,0.769230769230769,0.144927536231884,,0.617205381393433
ASCEND,2000,0.7,0.5,31,65,15,0.619047619047619,0.980952380952381,0.782400632309176,0.630769230769231,0.375,1,0.230769230769231,0.866666666666667,0.308983564376831
GENIE3,2000,0.7,0.5,31,65,15,0.619047619047619,1,0.764382697996715,0.682307692307692,0.275,0.733333333333333,0.169230769230769,,137.822330713272
ARACNE,2000,0.7,0.5,31,65,15,0.619047619047619,1,0.619047619047619,0.5,0.225,0.6,0.138461538461538,,87.0736865997315
WGCNA,2000,0.7,0.5,31,65,15,0.619047619047619,1,0.663933869300898,0.505,0.275,0.733333333333333,0.169230769230769,,0.620820283889771
ASCEND,2000,0.7,0.5,32,78,23,0.742857142857143,0.961904761904762,0.880071463227068,0.673076923076923,0.455445544554456,1,0.294871794871795,0.956521739130435,0.330121517181397
GENIE3,2000,0.7,0.5,32,78,23,0.742857142857143,1,0.829379358072556,0.622032288698955,0.356435643564357,0.782608695652174,0.230769230769231,,129.289556026459
ARACNE,2000,0.7,0.5,32,78,23,0.742857142857143,1,0.742857142857143,0.5,0.336633663366337,0.739130434782609,0.217948717948718,,92.7634994983673
WGCNA,2000,0.7,0.5,32,78,23,0.742857142857143,1,0.725244300301036,0.564102564102564,0.297029702970297,0.652173913043478,0.192307692307692,,0.635331153869629
ASCEND,2000,0.7,0.5,33,48,18,0.457142857142857,0.942857142857143,0.607658788314548,0.632675438596491,0.393939393939394,0.722222222222222,0.270833333333333,0.166666666666667,0.386912107467651
GENIE3,2000,0.7,0.5,33,48,18,0.457142857142857,1,0.659528939071429,0.660818713450292,0.363636363636364,0.666666666666667,0.25,,128.035840511322
ARACNE,2000,0.7,0.5,33,48,18,0.457142857142857,1,0.457142857142857,0.5,0.303030303030303,0.555555555555556,0.208333333333333,,92.5469353199005
WGCNA,2000,0.7,0.5,33,48,18,0.457142857142857,1,0.507532757243939,0.511513157894737,0.333333333333333,0.611111111111111,0.229166666666667,,1.00738859176636
ASCEND,2000,0.7,0.5,34,62,17,0.590476190476191,0.923809523809524,0.750220284406093,0.630907726931733,0.405063291139241,0.941176470588235,0.258064516129032,0.705882352941177,0.419612169265747
GENIE3,2000,0.7,0.5,34,62,17,0.590476190476191,1,0.66716741425731,0.536384096024006,0.278481012658228,0.647058823529412,0.17741935483871,,167.581964254379
ARACNE,2000,0.7,0.5,34,62,17,0.590476190476191,1,0.590476190476191,0.5,0.253164556962025,0.588235294117647,0.161290322580645,,142.226531744003
WGCNA,2000,0.7,0.5,34,62,17,0.590476190476191,1,0.51634074725017,0.578394598649662,0.151898734177215,0.352941176470588,0.0967741935483871,,0.602327108383179
ASCEND,2000,0.7,0.5,35,92,29,0.876190476190476,0.914285714285714,0.89458822998585,0.563545150501672,0.429752066115702,0.896551724137931,0.282608695652174,0.310344827586207,0.712875366210938
GENIE3,2000,0.7,0.5,35,92,29,0.876190476190476,1,0.912881072207756,0.57943143812709,0.446280991735537,0.931034482758621,0.293478260869565,,168.529884815216
ARACNE,2000,0.7,0.5,35,92,29,0.876190476190476,1,0.876190476190476,0.5,0.413223140495868,0.862068965517241,0.271739130434783,,121.649202346802
WGCNA,2000,0.7,0.5,35,92,29,0.876190476190476,1,0.8497986768103,0.637959866220736,0.396694214876033,0.827586206896552,0.260869565217391,,0.590908765792847
ASCEND,2000,0.7,0.5,36,74,12,0.704761904761905,0.952380952380952,0.764742347183556,0.56691368788143,0.232558139534884,0.833333333333333,0.135135135135135,0.583333333333333,0.621402263641357
GENIE3,2000,0.7,0.5,36,74,12,0.704761904761905,1,0.749376172681849,0.576721883173496,0.209302325581395,0.75,0.121621621621622,,154.558761835098
ARACNE,2000,0.7,0.5,36,74,12,0.704761904761905,1,0.704761904761905,0.5,0.186046511627907,0.666666666666667,0.108108108108108,,83.7555913925171
WGCNA,2000,0.7,0.5,36,74,12,0.704761904761905,1,0.661040219450315,0.579773321708806,0.162790697674419,0.583333333333333,0.0945945945945946,,0.987643718719482
ASCEND,2000,0.7,0.5,37,58,23,0.552380952380952,0.971428571428571,0.73499865703028,0.664710198092443,0.493827160493827,0.869565217391304,0.344827586206897,0.695652173913044,0.349147796630859
GENIE3,2000,0.7,0.5,37,58,23,0.552380952380952,1,0.785887931499161,0.730007336757153,0.493827160493827,0.869565217391304,0.344827586206897,,126.793942213058
ARACNE,2000,0.7,0.5,37,58,23,0.552380952380952,1,0.552380952380952,0.5,0.493827160493827,0.869565217391304,0.344827586206897,,91.2466220855713
WGCNA,2000,0.7,0.5,37,58,23,0.552380952380952,1,0.657254435656531,0.577035950110051,0.395061728395062,0.695652173913044,0.275862068965517,,0.649202823638916
ASCEND,2000,0.7,0.5,38,51,32,0.485714285714286,0.990476190476191,0.760574899563607,0.746550472040668,0.674698795180723,0.875,0.549019607843137,0.71875,0.840129375457764
GENIE3,2000,0.7,0.5,38,51,32,0.485714285714286,1,0.662618439160785,0.713507625272331,0.481927710843373,0.625,0.392156862745098,,167.203719854355
ARACNE,2000,0.7,0.5,38,51,32,0.485714285714286,1,0.485714285714286,0.5,0.289156626506024,0.375,0.235294117647059,,83.0511076450348
WGCNA,2000,0.7,0.5,38,51,32,0.485714285714286,1,0.441266167535882,0.56318082788671,0.337349397590361,0.4375,0.274509803921569,,0.588445901870728
ASCEND,2000,0.7,0.5,39,65,14,0.619047619047619,0.990476190476191,0.681165410980989,0.554230769230769,0.278481012658228,0.785714285714286,0.169230769230769,0.714285714285714,0.522570610046387
GENIE3,2000,0.7,0.5,39,65,14,0.619047619047619,1,0.766470006921685,0.605384615384615,0.354430379746835,1,0.215384615384615,,168.829593658447
ARACNE,2000,0.7,0.5,39,65,14,0.619047619047619,1,0.619047619047619,0.5,0.253164556962025,0.714285714285714,0.153846153846154,,142.603856563568
WGCNA,2000,0.7,0.5,39,65,14,0.619047619047619,1,0.554206264851214,0.621923076923077,0.177215189873418,0.5,0.107692307692308,,0.565682649612427
ASCEND,2000,0.7,0.5,40,63,18,0.6,0.923809523809524,0.831204506465296,0.706349206349206,0.444444444444444,1,0.285714285714286,0.5,0.383754968643189
GENIE3,2000,0.7,0.5,40,63,18,0.6,1,0.718076504099459,0.624338624338624,0.320987654320988,0.722222222222222,0.206349206349206,,129.414122819901
ARACNE,2000,0.7,0.5,40,63,18,0.6,1,0.6,0.5,0.17283950617284,0.388888888888889,0.111111111111111,,86.8397121429443
WGCNA,2000,0.7,0.5,40,63,18,0.6,1,0.632763401881056,0.532879818594104,0.296296296296296,0.666666666666667,0.19047619047619,,0.611329317092896
ASCEND,2000,0.7,0.5,41,53,17,0.504761904761905,0.961904761904762,0.691099122655036,0.642597968069666,0.428571428571429,0.882352941176471,0.283018867924528,0.529411764705882,0.368549823760986
GENIE3,2000,0.7,0.5,41,53,17,0.504761904761905,1,0.609362595329317,0.549709724238026,0.342857142857143,0.705882352941177,0.226415094339623,,124.031499147415
ARACNE,2000,0.7,0.5,41,53,17,0.504761904761905,1,0.504761904761905,0.5,0.285714285714286,0.588235294117647,0.188679245283019,,80.0812666416168
WGCNA,2000,0.7,0.5,41,53,17,0.504761904761905,1,0.527183580339387,0.537735849056604,0.285714285714286,0.588235294117647,0.188679245283019,,0.617592573165894
ASCEND,2000,0.7,0.5,42,43,7,0.40952380952381,0.980952380952381,0.606955524976698,0.604651162790698,0.28,1,0.162790697674419,0.857142857142857,0.349307775497437
GENIE3,2000,0.7,0.5,42,43,7,0.40952380952381,1,0.586121683437826,0.654913728432108,0.2,0.714285714285714,0.116279069767442,,135.187120199204
ARACNE,2000,0.7,0.5,42,43,7,0.40952380952381,1,0.40952380952381,0.5,0.12,0.428571428571429,0.0697674418604651,,69.6607117652893
WGCNA,2000,0.7,0.5,42,43,7,0.40952380952381,1,0.475609672573662,0.515753938484621,0.12,0.428571428571429,0.0697674418604651,,0.545872688293457
ASCEND,2000,0.7,0.5,43,49,12,0.466666666666667,0.990476190476191,0.644346389626702,0.613338192419825,0.360655737704918,0.916666666666667,0.224489795918367,0.5,0.378199338912964
GENIE3,2000,0.7,0.5,43,49,12,0.466666666666667,1,0.610163390033297,0.602769679300292,0.295081967213115,0.75,0.183673469387755,,124.752331495285
ARACNE,2000,0.7,0.5,43,49,12,0.466666666666667,1,0.466666666666667,0.5,0.229508196721311,0.583333333333333,0.142857142857143,,83.6191527843475
WGCNA,2000,0.7,0.5,43,49,12,0.466666666666667,1,0.526204479810262,0.527879008746356,0.229508196721311,0.583333333333333,0.142857142857143,,0.562024354934692
ASCEND,2000,0.7,0.5,44,68,26,0.647619047619048,0.961904761904762,0.764959059625148,0.633942766295708,0.468085106382979,0.846153846153846,0.323529411764706,0.769230769230769,0.371578931808472
GENIE3,2000,0.7,0.5,44,68,26,0.647619047619048,1,0.714233642820958,0.557631160572337,0.404255319148936,0.730769230769231,0.279411764705882,,122.963491916657
ARACNE,2000,0.7,0.5,44,68,26,0.647619047619048,1,0.647619047619048,0.5,0.25531914893617,0.461538461538462,0.176470588235294,,70.1926300525665
WGCNA,2000,0.7,0.5,44,68,26,0.647619047619048,1,0.640899293957623,0.505564387917329,0.361702127659575,0.653846153846154,0.25,,0.589355707168579
ASCEND,2000,0.7,0.5,45,54,15,0.514285714285714,0.971428571428571,0.617955102695577,0.588235294117647,0.318840579710145,0.733333333333333,0.203703703703704,0.266666666666667,0.667725801467896
GENIE3,2000,0.7,0.5,45,54,15,0.514285714285714,1,0.643553715521467,0.543572984749455,0.318840579710145,0.733333333333333,0.203703703703704,,143.680476665497
ARACNE,2000,0.7,0.5,45,54,15,0.514285714285714,1,0.514285714285714,0.5,0.231884057971015,0.533333333333333,0.148148148148148,,70.2725486755371
WGCNA,2000,0.7,0.5,45,54,15,0.514285714285714,1,0.59295863848812,0.560275962236747,0.231884057971015,0.533333333333333,0.148148148148148,,0.592665910720825
ASCEND,2000,0.7,0.5,46,55,9,0.523809523809524,0.942857142857143,0.726997316434701,0.636363636363636,0.28125,1,0.163636363636364,0.666666666666667,0.275732278823853
GENIE3,2000,0.7,0.5,46,55,9,0.523809523809524,1,0.664116531879961,0.638181818181818,0.25,0.888888888888889,0.145454545454545,,120.069812774658
ARACNE,2000,0.7,0.5,46,55,9,0.523809523809524,1,0.523809523809524,0.5,0.1875,0.666666666666667,0.109090909090909,,94.6378123760223
WGCNA,2000,0.7,0.5,46,55,9,0.523809523809524,1,0.533878323524305,0.526545454545455,0.125,0.444444444444444,0.0727272727272727,,0.550724744796753
ASCEND,2000,0.7,0.5,47,57,7,0.542857142857143,0.990476190476191,0.624553727696704,0.550804093567252,0.1875,0.857142857142857,0.105263157894737,0.714285714285714,0.254733085632324
GENIE3,2000,0.7,0.5,47,57,7,0.542857142857143,1,0.565772861994947,0.513523391812865,0.09375,0.428571428571429,0.0526315789473684,,103.360328674316
ARACNE,2000,0.7,0.5,47,57,7,0.542857142857143,1,0.542857142857143,0.5,0.125,0.571428571428571,0.0701754385964912,,70.3925421237946
WGCNA,2000,0.7,0.5,47,57,7,0.542857142857143,1,0.697388034458027,0.64766081871345,0.1875,0.857142857142857,0.105263157894737,,0.649129867553711
ASCEND,2000,0.7,0.5,48,71,8,0.676190476190476,0.952380952380952,0.751884480775244,0.568765534382767,0.177215189873418,0.875,0.0985915492957746,0.375,0.238517045974731
GENIE3,2000,0.7,0.5,48,71,8,0.676190476190476,1,0.789223003226713,0.648301574150787,0.177215189873418,0.875,0.0985915492957746,,107.06386590004
ARACNE,2000,0.7,0.5,48,71,8,0.676190476190476,1,0.676190476190476,0.5,0.20253164556962,1,0.112676056338028,,69.9350266456604
WGCNA,2000,0.7,0.5,48,71,8,0.676190476190476,1,0.62425640991871,0.615161557580779,0.126582278481013,0.625,0.0704225352112676,,0.548492908477783
ASCEND,2000,0.7,0.5,49,67,8,0.638095238095238,0.933333333333333,0.778582599627786,0.611940298507463,0.213333333333333,1,0.119402985074627,0.625,0.327430009841919
GENIE3,2000,0.7,0.5,49,67,8,0.638095238095238,1,0.762279804556299,0.593479968578162,0.213333333333333,1,0.119402985074627,,111.094030857086
ARACNE,2000,0.7,0.5,49,67,8,0.638095238095238,1,0.638095238095238,0.5,0.16,0.75,0.0895522388059701,,69.7713799476624
WGCNA,2000,0.7,0.5,49,67,8,0.638095238095238,1,0.715402326564522,0.58974862529458,0.16,0.75,0.0895522388059701,,0.550904273986816
ASCEND,2000,0.7,0.5,50,58,18,0.552380952380952,0.961904761904762,0.716129056122662,0.633712399119589,0.421052631578947,0.888888888888889,0.275862068965517,0.833333333333333,0.347567558288574
GENIE3,2000,0.7,0.5,50,58,18,0.552380952380952,1,0.748631459807433,0.641599413059428,0.394736842105263,0.833333333333333,0.258620689655172,,126.022050142288
ARACNE,2000,0.7,0.5,50,58,18,0.552380952380952,1,0.552380952380952,0.5,0.236842105263158,0.5,0.155172413793103,,69.4729323387146
WGCNA,2000,0.7,0.5,50,58,18,0.552380952380952,1,0.641343721292662,0.607850330154072,0.315789473684211,0.666666666666667,0.206896551724138,,0.546885967254639
ASCEND,2000,0.7,0.7,1,56,19,0.533333333333333,0.971428571428571,0.695226063470053,0.637390670553936,0.426666666666667,0.842105263157895,0.285714285714286,0.210526315789474,0.548568964004517
GENIE3,2000,0.7,0.7,1,56,19,0.533333333333333,1,0.550734850994358,0.524052478134111,0.24,0.473684210526316,0.160714285714286,,162.34180355072
ARACNE,2000,0.7,0.7,1,56,19,0.533333333333333,1,0.533333333333333,0.5,0.293333333333333,0.578947368421053,0.196428571428571,,153.451991319656
WGCNA,2000,0.7,0.7,1,56,19,0.533333333333333,1,0.536814443336345,0.514941690962099,0.266666666666667,0.526315789473684,0.178571428571429,,1.20675659179688
ASCEND,2000,0.7,0.7,2,59,24,0.561904761904762,0.990476190476191,0.575340124281365,0.516580692704495,0.337349397590361,0.583333333333333,0.23728813559322,0.291666666666667,0.41540265083313
GENIE3,2000,0.7,0.7,2,59,24,0.561904761904762,1,0.637690683924741,0.604642593957259,0.385542168674699,0.666666666666667,0.271186440677966,,120.941387414932
ARACNE,2000,0.7,0.7,2,59,24,0.561904761904762,1,0.561904761904762,0.5,0.265060240963855,0.458333333333333,0.186440677966102,,84.4644138813019
WGCNA,2000,0.7,0.7,2,59,24,0.561904761904762,1,0.597207691660888,0.518422991893884,0.36144578313253,0.625,0.254237288135593,,0.661278963088989
ASCEND,2000,0.7,0.7,3,59,18,0.561904761904762,0.961904761904762,0.763929305210874,0.666359616801769,0.441558441558442,0.944444444444444,0.288135593220339,0.666666666666667,0.519307851791382
GENIE3,2000,0.7,0.7,3,59,18,0.561904761904762,1,0.634243322943105,0.573691967575534,0.311688311688312,0.666666666666667,0.203389830508475,,122.279940366745
ARACNE,2000,0.7,0.7,3,59,18,0.561904761904762,1,0.561904761904762,0.5,0.363636363636364,0.777777777777778,0.23728813559322,,85.0131304264069
WGCNA,2000,0.7,0.7,3,59,18,0.561904761904762,1,0.612159094941715,0.574797347089167,0.311688311688312,0.666666666666667,0.203389830508475,,0.618615388870239
ASCEND,2000,0.7,0.7,4,37,16,0.352380952380952,0.980952380952381,0.675817317695952,0.70429252782194,0.566037735849057,0.9375,0.405405405405405,0.9375,0.395022630691528
GENIE3,2000,0.7,0.7,4,37,16,0.352380952380952,1,0.378857955598306,0.54570747217806,0.188679245283019,0.3125,0.135135135135135,,121.420262336731
ARACNE,2000,0.7,0.7,4,37,16,0.352380952380952,1,0.352380952380952,0.5,0.30188679245283,0.5,0.216216216216216,,103.898234605789
WGCNA,2000,0.7,0.7,4,37,16,0.352380952380952,1,0.296414579348212,0.566772655007949,0.150943396226415,0.25,0.108108108108108,,0.967317819595337
ASCEND,2000,0.7,0.7,5,22,6,0.20952380952381,0.971428571428571,0.427940163835946,0.620755750273823,0.357142857142857,0.833333333333333,0.227272727272727,0.666666666666667,0.426300287246704
GENIE3,2000,0.7,0.7,5,22,6,0.20952380952381,1,0.236939714264477,0.535049288061336,0.142857142857143,0.333333333333333,0.0909090909090909,,120.659726858139
ARACNE,2000,0.7,0.7,5,22,6,0.20952380952381,1,0.20952380952381,0.5,0.0714285714285714,0.166666666666667,0.0454545454545455,,83.996209859848
WGCNA,2000,0.7,0.7,5,22,6,0.20952380952381,1,0.208257632860077,0.54381161007667,,0,0,,0.694554805755615
ASCEND,2000,0.7,0.7,6,42,9,0.4,0.971428571428571,0.576678988246288,0.604308390022676,0.313725490196078,0.888888888888889,0.19047619047619,0.555555555555556,0.338460445404053
GENIE3,2000,0.7,0.7,6,42,9,0.4,1,0.525181564533087,0.598639455782313,0.235294117647059,0.666666666666667,0.142857142857143,,121.029228448868
ARACNE,2000,0.7,0.7,6,42,9,0.4,1,0.4,0.5,0.274509803921569,0.777777777777778,0.166666666666667,,107.837427377701
WGCNA,2000,0.7,0.7,6,42,9,0.4,1,0.367762266304248,0.517384731670446,0.0784313725490196,0.222222222222222,0.0476190476190476,,0.976303577423096
ASCEND,2000,0.7,0.7,7,71,27,0.676190476190476,0.990476190476191,0.814334769758579,0.653272576636288,0.510204081632653,0.925925925925926,0.352112676056338,0.925925925925926,0.934873342514038
GENIE3,2000,0.7,0.7,7,71,27,0.676190476190476,1,0.74924581205014,0.587406793703397,0.408163265306122,0.740740740740741,0.28169014084507,,165.357976198196
ARACNE,2000,0.7,0.7,7,71,27,0.676190476190476,1,0.676190476190476,0.5,0.387755102040816,0.703703703703704,0.267605633802817,,156.888311862946
WGCNA,2000,0.7,0.7,7,71,27,0.676190476190476,1,0.792513173264452,0.661143330571665,0.428571428571429,0.777777777777778,0.295774647887324,,1.08007979393005
ASCEND,2000,0.7,0.7,8,59,11,0.561904761904762,0.990476190476191,0.716255879884981,0.601694915254237,0.314285714285714,1,0.186440677966102,0.909090909090909,0.503925323486328
GENIE3,2000,0.7,0.7,8,59,11,0.561904761904762,1,0.731699003351058,0.65659543109801,0.285714285714286,0.909090909090909,0.169491525423729,,121.841315031052
ARACNE,2000,0.7,0.7,8,59,11,0.561904761904762,1,0.561904761904762,0.5,0.2,0.636363636363636,0.11864406779661,,83.2635526657105
WGCNA,2000,0.7,0.7,8,59,11,0.561904761904762,1,0.525834869870096,0.528002947678703,0.171428571428571,0.545454545454545,0.101694915254237,,0.677977561950684
ASCEND,2000,0.7,0.7,9,46,7,0.438095238095238,0.980952380952381,0.619516832089325,0.597826086956522,0.264150943396226,1,0.152173913043478,0.714285714285714,0.873711347579956
GENIE3,2000,0.7,0.7,9,46,7,0.438095238095238,1,0.396377576997042,0.562269712601327,0.0377358490566038,0.142857142857143,0.0217391304347826,,164.739307165146
ARACNE,2000,0.7,0.7,9,46,7,0.438095238095238,1,0.438095238095238,0.5,0.113207547169811,0.428571428571429,0.0652173913043478,,154.312320709229
WGCNA,2000,0.7,0.7,9,46,7,0.438095238095238,1,0.437898070536957,0.509948415622697,0.113207547169811,0.428571428571429,0.0652173913043478,,1.2186496257782
ASCEND,2000,0.7,0.7,10,71,6,0.676190476190476,0.961904761904762,0.768620066066202,0.570422535211268,0.155844155844156,1,0.0845070422535211,0.5,0.663285493850708
GENIE3,2000,0.7,0.7,10,71,6,0.676190476190476,1,0.654939546948138,0.500414250207125,0.103896103896104,0.666666666666667,0.0563380281690141,,164.53537273407
ARACNE,2000,0.7,0.7,10,71,6,0.676190476190476,1,0.676190476190476,0.5,0.12987012987013,0.833333333333333,0.0704225352112676,,84.220288515091
WGCNA,2000,0.7,0.7,10,71,6,0.676190476190476,1,0.741721273693572,0.563794531897266,0.12987012987013,0.833333333333333,0.0704225352112676,,0.622272968292236
ASCEND,2000,0.7,0.7,11,69,17,0.657142857142857,0.942857142857143,0.686843518696697,0.537238325281804,0.27906976744186,0.705882352941177,0.173913043478261,0.470588235294118,1.02868819236755
GENIE3,2000,0.7,0.7,11,69,17,0.657142857142857,1,0.797022388216753,0.640901771336554,0.372093023255814,0.941176470588235,0.231884057971015,,164.501240253449
ARACNE,2000,0.7,0.7,11,69,17,0.657142857142857,1,0.657142857142857,0.5,0.209302325581395,0.529411764705882,0.130434782608696,,155.71529006958
WGCNA,2000,0.7,0.7,11,69,17,0.657142857142857,1,0.679609325086553,0.539855072463768,0.255813953488372,0.647058823529412,0.159420289855072,,1.18108606338501
ASCEND,2000,0.7,0.7,12,67,20,0.638095238095238,1,0.730871920062859,0.587391987431265,0.390804597701149,0.85,0.253731343283582,0.55,1.02501082420349
GENIE3,2000,0.7,0.7,12,67,20,0.638095238095238,1,0.682699205280519,0.521209740769835,0.344827586206897,0.75,0.223880597014925,,163.958832025528
ARACNE,2000,0.7,0.7,12,67,20,0.638095238095238,1,0.638095238095238,0.5,0.229885057471264,0.5,0.149253731343284,,155.587559938431
WGCNA,2000,0.7,0.7,12,67,20,0.638095238095238,1,0.655510660990178,0.507659073055774,0.275862068965517,0.6,0.17910447761194,,1.19209170341492
ASCEND,2000,0.7,0.7,13,63,28,0.6,0.980952380952381,0.666384598117024,0.576341647770219,0.43956043956044,0.714285714285714,0.317460317460317,0.607142857142857,1.03432655334473
GENIE3,2000,0.7,0.7,13,63,28,0.6,1,0.701108145371,0.577853363567649,0.43956043956044,0.714285714285714,0.317460317460317,,164.303543567657
ARACNE,2000,0.7,0.7,13,63,28,0.6,1,0.6,0.5,0.417582417582418,0.678571428571429,0.301587301587302,,155.019192934036
WGCNA,2000,0.7,0.7,13,63,28,0.6,1,0.623008010056798,0.534202569916856,0.461538461538462,0.75,0.333333333333333,,1.21088361740112
ASCEND,2000,0.7,0.7,14,47,7,0.447619047619048,0.990476190476191,0.562412710496013,0.565663976522377,0.222222222222222,0.857142857142857,0.127659574468085,0.571428571428571,0.715312480926514
GENIE3,2000,0.7,0.7,14,47,7,0.447619047619048,1,0.464535307303143,0.532648569332355,0.111111111111111,0.428571428571429,0.0638297872340426,,165.048908948898
ARACNE,2000,0.7,0.7,14,47,7,0.447619047619048,1,0.447619047619048,0.5,0.111111111111111,0.428571428571429,0.0638297872340426,,151.553083658218
WGCNA,2000,0.7,0.7,14,47,7,0.447619047619048,1,0.520929349579428,0.546038151137197,0.148148148148148,0.571428571428571,0.0851063829787234,,1.20113873481751
ASCEND,2000,0.7,0.7,15,69,25,0.657142857142857,0.961904761904762,0.834580531666521,0.688204508856683,0.51063829787234,0.96,0.347826086956522,0.84,0.993224859237671
GENIE3,2000,0.7,0.7,15,69,25,0.657142857142857,1,0.788097100667297,0.67914653784219,0.425531914893617,0.8,0.289855072463768,,165.181979417801
ARACNE,2000,0.7,0.7,15,69,25,0.657142857142857,1,0.657142857142857,0.5,0.404255319148936,0.76,0.27536231884058,,156.25258564949
WGCNA,2000,0.7,0.7,15,69,25,0.657142857142857,1,0.693766716082972,0.500201288244767,0.382978723404255,0.72,0.260869565217391,,1.13701367378235
ASCEND,2000,0.7,0.7,16,70,31,0.666666666666667,0.980952380952381,0.750101941560326,0.60469387755102,0.495049504950495,0.806451612903226,0.357142857142857,0.67741935483871,1.11843991279602
GENIE3,2000,0.7,0.7,16,70,31,0.666666666666667,1,0.713815441413734,0.539183673469388,0.435643564356436,0.709677419354839,0.314285714285714,,164.129038095474
ARACNE,2000,0.7,0.7,16,70,31,0.666666666666667,1,0.666666666666667,0.5,0.237623762376238,0.387096774193548,0.171428571428571,,156.621899366379
WGCNA,2000,0.7,0.7,16,70,31,0.666666666666667,1,0.709807058191197,0.511836734693878,0.376237623762376,0.612903225806452,0.271428571428571,,1.13514828681946
ASCEND,2000,0.7,0.7,17,61,26,0.580952380952381,1,0.616066936844607,0.537071535022355,0.390804597701149,0.653846153846154,0.278688524590164,0.576923076923077,0.516740560531616
GENIE3,2000,0.7,0.7,17,61,26,0.580952380952381,1,0.652058005853892,0.625931445603577,0.436781609195402,0.730769230769231,0.311475409836066,,122.139795064926
ARACNE,2000,0.7,0.7,17,61,26,0.580952380952381,1,0.580952380952381,0.5,0.32183908045977,0.538461538461538,0.229508196721311,,85.8728647232056
WGCNA,2000,0.7,0.7,17,61,26,0.580952380952381,1,0.564056186785151,0.505588673621461,0.367816091954023,0.615384615384615,0.262295081967213,,0.619672298431397
ASCEND,2000,0.7,0.7,18,56,12,0.533333333333333,0.980952380952381,0.666775960125361,0.588556851311953,0.323529411764706,0.916666666666667,0.196428571428571,0.75,1.02796506881714
GENIE3,2000,0.7,0.7,18,56,12,0.533333333333333,1,0.637752842999829,0.596209912536443,0.235294117647059,0.666666666666667,0.142857142857143,,163.389857530594
ARACNE,2000,0.7,0.7,18,56,12,0.533333333333333,1,0.533333333333333,0.5,0.235294117647059,0.666666666666667,0.142857142857143,,89.3982458114624
WGCNA,2000,0.7,0.7,18,56,12,0.533333333333333,1,0.542457868260027,0.530612244897959,0.176470588235294,0.5,0.107142857142857,,0.637482881546021
ASCEND,2000,0.7,0.7,19,50,2,0.476190476190476,0.990476190476191,0.546139416026241,0.53,0.0769230769230769,1,0.04,0.5,0.682045698165894
GENIE3,2000,0.7,0.7,19,50,2,0.476190476190476,1,0.54296782267402,0.520363636363636,0.0769230769230769,1,0.04,,165.071452140808
ARACNE,2000,0.7,0.7,19,50,2,0.476190476190476,1,0.476190476190476,0.5,0.0769230769230769,1,0.04,,87.7142813205719
WGCNA,2000,0.7,0.7,19,50,2,0.476190476190476,1,0.431115439574265,0.549818181818182,,0,0,,0.639078140258789
ASCEND,2000,0.7,0.7,20,75,25,0.714285714285714,0.942857142857143,0.750331964198664,0.558666666666667,0.38,0.76,0.253333333333333,0.56,1.16152620315552
GENIE3,2000,0.7,0.7,20,75,25,0.714285714285714,1,0.762333934346484,0.52,0.38,0.76,0.253333333333333,,122.918720722199
ARACNE,2000,0.7,0.7,20,75,25,0.714285714285714,1,0.714285714285714,0.5,0.36,0.72,0.24,,104.941368103027
WGCNA,2000,0.7,0.7,20,75,25,0.714285714285714,1,0.690124714392956,0.522888888888889,0.34,0.68,0.226666666666667,,1.01621294021606
ASCEND,2000,0.7,0.7,21,57,15,0.542857142857143,0.971428571428571,0.632258232332622,0.578947368421053,0.305555555555556,0.733333333333333,0.192982456140351,0.466666666666667,0.301886558532715
GENIE3,2000,0.7,0.7,21,57,15,0.542857142857143,1,0.572185226633001,0.566154970760234,0.222222222222222,0.533333333333333,0.140350877192982,,127.01770067215
ARACNE,2000,0.7,0.7,21,57,15,0.542857142857143,1,0.542857142857143,0.5,0.166666666666667,0.4,0.105263157894737,,114.044320106506
WGCNA,2000,0.7,0.7,21,57,15,0.542857142857143,1,0.560032493437588,0.54093567251462,0.25,0.6,0.157894736842105,,0.976518869400024
ASCEND,2000,0.7,0.7,22,69,29,0.657142857142857,0.980952380952381,0.644333501697401,0.512278582930757,0.36734693877551,0.620689655172414,0.260869565217391,0.275862068965517,0.432428598403931
GENIE3,2000,0.7,0.7,22,69,29,0.657142857142857,1,0.694878161681354,0.525764895330113,0.448979591836735,0.758620689655172,0.318840579710145,,124.303111314774
ARACNE,2000,0.7,0.7,22,69,29,0.657142857142857,1,0.657142857142857,0.5,0.36734693877551,0.620689655172414,0.260869565217391,,86.9645390510559
WGCNA,2000,0.7,0.7,22,69,29,0.657142857142857,1,0.670453277816296,0.509259259259259,0.408163265306122,0.689655172413793,0.289855072463768,,0.63857913017273
ASCEND,2000,0.7,0.7,23,62,33,0.590476190476191,0.980952380952381,0.696565779199742,0.621717929482371,0.526315789473684,0.757575757575758,0.403225806451613,0.606060606060606,0.42287540435791
GENIE3,2000,0.7,0.7,23,62,33,0.590476190476191,1,0.627936460767113,0.530007501875469,0.4,0.575757575757576,0.306451612903226,,125.782821893692
ARACNE,2000,0.7,0.7,23,62,33,0.590476190476191,1,0.590476190476191,0.5,0.442105263157895,0.636363636363636,0.338709677419355,,87.9314925670624
WGCNA,2000,0.7,0.7,23,62,33,0.590476190476191,1,0.632659874623263,0.542198049512378,0.421052631578947,0.606060606060606,0.32258064516129,,0.631280899047852
ASCEND,2000,0.7,0.7,24,93,38,0.885714285714286,0.980952380952381,0.862063703343481,0.57258064516129,0.488549618320611,0.842105263157895,0.344086021505376,0.578947368421053,0.780240535736084
GENIE3,2000,0.7,0.7,24,93,38,0.885714285714286,1,0.891643333121553,0.508960573476703,0.534351145038168,0.921052631578947,0.376344086021505,,169.290457248688
ARACNE,2000,0.7,0.7,24,93,38,0.885714285714286,1,0.885714285714286,0.5,0.519083969465649,0.894736842105263,0.365591397849462,,135.670613765717
WGCNA,2000,0.7,0.7,24,93,38,0.885714285714286,1,0.909498126807544,0.604390681003584,0.534351145038168,0.921052631578947,0.376344086021505,,0.940237760543823
ASCEND,2000,0.7,0.7,25,53,39,0.504761904761905,0.971428571428571,0.664078621367412,0.680696661828737,0.608695652173913,0.717948717948718,0.528301886792453,0.666666666666667,0.419682264328003
GENIE3,2000,0.7,0.7,25,53,39,0.504761904761905,1,0.616515158018906,0.632801161103048,0.5,0.58974358974359,0.433962264150943,,125.971543550491
ARACNE,2000,0.7,0.7,25,53,39,0.504761904761905,1,0.504761904761905,0.5,0.434782608695652,0.512820512820513,0.377358490566038,,88.0220377445221
WGCNA,2000,0.7,0.7,25,53,39,0.504761904761905,1,0.463649675114366,0.542815674891147,0.41304347826087,0.487179487179487,0.358490566037736,,0.615965366363525
ASCEND,2000,0.7,0.7,26,51,22,0.485714285714286,0.980952380952381,0.734806523805057,0.696441539578795,0.547945205479452,0.909090909090909,0.392156862745098,0.909090909090909,0.6750648021698
GENIE3,2000,0.7,0.7,26,51,22,0.485714285714286,1,0.602313571615967,0.583877995642702,0.383561643835616,0.636363636363636,0.274509803921569,,168.080176353455
ARACNE,2000,0.7,0.7,26,51,22,0.485714285714286,1,0.485714285714286,0.5,0.301369863013699,0.5,0.215686274509804,,135.259159326553
WGCNA,2000,0.7,0.7,26,51,22,0.485714285714286,1,0.516436889966879,0.542665214233842,0.273972602739726,0.454545454545455,0.196078431372549,,0.586411476135254
ASCEND,2000,0.7,0.7,27,49,9,0.466666666666667,0.952380952380952,0.587311587018942,0.585276967930029,0.241379310344828,0.777777777777778,0.142857142857143,0.555555555555556,0.521654367446899
GENIE3,2000,0.7,0.7,27,49,9,0.466666666666667,1,0.603034407374938,0.591472303206997,0.241379310344828,0.777777777777778,0.142857142857143,,164.958915233612
ARACNE,2000,0.7,0.7,27,49,9,0.466666666666667,1,0.466666666666667,0.5,0.137931034482759,0.444444444444444,0.0816326530612245,,137.989989995956
WGCNA,2000,0.7,0.7,27,49,9,0.466666666666667,1,0.548435248115512,0.565415451895044,0.172413793103448,0.555555555555556,0.102040816326531,,0.581839323043823
ASCEND,2000,0.7,0.7,28,55,37,0.523809523809524,1,0.639714729701991,0.626363636363636,0.565217391304348,0.702702702702703,0.472727272727273,0.567567567567568,0.279799938201904
GENIE3,2000,0.7,0.7,28,55,37,0.523809523809524,1,0.462344719410861,0.548727272727273,0.41304347826087,0.513513513513514,0.345454545454545,,125.621864795685
ARACNE,2000,0.7,0.7,28,55,37,0.523809523809524,1,0.523809523809524,0.5,0.478260869565217,0.594594594594595,0.4,,86.6648743152618
WGCNA,2000,0.7,0.7,28,55,37,0.523809523809524,1,0.482643594335236,0.544,0.326086956521739,0.405405405405405,0.272727272727273,,0.643973827362061
ASCEND,2000,0.7,0.7,29,71,21,0.676190476190476,0.952380952380952,0.800147375771956,0.637531068765534,0.41304347826087,0.904761904761905,0.267605633802817,0.523809523809524,0.435667037963867
GENIE3,2000,0.7,0.7,29,71,21,0.676190476190476,1,0.601363236497727,0.657415078707539,0.217391304347826,0.476190476190476,0.140845070422535,,163.636058807373
ARACNE,2000,0.7,0.7,29,71,21,0.676190476190476,1,0.676190476190476,0.5,0.282608695652174,0.619047619047619,0.183098591549296,,83.4194133281708
WGCNA,2000,0.7,0.7,29,71,21,0.676190476190476,1,0.655528513999623,0.5503314001657,0.326086956521739,0.714285714285714,0.211267605633803,,0.992331504821777
ASCEND,2000,0.7,0.7,30,50,18,0.476190476190476,0.952380952380952,0.792067848942802,0.73,0.529411764705882,1,0.36,0.888888888888889,0.304395914077759
GENIE3,2000,0.7,0.7,30,50,18,0.476190476190476,1,0.648549720132518,0.606545454545455,0.411764705882353,0.777777777777778,0.28,,125.084072113037
ARACNE,2000,0.7,0.7,30,50,18,0.476190476190476,1,0.476190476190476,0.5,0.235294117647059,0.444444444444444,0.16,,85.9077796936035
WGCNA,2000,0.7,0.7,30,50,18,0.476190476190476,1,0.52024544393016,0.502909090909091,0.382352941176471,0.722222222222222,0.26,,0.647624015808106
ASCEND,2000,0.7,0.7,31,40,12,0.380952380952381,0.952380952380952,0.701425359194294,0.694615384615385,0.461538461538462,1,0.3,0.75,0.85084080696106
GENIE3,2000,0.7,0.7,31,40,12,0.380952380952381,1,0.5542704428731,0.671538461538462,0.346153846153846,0.75,0.225,,164.739323139191
ARACNE,2000,0.7,0.7,31,40,12,0.380952380952381,1,0.380952380952381,0.5,0.115384615384615,0.25,0.075,,122.071791172028
WGCNA,2000,0.7,0.7,31,40,12,0.380952380952381,1,0.325563254429147,0.554615384615385,0.0384615384615385,0.0833333333333333,0.025,,0.606815576553345
ASCEND,2000,0.7,0.7,32,45,40,0.428571428571429,0.990476190476191,0.50713461746708,0.590185185185185,0.517647058823529,0.55,0.488888888888889,0.4,0.606802940368652
GENIE3,2000,0.7,0.7,32,45,40,0.428571428571429,1,0.654478007609926,0.705925925925926,0.635294117647059,0.675,0.6,,167.961170434952
ARACNE,2000,0.7,0.7,32,45,40,0.428571428571429,1,0.428571428571429,0.5,0.4,0.425,0.377777777777778,,138.207923650742
WGCNA,2000,0.7,0.7,32,45,40,0.428571428571429,1,0.628389804624163,0.612222222222222,0.494117647058824,0.525,0.466666666666667,,0.572851419448853
ASCEND,2000,0.7,0.7,33,60,28,0.571428571428571,1,0.667795864461792,0.597222222222222,0.477272727272727,0.75,0.35,0.428571428571429,0.985321998596191
GENIE3,2000,0.7,0.7,33,60,28,0.571428571428571,1,0.646120394996043,0.621111111111111,0.409090909090909,0.642857142857143,0.3,,166.877140522003
ARACNE,2000,0.7,0.7,33,60,28,0.571428571428571,1,0.571428571428571,0.5,0.409090909090909,0.642857142857143,0.3,,93.8117780685425
WGCNA,2000,0.7,0.7,33,60,28,0.571428571428571,1,0.581756941320716,0.537777777777778,0.363636363636364,0.571428571428571,0.266666666666667,,0.580567121505737
ASCEND,2000,0.7,0.7,34,71,38,0.676190476190476,0.980952380952381,0.733480578074401,0.582228666114333,0.532110091743119,0.763157894736842,0.408450704225352,0.578947368421053,0.806735515594482
GENIE3,2000,0.7,0.7,34,71,38,0.676190476190476,1,0.719268015974632,0.53976801988401,0.495412844036697,0.710526315789474,0.380281690140845,,166.98492026329
ARACNE,2000,0.7,0.7,34,71,38,0.676190476190476,1,0.676190476190476,0.5,0.440366972477064,0.631578947368421,0.338028169014085,,92.1718254089356
WGCNA,2000,0.7,0.7,34,71,38,0.676190476190476,1,0.728478395318381,0.565865782932892,0.513761467889908,0.736842105263158,0.394366197183099,,0.574461698532105
ASCEND,2000,0.7,0.7,35,67,5,0.638095238095238,0.933333333333333,0.758456877605154,0.58955223880597,0.138888888888889,1,0.0746268656716418,0.2,0.705496788024902
GENIE3,2000,0.7,0.7,35,67,5,0.638095238095238,1,0.755159494694486,0.598586017282011,0.138888888888889,1,0.0746268656716418,,160.900837421417
ARACNE,2000,0.7,0.7,35,67,5,0.638095238095238,1,0.638095238095238,0.5,0.0833333333333333,0.6,0.0447761194029851,,133.98340010643
WGCNA,2000,0.7,0.7,35,67,5,0.638095238095238,1,0.703203913426649,0.545561665357424,0.138888888888889,1,0.0746268656716418,,1.03523325920105
ASCEND,2000,0.7,0.7,36,73,37,0.695238095238095,1,0.731433178373307,0.551155821917808,0.509090909090909,0.756756756756757,0.383561643835616,0.702702702702703,0.92833948135376
GENIE3,2000,0.7,0.7,36,73,37,0.695238095238095,1,0.850411153915254,0.738013698630137,0.581818181818182,0.864864864864865,0.438356164383562,,164.448296785355
ARACNE,2000,0.7,0.7,36,73,37,0.695238095238095,1,0.695238095238095,0.5,0.472727272727273,0.702702702702703,0.356164383561644,,88.8744432926178
WGCNA,2000,0.7,0.7,36,73,37,0.695238095238095,1,0.79153208575194,0.584760273972603,0.563636363636364,0.837837837837838,0.424657534246575,,0.61449146270752
ASCEND,2000,0.7,0.7,37,70,6,0.666666666666667,0.980952380952381,0.748270875172969,0.557142857142857,0.157894736842105,1,0.0857142857142857,0.666666666666667,0.253644943237305
GENIE3,2000,0.7,0.7,37,70,6,0.666666666666667,1,0.684134592315885,0.555102040816327,0.105263157894737,0.666666666666667,0.0571428571428571,,131.593121290207
ARACNE,2000,0.7,0.7,37,70,6,0.666666666666667,1,0.666666666666667,0.5,0.0526315789473684,0.333333333333333,0.0285714285714286,,154.264651536942
WGCNA,2000,0.7,0.7,37,70,6,0.666666666666667,1,0.660615454976941,0.528775510204082,0.131578947368421,0.833333333333333,0.0714285714285714,,0.947859287261963
ASCEND,2000,0.7,0.7,38,65,25,0.619047619047619,0.971428571428571,0.669256884084307,0.554615384615385,0.4,0.72,0.276923076923077,0.52,0.416296005249023
GENIE3,2000,0.7,0.7,38,65,25,0.619047619047619,1,0.71294250062542,0.596538461538462,0.377777777777778,0.68,0.261538461538462,,126.142805099487
ARACNE,2000,0.7,0.7,38,65,25,0.619047619047619,1,0.619047619047619,0.5,0.333333333333333,0.6,0.230769230769231,,86.2586991786957
WGCNA,2000,0.7,0.7,38,65,25,0.619047619047619,1,0.729075303841267,0.602884615384615,0.466666666666667,0.84,0.323076923076923,,0.627198934555054
ASCEND,2000,0.7,0.7,39,45,32,0.428571428571429,0.990476190476191,0.420888628091641,0.506296296296296,0.337662337662338,0.40625,0.288888888888889,0.125,0.368718147277832
GENIE3,2000,0.7,0.7,39,45,32,0.428571428571429,1,0.616854220786385,0.664814814814815,0.51948051948052,0.625,0.444444444444444,,126.362374782562
ARACNE,2000,0.7,0.7,39,45,32,0.428571428571429,1,0.428571428571429,0.5,0.415584415584416,0.5,0.355555555555556,,84.6181662082672
WGCNA,2000,0.7,0.7,39,45,32,0.428571428571429,1,0.480366400449785,0.500740740740741,0.363636363636364,0.4375,0.311111111111111,,0.622829437255859
ASCEND,2000,0.7,0.7,40,56,38,0.533333333333333,0.961904761904762,0.572128474530467,0.557215743440233,0.468085106382979,0.578947368421053,0.392857142857143,0.526315789473684,0.660447835922241
GENIE3,2000,0.7,0.7,40,56,38,0.533333333333333,1,0.655570562683257,0.563411078717201,0.51063829787234,0.631578947368421,0.428571428571429,,170.060105085373
ARACNE,2000,0.7,0.7,40,56,38,0.533333333333333,1,0.533333333333333,0.5,0.468085106382979,0.578947368421053,0.392857142857143,,120.406037807465
WGCNA,2000,0.7,0.7,40,56,38,0.533333333333333,1,0.482970251663968,0.556486880466472,0.340425531914894,0.421052631578947,0.285714285714286,,1.00669598579407
ASCEND,2000,0.7,0.7,41,55,15,0.523809523809524,0.980952380952381,0.71012586295526,0.635090909090909,0.4,0.933333333333333,0.254545454545455,0.866666666666667,0.73770022392273
GENIE3,2000,0.7,0.7,41,55,15,0.523809523809524,1,0.611891342119159,0.596363636363636,0.257142857142857,0.6,0.163636363636364,,112.823392868042
ARACNE,2000,0.7,0.7,41,55,15,0.523809523809524,1,0.523809523809524,0.5,0.228571428571429,0.533333333333333,0.145454545454545,,19337.3890702724
WGCNA,2000,0.7,0.7,41,55,15,0.523809523809524,1,0.460320920418759,0.666909090909091,0.142857142857143,0.333333333333333,0.0909090909090909,,0.577418565750122
ASCEND,2000,0.7,0.7,42,61,29,0.580952380952381,0.961904761904762,0.595933500950432,0.526825633383011,0.377777777777778,0.586206896551724,0.278688524590164,0.517241379310345,0.506823062896729
GENIE3,2000,0.7,0.7,42,61,29,0.580952380952381,1,0.661700423297246,0.541356184798808,0.4,0.620689655172414,0.295081967213115,,136.831884145737
ARACNE,2000,0.7,0.7,42,61,29,0.580952380952381,1,0.580952380952381,0.5,0.444444444444444,0.689655172413793,0.327868852459016,,108.720385074615
WGCNA,2000,0.7,0.7,42,61,29,0.580952380952381,1,0.61153336256175,0.508941877794337,0.333333333333333,0.517241379310345,0.245901639344262,,0.562288999557495
ASCEND,2000,0.7,0.7,43,68,39,0.647619047619048,0.980952380952381,0.844443302729106,0.737678855325914,0.672897196261682,0.923076923076923,0.529411764705882,0.743589743589744,0.441752433776855
GENIE3,2000,0.7,0.7,43,68,39,0.647619047619048,1,0.658773037322209,0.538155802861685,0.485981308411215,0.666666666666667,0.382352941176471,,129.447282791138
ARACNE,2000,0.7,0.7,43,68,39,0.647619047619048,1,0.647619047619048,0.5,0.448598130841121,0.615384615384615,0.352941176470588,,78.3988091945648
WGCNA,2000,0.7,0.7,43,68,39,0.647619047619048,1,0.631722670643696,0.515898251192369,0.467289719626168,0.641025641025641,0.367647058823529,,0.554522275924683
ASCEND,2000,0.7,0.7,44,48,17,0.457142857142857,0.990476190476191,0.569811203996761,0.590643274853801,0.369230769230769,0.705882352941177,0.25,0.588235294117647,0.685390472412109
GENIE3,2000,0.7,0.7,44,48,17,0.457142857142857,1,0.485985150548107,0.538011695906433,0.276923076923077,0.529411764705882,0.1875,,124.531023979187
ARACNE,2000,0.7,0.7,44,48,17,0.457142857142857,1,0.457142857142857,0.5,0.307692307692308,0.588235294117647,0.208333333333333,,19337.1685776711
WGCNA,2000,0.7,0.7,44,48,17,0.457142857142857,1,0.454672316455497,0.536184210526316,0.215384615384615,0.411764705882353,0.145833333333333,,0.549726963043213
ASCEND,2000,0.7,0.7,45,55,10,0.523809523809524,0.971428571428571,0.667627000943843,0.598545454545454,0.276923076923077,0.9,0.163636363636364,0.7,0.223930358886719
GENIE3,2000,0.7,0.7,45,55,10,0.523809523809524,1,0.669361754276858,0.566545454545455,0.276923076923077,0.9,0.163636363636364,,125.414083480835
ARACNE,2000,0.7,0.7,45,55,10,0.523809523809524,1,0.523809523809524,0.5,0.184615384615385,0.6,0.109090909090909,,74.2312450408936
WGCNA,2000,0.7,0.7,45,55,10,0.523809523809524,1,0.670589106459036,0.579454545454546,0.276923076923077,0.9,0.163636363636364,,0.623197078704834
ASCEND,2000,0.7,0.7,46,71,13,0.676190476190476,0.952380952380952,0.740635965409093,0.562137531068766,0.261904761904762,0.846153846153846,0.154929577464789,0.846153846153846,0.33940052986145
GENIE3,2000,0.7,0.7,46,71,13,0.676190476190476,1,0.805363351045775,0.704639602319801,0.261904761904762,0.846153846153846,0.154929577464789,,113.785129070282
ARACNE,2000,0.7,0.7,46,71,13,0.676190476190476,1,0.676190476190476,0.5,0.214285714285714,0.692307692307692,0.126760563380282,,19336.7466697693
WGCNA,2000,0.7,0.7,46,71,13,0.676190476190476,1,0.637832171166037,0.608119304059652,0.238095238095238,0.769230769230769,0.140845070422535,,0.569129228591919
ASCEND,2000,0.7,0.7,47,72,19,0.685714285714286,0.961904761904762,0.753999859321296,0.572811447811448,0.351648351648352,0.842105263157895,0.222222222222222,0.68421052631579,0.342820405960083
GENIE3,2000,0.7,0.7,47,72,19,0.685714285714286,1,0.73553924371358,0.543771043771044,0.32967032967033,0.789473684210526,0.208333333333333,,19367.8691267967
ARACNE,2000,0.7,0.7,47,72,19,0.685714285714286,1,0.685714285714286,0.5,0.417582417582418,1,0.263888888888889,,69.0452375411987
WGCNA,2000,0.7,0.7,47,72,19,0.685714285714286,1,0.689414194435526,0.535774410774411,0.285714285714286,0.68421052631579,0.180555555555556,,0.604061603546143
ASCEND,2000,0.7,0.7,48,54,22,0.514285714285714,0.961904761904762,0.723744860666452,0.681372549019608,0.5,0.863636363636364,0.351851851851852,0.772727272727273,0.396198034286499
GENIE3,2000,0.7,0.7,48,54,22,0.514285714285714,1,0.655930929890291,0.635802469135803,0.447368421052632,0.772727272727273,0.314814814814815,,128.276264667511
ARACNE,2000,0.7,0.7,48,54,22,0.514285714285714,1,0.514285714285714,0.5,0.289473684210526,0.5,0.203703703703704,,77.8954026699066
WGCNA,2000,0.7,0.7,48,54,22,0.514285714285714,1,0.535168263897913,0.508714596949891,0.342105263157895,0.590909090909091,0.240740740740741,,0.592705011367798
ASCEND,2000,0.7,0.7,49,59,18,0.561904761904762,0.952380952380952,0.803495039576146,0.694915254237288,0.467532467532468,1,0.305084745762712,1,0.344256162643433
GENIE3,2000,0.7,0.7,49,59,18,0.561904761904762,1,0.596501142913941,0.557848194546794,0.311688311688312,0.666666666666667,0.203389830508475,,106.160971164703
ARACNE,2000,0.7,0.7,49,59,18,0.561904761904762,1,0.561904761904762,0.5,0.311688311688312,0.666666666666667,0.203389830508475,,19336.6705574989
WGCNA,2000,0.7,0.7,49,59,18,0.561904761904762,1,0.554877183159433,0.506632277081798,0.181818181818182,0.388888888888889,0.11864406779661,,0.577425003051758
ASCEND,2000,0.7,0.7,50,51,9,0.485714285714286,0.961904761904762,0.669601022965711,0.610021786492375,0.3,1,0.176470588235294,0.333333333333333,0.351500988006592
GENIE3,2000,0.7,0.7,50,51,9,0.485714285714286,1,0.515728109732357,0.527596223674655,0.133333333333333,0.444444444444444,0.0784313725490196,,117.500162363052
ARACNE,2000,0.7,0.7,50,51,9,0.485714285714286,1,0.485714285714286,0.5,0.0666666666666667,0.222222222222222,0.0392156862745098,,75.9648642539978
WGCNA,2000,0.7,0.7,50,51,9,0.485714285714286,1,0.529884574790101,0.52124183006536,0.166666666666667,0.555555555555556,0.0980392156862745,,0.557221651077271
ASCEND,2000,0.9,0.5,1,17,7,0.161904761904762,0.990476190476191,0.621689816199225,0.735294117647059,0.583333333333333,1,0.411764705882353,1,0.231778144836426
GENIE3,2000,0.9,0.5,1,17,7,0.161904761904762,1,0.453728189150029,0.682486631016043,0.333333333333333,0.571428571428571,0.235294117647059,,131.018204689026
ARACNE,2000,0.9,0.5,1,17,7,0.161904761904762,1,0.161904761904762,0.5,0.0833333333333333,0.142857142857143,0.0588235294117647,,86.7217438220978
WGCNA,2000,0.9,0.5,1,17,7,0.161904761904762,1,0.241287535104,0.580213903743316,0.0833333333333333,0.142857142857143,0.0588235294117647,,0.693103790283203
ASCEND,2000,0.9,0.5,2,10,7,0.0952380952380952,0.990476190476191,0.507128484013328,0.788421052631579,0.588235294117647,0.714285714285714,0.5,0.714285714285714,0.340207576751709
GENIE3,2000,0.9,0.5,2,10,7,0.0952380952380952,1,0.36422085084077,0.798947368421053,0.470588235294118,0.571428571428571,0.4,,125.979684829712
ARACNE,2000,0.9,0.5,2,10,7,0.0952380952380952,1,0.0952380952380952,0.5,0.117647058823529,0.142857142857143,0.1,,87.8858268260956
WGCNA,2000,0.9,0.5,2,10,7,0.0952380952380952,1,0.175391796539673,0.714736842105263,0.117647058823529,0.142857142857143,0.1,,0.694772958755493
ASCEND,2000,0.9,0.5,3,13,6,0.123809523809524,1,0.586412251527799,0.730769230769231,0.631578947368421,1,0.461538461538462,1,0.217433214187622
GENIE3,2000,0.9,0.5,3,13,6,0.123809523809524,1,0.500870985347719,0.86371237458194,0.315789473684211,0.5,0.230769230769231,,173.021243572235
ARACNE,2000,0.9,0.5,3,13,6,0.123809523809524,1,0.123809523809524,0.5,,0,0,,156.593183517456
WGCNA,2000,0.9,0.5,3,13,6,0.123809523809524,1,0.224930051094789,0.642976588628763,0.105263157894737,0.166666666666667,0.0769230769230769,,1.21283602714539
ASCEND,2000,0.9,0.5,4,14,6,0.133333333333333,1,0.565861307504336,0.714285714285714,0.6,1,0.428571428571429,1,0.230748891830444
GENIE3,2000,0.9,0.5,4,14,6,0.133333333333333,1,0.481690605215557,0.716640502354788,0.4,0.666666666666667,0.285714285714286,,130.039215803146
ARACNE,2000,0.9,0.5,4,14,6,0.133333333333333,1,0.133333333333333,0.5,0.1,0.166666666666667,0.0714285714285714,,87.2359483242035
WGCNA,2000,0.9,0.5,4,14,6,0.133333333333333,1,0.147065905828387,0.515698587127159,0.2,0.333333333333333,0.142857142857143,,0.73538875579834
ASCEND,2000,0.9,0.5,5,10,8,0.0952380952380952,1,0.675545270046324,0.844736842105263,0.777777777777778,0.875,0.7,0.875,0.263879060745239
GENIE3,2000,0.9,0.5,5,10,8,0.0952380952380952,1,0.979932930453785,0.997894736842105,0.888888888888889,1,0.8,,175.386961936951
ARACNE,2000,0.9,0.5,5,10,8,0.0952380952380952,1,0.0952380952380952,0.5,0.111111111111111,0.125,0.1,,156.860448598862
WGCNA,2000,0.9,0.5,5,10,8,0.0952380952380952,1,0.477952723540862,0.6,0.555555555555556,0.625,0.5,,1.02467966079712
ASCEND,2000,0.9,0.5,6,19,8,0.180952380952381,0.971428571428571,0.716482216920338,0.789473684210526,0.592592592592593,1,0.421052631578947,1,0.355134725570679
GENIE3,2000,0.9,0.5,6,19,8,0.180952380952381,1,0.580368691706953,0.740514075887393,0.518518518518519,0.875,0.368421052631579,,174.445510864258
ARACNE,2000,0.9,0.5,6,19,8,0.180952380952381,1,0.180952380952381,0.5,0.0740740740740741,0.125,0.0526315789473684,,156.583076238632
WGCNA,2000,0.9,0.5,6,19,8,0.180952380952381,1,0.270666692387211,0.556303549571604,0.148148148148148,0.25,0.105263157894737,,1.14447569847107
ASCEND,2000,0.9,0.5,7,24,14,0.228571428571429,0.990476190476191,0.771957445884361,0.8125,0.736842105263158,1,0.583333333333333,0.928571428571429,0.423782110214233
GENIE3,2000,0.9,0.5,7,24,14,0.228571428571429,1,0.542728708912266,0.704732510288066,0.526315789473684,0.714285714285714,0.416666666666667,,172.790070295334
ARACNE,2000,0.9,0.5,7,24,14,0.228571428571429,1,0.228571428571429,0.5,0.473684210526316,0.642857142857143,0.375,,157.01412653923
WGCNA,2000,0.9,0.5,7,24,14,0.228571428571429,1,0.440010349117155,0.549382716049383,0.421052631578947,0.571428571428571,0.333333333333333,,1.16576242446899
ASCEND,2000,0.9,0.5,8,9,4,0.0857142857142857,0.980952380952381,0.732837727694976,0.833333333333333,0.615384615384615,1,0.444444444444444,0.5,0.374334573745728
GENIE3,2000,0.9,0.5,8,9,4,0.0857142857142857,1,0.302624386319412,0.778935185185185,0.307692307692308,0.5,0.222222222222222,,170.72145485878
ARACNE,2000,0.9,0.5,8,9,4,0.0857142857142857,1,0.0857142857142857,0.5,,0,0,,155.286553859711
WGCNA,2000,0.9,0.5,8,9,4,0.0857142857142857,1,0.0826493623154786,0.759259259259259,0.153846153846154,0.25,0.111111111111111,,1.31596636772156
ASCEND,2000,0.9,0.5,9,12,4,0.114285714285714,0.980952380952381,0.45495669874254,0.659498207885305,0.5,1,0.333333333333333,1,0.495465278625488
GENIE3,2000,0.9,0.5,9,12,4,0.114285714285714,1,0.450368164949049,0.758064516129032,0.375,0.75,0.25,,171.34513092041
ARACNE,2000,0.9,0.5,9,12,4,0.114285714285714,1,0.114285714285714,0.5,0.125,0.25,0.0833333333333333,,156.006791830063
WGCNA,2000,0.9,0.5,9,12,4,0.114285714285714,1,0.190473787820519,0.599462365591398,0.125,0.25,0.0833333333333333,,1.26733779907227
ASCEND,2000,0.9,0.5,10,9,6,0.0857142857142857,0.990476190476191,0.824420605653679,0.888888888888889,0.8,1,0.666666666666667,1,0.289520740509033
GENIE3,2000,0.9,0.5,10,9,6,0.0857142857142857,1,0.574771796647246,0.869212962962963,0.533333333333333,0.666666666666667,0.444444444444444,,129.902514696121
ARACNE,2000,0.9,0.5,10,9,6,0.0857142857142857,1,0.0857142857142857,0.5,,0,0,,87.0552222728729
WGCNA,2000,0.9,0.5,10,9,6,0.0857142857142857,1,0.217158383557215,0.707175925925926,0.266666666666667,0.333333333333333,0.222222222222222,,0.718321800231934
ASCEND,2000,0.9,0.5,11,12,0,0.114285714285714,1,0.114285714285714,0.5,,,0,,0.45254921913147
GENIE3,2000,0.9,0.5,11,12,0,0.114285714285714,1,0.305967312786924,0.795698924731183,,,0,,170.229086399078
ARACNE,2000,0.9,0.5,11,12,0,0.114285714285714,1,0.114285714285714,0.5,,,0,,156.811364412308
WGCNA,2000,0.9,0.5,11,12,0,0.114285714285714,1,0.103353155278057,0.523297491039427,,,0,,1.25030088424683
ASCEND,2000,0.9,0.5,12,21,10,0.2,1,0.567321618615918,0.708333333333333,0.580645161290323,0.9,0.428571428571429,0.9,0.466523170471191
GENIE3,2000,0.9,0.5,12,21,10,0.2,1,0.602108473835913,0.778344671201814,0.516129032258065,0.8,0.380952380952381,,173.314149141312
ARACNE,2000,0.9,0.5,12,21,10,0.2,1,0.2,0.5,0.0645161290322581,0.1,0.0476190476190476,,156.823750734329
WGCNA,2000,0.9,0.5,12,21,10,0.2,1,0.411858930204592,0.560657596371882,0.32258064516129,0.5,0.238095238095238,,1.17789936065674
ASCEND,2000,0.9,0.5,13,24,5,0.228571428571429,0.971428571428571,0.561504105140011,0.666666666666667,0.344827586206897,1,0.208333333333333,0.8,0.362518072128296
GENIE3,2000,0.9,0.5,13,24,5,0.228571428571429,1,0.546630576780287,0.749485596707819,0.275862068965517,0.8,0.166666666666667,,126.658130168915
ARACNE,2000,0.9,0.5,13,24,5,0.228571428571429,1,0.228571428571429,0.5,,0,0,,87.1923952102661
WGCNA,2000,0.9,0.5,13,24,5,0.228571428571429,1,0.273099622772248,0.513374485596708,0.0689655172413793,0.2,0.0416666666666667,,0.698898077011108
ASCEND,2000,0.9,0.5,14,10,3,0.0952380952380952,1,0.41621414247089,0.65,0.461538461538462,1,0.3,1,0.381385803222656
GENIE3,2000,0.9,0.5,14,10,3,0.0952380952380952,1,0.692456519622148,0.913684210526316,0.461538461538462,1,0.3,,176.355506420136
ARACNE,2000,0.9,0.5,14,10,3,0.0952380952380952,1,0.0952380952380952,0.5,,0,0,,159.015694379807
WGCNA,2000,0.9,0.5,14,10,3,0.0952380952380952,1,0.232989135436455,0.573684210526316,0.153846153846154,0.333333333333333,0.1,,1.00155711174011
ASCEND,2000,0.9,0.5,15,13,10,0.123809523809524,0.961904761904762,0.537431386952997,0.8561872909699,0.521739130434783,0.6,0.461538461538462,0.6,0.65944242477417
GENIE3,2000,0.9,0.5,15,13,10,0.123809523809524,1,0.502183989488095,0.831103678929766,0.347826086956522,0.4,0.307692307692308,,169.618981361389
ARACNE,2000,0.9,0.5,15,13,10,0.123809523809524,1,0.123809523809524,0.5,0.173913043478261,0.2,0.153846153846154,,154.420125007629
WGCNA,2000,0.9,0.5,15,13,10,0.123809523809524,1,0.160113677447121,0.544732441471572,0.260869565217391,0.3,0.230769230769231,,1.3066680431366
ASCEND,2000,0.9,0.5,16,6,1,0.0571428571428571,1,0.242229264875,0.583333333333333,0.285714285714286,1,0.166666666666667,1,0.395426034927368
GENIE3,2000,0.9,0.5,16,6,1,0.0571428571428571,1,0.166563701421352,0.720538720538721,,0,0,,173.134918928146
ARACNE,2000,0.9,0.5,16,6,1,0.0571428571428571,1,0.0571428571428571,0.5,,0,0,,155.58991765976
WGCNA,2000,0.9,0.5,16,6,1,0.0571428571428571,1,0.0663079395463869,0.604377104377104,,0,0,,1.25382661819458
ASCEND,2000,0.9,0.5,17,10,7,0.0952380952380952,0.990476190476191,0.763045270046324,0.848421052631579,0.823529411764706,1,0.7,1,0.27907395362854
GENIE3,2000,0.9,0.5,17,10,7,0.0952380952380952,1,0.823028895396185,0.94421052631579,0.705882352941176,0.857142857142857,0.6,,132.185513019562
ARACNE,2000,0.9,0.5,17,10,7,0.0952380952380952,1,0.0952380952380952,0.5,0.117647058823529,0.142857142857143,0.1,,87.8745360374451
WGCNA,2000,0.9,0.5,17,10,7,0.0952380952380952,1,0.248336178607037,0.514736842105263,0.235294117647059,0.285714285714286,0.2,,0.627452850341797
ASCEND,2000,0.9,0.5,18,6,3,0.0571428571428571,0.990476190476191,0.288345535228202,0.658249158249158,0.444444444444444,0.666666666666667,0.333333333333333,0.666666666666667,0.238397121429443
GENIE3,2000,0.9,0.5,18,6,3,0.0571428571428571,1,0.298848866559029,0.787878787878788,0.222222222222222,0.333333333333333,0.166666666666667,,131.534706354141
ARACNE,2000,0.9,0.5,18,6,3,0.0571428571428571,1,0.0571428571428571,0.5,0.222222222222222,0.333333333333333,0.166666666666667,,86.6367485523224
WGCNA,2000,0.9,0.5,18,6,3,0.0571428571428571,1,0.0466378265810531,0.604377104377105,,0,0,,0.627709150314331
ASCEND,2000,0.9,0.5,19,6,0,0.0571428571428571,1,0.0571428571428571,0.5,,,0,,0.302279472351074
GENIE3,2000,0.9,0.5,19,6,0,0.0571428571428571,1,0.493652903429179,0.910774410774411,,,0,,177.56049489975
ARACNE,2000,0.9,0.5,19,6,0,0.0571428571428571,1,0.0571428571428571,0.5,,,0,,153.873920202255
WGCNA,2000,0.9,0.5,19,6,0,0.0571428571428571,1,0.25325671600223,0.601010101010101,,,0,,0.691171646118164
ASCEND,2000,0.9,0.5,20,23,6,0.219047619047619,1,0.493988848378799,0.630434782608696,0.413793103448276,1,0.260869565217391,1,0.29150390625
GENIE3,2000,0.9,0.5,20,23,6,0.219047619047619,1,0.559443738269998,0.676564156945917,0.344827586206897,0.833333333333333,0.217391304347826,,133.04713511467
ARACNE,2000,0.9,0.5,20,23,6,0.219047619047619,1,0.219047619047619,0.5,,0,0,,88.6244692802429
WGCNA,2000,0.9,0.5,20,23,6,0.219047619047619,1,0.428800875760552,0.545068928950159,0.275862068965517,0.666666666666667,0.173913043478261,,0.616207122802734
ASCEND,2000,0.9,0.5,21,43,21,0.40952380952381,0.971428571428571,0.610304873258504,0.662040510127532,0.5,0.761904761904762,0.372093023255814,0.761904761904762,0.226671934127808
GENIE3,2000,0.9,0.5,21,43,21,0.40952380952381,1,0.596774457049122,0.586646661665416,0.40625,0.619047619047619,0.302325581395349,,133.317210674286
ARACNE,2000,0.9,0.5,21,43,21,0.40952380952381,1,0.40952380952381,0.5,0.15625,0.238095238095238,0.116279069767442,,86.1660661697388
WGCNA,2000,0.9,0.5,21,43,21,0.40952380952381,1,0.596827148778376,0.698049512378095,0.4375,0.666666666666667,0.325581395348837,,0.664150953292847
ASCEND,2000,0.9,0.5,22,8,7,0.0761904761904762,1,0.900207805166446,0.9375,0.933333333333333,1,0.875,1,0.147341012954712
GENIE3,2000,0.9,0.5,22,8,7,0.0761904761904762,1,0.337899829330762,0.846649484536082,0.4,0.428571428571429,0.375,,135.250136375427
ARACNE,2000,0.9,0.5,22,8,7,0.0761904761904762,1,0.0761904761904762,0.5,,0,0,,88.7586908340454
WGCNA,2000,0.9,0.5,22,8,7,0.0761904761904762,1,0.0800883472444046,0.503865979381443,,0,0,,1.0658392906189
ASCEND,2000,0.9,0.5,23,10,11,0.0952380952380952,1,0.397401918772354,0.773684210526316,0.571428571428571,0.545454545454545,0.6,0.545454545454545,0.373688936233521
GENIE3,2000,0.9,0.5,23,10,11,0.0952380952380952,1,0.578557433309831,0.918947368421053,0.571428571428571,0.545454545454545,0.6,,159.650432109833
ARACNE,2000,0.9,0.5,23,10,11,0.0952380952380952,1,0.0952380952380952,0.5,0.285714285714286,0.272727272727273,0.3,,116.244327306747
WGCNA,2000,0.9,0.5,23,10,11,0.0952380952380952,1,0.432651522083652,0.811578947368421,0.380952380952381,0.363636363636364,0.4,,0.886301517486572
ASCEND,2000,0.9,0.5,24,16,12,0.152380952380952,1,0.722480514852001,0.83813202247191,0.785714285714286,0.916666666666667,0.6875,0.916666666666667,0.163866758346558
GENIE3,2000,0.9,0.5,24,16,12,0.152380952380952,1,0.46995268537612,0.759831460674157,0.357142857142857,0.416666666666667,0.3125,,134.532940149307
ARACNE,2000,0.9,0.5,24,16,12,0.152380952380952,1,0.152380952380952,0.5,0.0714285714285714,0.0833333333333333,0.0625,,88.9147827625275
WGCNA,2000,0.9,0.5,24,16,12,0.152380952380952,1,0.230218784560642,0.507022471910112,0.142857142857143,0.166666666666667,0.125,,1.07391810417175
ASCEND,2000,0.9,0.5,25,12,5,0.114285714285714,1,0.540082671123248,0.708333333333333,0.588235294117647,1,0.416666666666667,1,0.31465220451355
GENIE3,2000,0.9,0.5,25,12,5,0.114285714285714,1,0.560886741038279,0.846774193548387,0.352941176470588,0.6,0.25,,175.554936170578
ARACNE,2000,0.9,0.5,25,12,5,0.114285714285714,1,0.114285714285714,0.5,0.117647058823529,0.2,0.0833333333333333,,94.4058940410614
WGCNA,2000,0.9,0.5,25,12,5,0.114285714285714,1,0.370807076264771,0.657706093189964,0.352941176470588,0.6,0.25,,0.588108777999878
ASCEND,2000,0.9,0.5,26,9,3,0.0857142857142857,0.990476190476191,0.540283835995951,0.722222222222222,0.5,1,0.333333333333333,1,0.279022216796875
GENIE3,2000,0.9,0.5,26,9,3,0.0857142857142857,1,0.382763062638339,0.799768518518519,0.166666666666667,0.333333333333333,0.111111111111111,,157.855485200882
ARACNE,2000,0.9,0.5,26,9,3,0.0857142857142857,1,0.0857142857142857,0.5,,0,0,,79.496917963028
WGCNA,2000,0.9,0.5,26,9,3,0.0857142857142857,1,0.174311710918275,0.574074074074074,0.166666666666667,0.333333333333333,0.111111111111111,,0.580199956893921
ASCEND,2000,0.9,0.5,27,18,14,0.171428571428571,1,0.522193648667913,0.754789272030651,0.625,0.714285714285714,0.555555555555556,0.642857142857143,0.361476182937622
GENIE3,2000,0.9,0.5,27,18,14,0.171428571428571,1,0.524485670800553,0.715836526181354,0.4375,0.5,0.388888888888889,,177.08119392395
ARACNE,2000,0.9,0.5,27,18,14,0.171428571428571,1,0.171428571428571,0.5,,0,0,,139.955065488815
WGCNA,2000,0.9,0.5,27,18,14,0.171428571428571,1,0.239189172286072,0.568965517241379,0.25,0.285714285714286,0.222222222222222,,0.558619976043701
ASCEND,2000,0.9,0.5,28,11,6,0.104761904761905,1,0.484959802117407,0.721953578336557,0.588235294117647,0.833333333333333,0.454545454545455,0.833333333333333,0.380282640457153
GENIE3,2000,0.9,0.5,28,11,6,0.104761904761905,1,0.20341701792413,0.596711798839459,0.117647058823529,0.166666666666667,0.0909090909090909,,161.610513925552
ARACNE,2000,0.9,0.5,28,11,6,0.104761904761905,1,0.104761904761905,0.5,0.117647058823529,0.166666666666667,0.0909090909090909,,78.9277226924896
WGCNA,2000,0.9,0.5,28,11,6,0.104761904761905,1,0.117137326775974,0.565764023210832,,0,0,,0.59130072593689
ASCEND,2000,0.9,0.5,29,16,5,0.152380952380952,1,0.481268358329101,0.65625,0.476190476190476,1,0.3125,1,0.391201019287109
GENIE3,2000,0.9,0.5,29,16,5,0.152380952380952,1,0.622780669697173,0.847612359550562,0.380952380952381,0.8,0.25,,177.352414131165
ARACNE,2000,0.9,0.5,29,16,5,0.152380952380952,1,0.152380952380952,0.5,0.19047619047619,0.4,0.125,,126.918733119965
WGCNA,2000,0.9,0.5,29,16,5,0.152380952380952,1,0.365829376902834,0.523876404494382,0.380952380952381,0.8,0.25,,0.60895586013794
ASCEND,2000,0.9,0.5,30,15,10,0.142857142857143,1,0.762372584725656,0.833333333333333,0.8,1,0.666666666666667,1,0.153219938278198
GENIE3,2000,0.9,0.5,30,15,10,0.142857142857143,1,0.527899401238554,0.748148148148148,0.48,0.6,0.4,,134.305523872375
ARACNE,2000,0.9,0.5,30,15,10,0.142857142857143,1,0.142857142857143,0.5,0.08,0.1,0.0666666666666667,,86.9764130115509
WGCNA,2000,0.9,0.5,30,15,10,0.142857142857143,1,0.159069669674539,0.564444444444444,0.08,0.1,0.0666666666666667,,0.660911083221436
ASCEND,2000,0.9,0.5,31,16,2,0.152380952380952,1,0.302080464809579,0.5625,0.222222222222222,1,0.125,1,0.367477178573608
GENIE3,2000,0.9,0.5,31,16,2,0.152380952380952,1,0.585487835698245,0.808988764044944,0.222222222222222,1,0.125,,180.256823778152
ARACNE,2000,0.9,0.5,31,16,2,0.152380952380952,1,0.152380952380952,0.5,0.111111111111111,0.5,0.0625,,112.967010498047
WGCNA,2000,0.9,0.5,31,16,2,0.152380952380952,1,0.220094083496034,0.503511235955056,0.111111111111111,0.5,0.0625,,0.586846828460693
ASCEND,2000,0.9,0.5,32,11,7,0.104761904761905,0.980952380952381,0.784194708040327,0.861702127659575,0.777777777777778,1,0.636363636363636,1,0.34622859954834
GENIE3,2000,0.9,0.5,32,11,7,0.104761904761905,1,0.637086922793392,0.868471953578337,0.444444444444444,0.571428571428571,0.363636363636364,,172.098565101624
ARACNE,2000,0.9,0.5,32,11,7,0.104761904761905,1,0.104761904761905,0.5,,0,0,,130.516519784927
WGCNA,2000,0.9,0.5,32,11,7,0.104761904761905,1,0.0951197696665027,0.581237911025145,,0,0,,1.00299954414368
ASCEND,2000,0.9,0.5,33,19,7,0.180952380952381,1,0.552965620973511,0.68421052631579,0.538461538461538,1,0.368421052631579,1,0.244418621063232
GENIE3,2000,0.9,0.5,33,19,7,0.180952380952381,1,0.350970162075932,0.701958384332925,0.230769230769231,0.428571428571429,0.157894736842105,,132.230481624603
ARACNE,2000,0.9,0.5,33,19,7,0.180952380952381,1,0.180952380952381,0.5,0.153846153846154,0.285714285714286,0.105263157894737,,88.2113070487976
WGCNA,2000,0.9,0.5,33,19,7,0.180952380952381,1,0.270468289949191,0.616891064871481,0.230769230769231,0.428571428571429,0.157894736842105,,0.672321557998657
ASCEND,2000,0.9,0.5,34,19,10,0.180952380952381,0.990476190476191,0.497866072418753,0.695532435740514,0.551724137931035,0.8,0.421052631578947,0.8,0.405880451202393
GENIE3,2000,0.9,0.5,34,19,10,0.180952380952381,1,0.716043543879539,0.829253365973072,0.620689655172414,0.9,0.473684210526316,,177.34427857399
ARACNE,2000,0.9,0.5,34,19,10,0.180952380952381,1,0.180952380952381,0.5,0.0689655172413793,0.1,0.0526315789473684,,131.948825359345
WGCNA,2000,0.9,0.5,34,19,10,0.180952380952381,1,0.410664817344693,0.576499388004896,0.344827586206897,0.5,0.263157894736842,,0.593529224395752
ASCEND,2000,0.9,0.5,35,15,12,0.142857142857143,1,0.552547165257611,0.783333333333333,0.666666666666667,0.75,0.6,0.666666666666667,0.583692073822022
GENIE3,2000,0.9,0.5,35,15,12,0.142857142857143,1,0.605263742321399,0.811851851851852,0.592592592592593,0.666666666666667,0.533333333333333,,167.251277685165
ARACNE,2000,0.9,0.5,35,15,12,0.142857142857143,1,0.142857142857143,0.5,0.0740740740740741,0.0833333333333333,0.0666666666666667,,79.0230267047882
WGCNA,2000,0.9,0.5,35,15,12,0.142857142857143,1,0.187063217721033,0.541481481481482,0.222222222222222,0.25,0.2,,0.560147047042847
ASCEND,2000,0.9,0.5,36,21,12,0.2,0.990476190476191,0.397110597104551,0.659297052154195,0.424242424242424,0.583333333333333,0.333333333333333,0.416666666666667,0.331421375274658
GENIE3,2000,0.9,0.5,36,21,12,0.2,1,0.621358108091566,0.795351473922903,0.545454545454545,0.75,0.428571428571429,,167.233845233917
ARACNE,2000,0.9,0.5,36,21,12,0.2,1,0.2,0.5,0.0606060606060606,0.0833333333333333,0.0476190476190476,,107.966207742691
WGCNA,2000,0.9,0.5,36,21,12,0.2,1,0.321841776658448,0.612244897959184,0.303030303030303,0.416666666666667,0.238095238095238,,0.579858064651489
ASCEND,2000,0.9,0.5,37,18,6,0.171428571428571,0.971428571428571,0.59572135288967,0.718390804597701,0.5,1,0.333333333333333,1,0.136127471923828
GENIE3,2000,0.9,0.5,37,18,6,0.171428571428571,1,0.342443777420241,0.525542784163474,0.25,0.5,0.166666666666667,,134.729993104935
ARACNE,2000,0.9,0.5,37,18,6,0.171428571428571,1,0.171428571428571,0.5,0.0833333333333333,0.166666666666667,0.0555555555555556,,86.0629420280457
WGCNA,2000,0.9,0.5,37,18,6,0.171428571428571,1,0.159154683865569,0.500638569604087,,0,0,,0.669857740402222
ASCEND,2000,0.9,0.5,38,14,4,0.133333333333333,0.980952380952381,0.427951921523482,0.635007849293564,0.444444444444444,1,0.285714285714286,1,0.13632345199585
GENIE3,2000,0.9,0.5,38,14,4,0.133333333333333,1,0.300080497687783,0.689167974882261,0.111111111111111,0.25,0.0714285714285714,,141.389405250549
ARACNE,2000,0.9,0.5,38,14,4,0.133333333333333,1,0.133333333333333,0.5,,0,0,,127.72925901413
WGCNA,2000,0.9,0.5,38,14,4,0.133333333333333,1,0.147775501151019,0.514913657770801,,0,0,,0.981474876403809
ASCEND,2000,0.9,0.5,39,13,6,0.123809523809524,0.990476190476191,0.650529474714534,0.769230769230769,0.631578947368421,1,0.461538461538462,1,0.154454946517944
GENIE3,2000,0.9,0.5,39,13,6,0.123809523809524,1,0.442757096987172,0.639632107023411,0.526315789473684,0.833333333333333,0.384615384615385,,132.899610757828
ARACNE,2000,0.9,0.5,39,13,6,0.123809523809524,1,0.123809523809524,0.5,0.105263157894737,0.166666666666667,0.0769230769230769,,87.2228097915649
WGCNA,2000,0.9,0.5,39,13,6,0.123809523809524,1,0.401657196267647,0.668060200668896,0.421052631578947,0.666666666666667,0.307692307692308,,0.57532000541687
ASCEND,2000,0.9,0.5,40,23,11,0.219047619047619,1,0.454780382386295,0.655620360551432,0.470588235294118,0.727272727272727,0.347826086956522,0.545454545454545,0.270098447799683
GENIE3,2000,0.9,0.5,40,23,11,0.219047619047619,1,0.496484420699254,0.699363732767762,0.352941176470588,0.545454545454545,0.260869565217391,,136.16069149971
ARACNE,2000,0.9,0.5,40,23,11,0.219047619047619,1,0.219047619047619,0.5,0.117647058823529,0.181818181818182,0.0869565217391304,,87.4174919128418
WGCNA,2000,0.9,0.5,40,23,11,0.219047619047619,1,0.244118441203372,0.54135737009544,0.176470588235294,0.272727272727273,0.130434782608696,,0.614948749542236
ASCEND,2000,0.9,0.5,41,26,9,0.247619047619048,0.980952380952381,0.567498306831809,0.685491723466407,0.457142857142857,0.888888888888889,0.307692307692308,0.666666666666667,0.207734346389771
GENIE3,2000,0.9,0.5,41,26,9,0.247619047619048,1,0.350624447396865,0.619279454722493,0.171428571428571,0.333333333333333,0.115384615384615,,127.952398777008
ARACNE,2000,0.9,0.5,41,26,9,0.247619047619048,1,0.247619047619048,0.5,0.0571428571428571,0.111111111111111,0.0384615384615385,,75.3340623378754
WGCNA,2000,0.9,0.5,41,26,9,0.247619047619048,1,0.333488681012422,0.60126582278481,0.114285714285714,0.222222222222222,0.0769230769230769,,0.599183320999146
ASCEND,2000,0.9,0.5,42,8,6,0.0761904761904762,1,0.267798415672391,0.672036082474227,0.428571428571429,0.5,0.375,0.166666666666667,0.284849405288696
GENIE3,2000,0.9,0.5,42,8,6,0.0761904761904762,1,0.524728177864385,0.845360824742268,0.428571428571429,0.5,0.375,,153.899214744568
ARACNE,2000,0.9,0.5,42,8,6,0.0761904761904762,1,0.0761904761904762,0.5,,0,0,,75.3139712810516
WGCNA,2000,0.9,0.5,42,8,6,0.0761904761904762,1,0.170969968953323,0.551546391752577,0.285714285714286,0.333333333333333,0.25,,0.548754930496216
ASCEND,2000,0.9,0.5,43,20,9,0.19047619047619,0.990476190476191,0.349397279098732,0.625294117647059,0.344827586206897,0.555555555555556,0.25,0.333333333333333,0.410388946533203
GENIE3,2000,0.9,0.5,43,20,9,0.19047619047619,1,0.69077849059421,0.821176470588235,0.482758620689655,0.777777777777778,0.35,,114.420319080353
ARACNE,2000,0.9,0.5,43,20,9,0.19047619047619,1,0.19047619047619,0.5,0.206896551724138,0.333333333333333,0.15,,71.0325951576233
WGCNA,2000,0.9,0.5,43,20,9,0.19047619047619,1,0.285165406754027,0.590588235294118,0.206896551724138,0.333333333333333,0.15,,0.544788837432861
ASCEND,2000,0.9,0.5,44,10,7,0.0952380952380952,1,0.593773765623375,0.794736842105263,0.705882352941176,0.857142857142857,0.6,0.857142857142857,0.174564838409424
GENIE3,2000,0.9,0.5,44,10,7,0.0952380952380952,1,0.509037699519582,0.818947368421053,0.470588235294118,0.571428571428571,0.4,,124.532593250275
ARACNE,2000,0.9,0.5,44,10,7,0.0952380952380952,1,0.0952380952380952,0.5,0.235294117647059,0.285714285714286,0.2,,83.3917539119721
WGCNA,2000,0.9,0.5,44,10,7,0.0952380952380952,1,0.0868554718427797,0.508421052631579,,0,0,,0.553934335708618
ASCEND,2000,0.9,0.5,45,13,10,0.123809523809524,1,0.478823713475418,0.752926421404682,0.608695652173913,0.7,0.538461538461538,0.7,0.150932312011719
GENIE3,2000,0.9,0.5,45,13,10,0.123809523809524,1,0.457570199070492,0.858695652173913,0.521739130434783,0.6,0.461538461538462,,111.970024108887
ARACNE,2000,0.9,0.5,45,13,10,0.123809523809524,1,0.123809523809524,0.5,0.0869565217391304,0.1,0.0769230769230769,,71.2914385795593
WGCNA,2000,0.9,0.5,45,13,10,0.123809523809524,1,0.259551140727327,0.602842809364549,0.173913043478261,0.2,0.153846153846154,,0.55553674697876
ASCEND,2000,0.9,0.5,46,39,14,0.371428571428571,1,0.51130583928067,0.597902097902098,0.377358490566038,0.714285714285714,0.256410256410256,0.642857142857143,0.17818808555603
GENIE3,2000,0.9,0.5,46,39,14,0.371428571428571,1,0.57358248139372,0.637140637140637,0.377358490566038,0.714285714285714,0.256410256410256,,112.198693990707
ARACNE,2000,0.9,0.5,46,39,14,0.371428571428571,1,0.371428571428571,0.5,0.226415094339623,0.428571428571429,0.153846153846154,,70.9689364433289
WGCNA,2000,0.9,0.5,46,39,14,0.371428571428571,1,0.376668085815083,0.531080031080031,0.150943396226415,0.285714285714286,0.102564102564103,,0.557968139648438
ASCEND,2000,0.9,0.5,47,30,18,0.285714285714286,0.990476190476191,0.640293485666381,0.746,0.625,0.833333333333333,0.5,0.777777777777778,0.152234077453613
GENIE3,2000,0.9,0.5,47,30,18,0.285714285714286,1,0.542610487143569,0.630222222222222,0.416666666666667,0.555555555555556,0.333333333333333,,109.763826370239
ARACNE,2000,0.9,0.5,47,30,18,0.285714285714286,1,0.285714285714286,0.5,0.416666666666667,0.555555555555556,0.333333333333333,,70.5678038597107
WGCNA,2000,0.9,0.5,47,30,18,0.285714285714286,1,0.312504265886898,0.529333333333333,0.208333333333333,0.277777777777778,0.166666666666667,,0.64397931098938
ASCEND,2000,0.9,0.5,48,23,17,0.219047619047619,0.990476190476191,0.578541144475394,0.755567338282078,0.65,0.764705882352941,0.565217391304348,0.647058823529412,0.1851806640625
GENIE3,2000,0.9,0.5,48,23,17,0.219047619047619,1,0.534509861738373,0.76458112407211,0.4,0.470588235294118,0.347826086956522,,118.279036521912
ARACNE,2000,0.9,0.5,48,23,17,0.219047619047619,1,0.219047619047619,0.5,0.15,0.176470588235294,0.130434782608696,,71.0629687309265
WGCNA,2000,0.9,0.5,48,23,17,0.219047619047619,1,0.239266413958043,0.533404029692471,0.2,0.235294117647059,0.173913043478261,,0.551108598709106
ASCEND,2000,0.9,0.5,49,14,6,0.133333333333333,0.990476190476191,0.490403293222293,0.70839874411303,0.5,0.833333333333333,0.357142857142857,0.666666666666667,0.145296573638916
GENIE3,2000,0.9,0.5,49,14,6,0.133333333333333,1,0.327102417879008,0.648351648351648,0.3,0.5,0.214285714285714,,107.822721242905
ARACNE,2000,0.9,0.5,49,14,6,0.133333333333333,1,0.133333333333333,0.5,,0,0,,70.6176064014435
WGCNA,2000,0.9,0.5,49,14,6,0.133333333333333,1,0.210178148858878,0.534536891679749,0.2,0.333333333333333,0.142857142857143,,0.550965547561646
ASCEND,2000,0.9,0.5,50,11,3,0.104761904761905,1,0.399853773257839,0.636363636363636,0.428571428571429,1,0.272727272727273,1,0.141399145126343
GENIE3,2000,0.9,0.5,50,11,3,0.104761904761905,1,0.499230927377738,0.773694390715667,0.428571428571429,1,0.272727272727273,,130.689924955368
ARACNE,2000,0.9,0.5,50,11,3,0.104761904761905,1,0.104761904761905,0.5,,0,0,,76.8664801120758
WGCNA,2000,0.9,0.5,50,11,3,0.104761904761905,1,0.0919823169164027,0.555125725338491,,0,0,,0.57460355758667
ASCEND,2000,0.9,0.7,1,15,13,0.142857142857143,1,0.601277680383331,0.816666666666667,0.714285714285714,0.769230769230769,0.666666666666667,0.769230769230769,0.233526706695557
GENIE3,2000,0.9,0.7,1,15,13,0.142857142857143,1,0.392771303904815,0.663703703703704,0.357142857142857,0.384615384615385,0.333333333333333,,130.920301198959
ARACNE,2000,0.9,0.7,1,15,13,0.142857142857143,1,0.142857142857143,0.5,0.214285714285714,0.230769230769231,0.2,,88.0729501247406
WGCNA,2000,0.9,0.7,1,15,13,0.142857142857143,1,0.336232601783401,0.671851851851852,0.285714285714286,0.307692307692308,0.266666666666667,,0.616760492324829
ASCEND,2000,0.9,0.7,2,15,13,0.142857142857143,1,0.307728790699228,0.661111111111111,0.428571428571429,0.461538461538462,0.4,0.461538461538462,0.282330751419067
GENIE3,2000,0.9,0.7,2,15,13,0.142857142857143,1,0.573766056745869,0.813333333333333,0.5,0.538461538461538,0.466666666666667,,130.350822210312
ARACNE,2000,0.9,0.7,2,15,13,0.142857142857143,1,0.142857142857143,0.5,,0,0,,87.4517905712128
WGCNA,2000,0.9,0.7,2,15,13,0.142857142857143,1,0.348971800049539,0.582222222222222,0.285714285714286,0.307692307692308,0.266666666666667,,0.616859912872315
ASCEND,2000,0.9,0.7,3,22,6,0.20952380952381,1,0.496034804515523,0.636363636363636,0.428571428571429,1,0.272727272727273,0.833333333333333,0.338268518447876
GENIE3,2000,0.9,0.7,3,22,6,0.20952380952381,1,0.382641003423976,0.670865279299014,0.214285714285714,0.5,0.136363636363636,,128.289447546005
ARACNE,2000,0.9,0.7,3,22,6,0.20952380952381,1,0.20952380952381,0.5,0.0714285714285714,0.166666666666667,0.0454545454545455,,85.7485451698303
WGCNA,2000,0.9,0.7,3,22,6,0.20952380952381,1,0.258363529024372,0.515881708652793,0.142857142857143,0.333333333333333,0.0909090909090909,,0.703965187072754
ASCEND,2000,0.9,0.7,4,13,7,0.123809523809524,1,0.650529474714534,0.769230769230769,0.7,1,0.538461538461538,1,0.281060457229614
GENIE3,2000,0.9,0.7,4,13,7,0.123809523809524,1,0.146452487605939,0.545986622073579,0.1,0.142857142857143,0.0769230769230769,,127.960054159164
ARACNE,2000,0.9,0.7,4,13,7,0.123809523809524,1,0.123809523809524,0.5,0.1,0.142857142857143,0.0769230769230769,,86.6951432228088
WGCNA,2000,0.9,0.7,4,13,7,0.123809523809524,1,0.111953661438007,0.523411371237458,,0,0,,0.713817834854126
ASCEND,2000,0.9,0.7,5,13,14,0.123809523809524,1,0.812230643420477,0.95066889632107,0.888888888888889,0.857142857142857,0.923076923076923,0.857142857142857,0.370191335678101
GENIE3,2000,0.9,0.7,5,13,14,0.123809523809524,1,0.437991001114072,0.74247491638796,0.296296296296296,0.285714285714286,0.307692307692308,,129.217275857925
ARACNE,2000,0.9,0.7,5,13,14,0.123809523809524,1,0.123809523809524,0.5,0.148148148148148,0.142857142857143,0.153846153846154,,85.891241312027
WGCNA,2000,0.9,0.7,5,13,14,0.123809523809524,1,0.108242076783333,0.523411371237458,0.0740740740740741,0.0714285714285714,0.0769230769230769,,0.656368017196655
ASCEND,2000,0.9,0.7,6,31,29,0.295238095238095,0.990476190476191,0.534379812551369,0.72972972972973,0.6,0.620689655172414,0.580645161290323,0.517241379310345,0.400429487228394
GENIE3,2000,0.9,0.7,6,31,29,0.295238095238095,1,0.577353549535295,0.738884045335658,0.533333333333333,0.551724137931035,0.516129032258065,,128.295024871826
ARACNE,2000,0.9,0.7,6,31,29,0.295238095238095,1,0.295238095238095,0.5,0.366666666666667,0.379310344827586,0.354838709677419,,86.0941967964172
WGCNA,2000,0.9,0.7,6,31,29,0.295238095238095,1,0.413204942460793,0.608108108108108,0.366666666666667,0.379310344827586,0.354838709677419,,0.710498094558716
ASCEND,2000,0.9,0.7,7,17,16,0.161904761904762,1,0.776750556084989,0.900401069518717,0.848484848484848,0.875,0.823529411764706,0.875,0.663410663604736
GENIE3,2000,0.9,0.7,7,17,16,0.161904761904762,1,0.592534055549827,0.826871657754011,0.545454545454546,0.5625,0.529411764705882,,173.864021539688
ARACNE,2000,0.9,0.7,7,17,16,0.161904761904762,1,0.161904761904762,0.5,0.121212121212121,0.125,0.117647058823529,,156.363829612732
WGCNA,2000,0.9,0.7,7,17,16,0.161904761904762,1,0.342090792045126,0.582887700534759,0.242424242424242,0.25,0.235294117647059,,1.02209186553955
ASCEND,2000,0.9,0.7,8,21,5,0.2,1,0.294801403879022,0.55952380952381,0.230769230769231,0.6,0.142857142857143,0.6,0.49434757232666
GENIE3,2000,0.9,0.7,8,21,5,0.2,1,0.435417590025285,0.740362811791383,0.230769230769231,0.6,0.142857142857143,,171.928370714188
ARACNE,2000,0.9,0.7,8,21,5,0.2,1,0.2,0.5,,0,0,,155.767770528793
WGCNA,2000,0.9,0.7,8,21,5,0.2,1,0.240848962395164,0.544784580498866,0.0769230769230769,0.2,0.0476190476190476,,1.24382710456848
ASCEND,2000,0.9,0.7,9,15,7,0.142857142857143,0.990476190476191,0.53435631502922,0.727407407407407,0.545454545454546,0.857142857142857,0.4,0.857142857142857,0.578935861587524
GENIE3,2000,0.9,0.7,9,15,7,0.142857142857143,1,0.382289201069762,0.705925925925926,0.363636363636364,0.571428571428571,0.266666666666667,,169.149144172668
ARACNE,2000,0.9,0.7,9,15,7,0.142857142857143,1,0.142857142857143,0.5,0.181818181818182,0.285714285714286,0.133333333333333,,155.477553367615
WGCNA,2000,0.9,0.7,9,15,7,0.142857142857143,1,0.313461885465029,0.631851851851852,0.272727272727273,0.428571428571429,0.2,,1.39390325546265
ASCEND,2000,0.9,0.7,10,7,0,0.0666666666666667,1,0.0666666666666667,0.5,,,0,,0.516816854476929
GENIE3,2000,0.9,0.7,10,7,0,0.0666666666666667,1,0.374369949019977,0.822157434402332,,,0,,169.163567781448
ARACNE,2000,0.9,0.7,10,7,0,0.0666666666666667,1,0.0666666666666667,0.5,,,0,,156.491525173187
WGCNA,2000,0.9,0.7,10,7,0,0.0666666666666667,1,0.0806120730164984,0.514577259475219,,,0,,1.2942373752594
ASCEND,2000,0.9,0.7,11,10,8,0.0952380952380952,1,0.526691905395376,0.789473684210526,0.666666666666667,0.75,0.6,0.75,0.438079357147217
GENIE3,2000,0.9,0.7,11,10,8,0.0952380952380952,1,0.374725292184403,0.801052631578947,0.222222222222222,0.25,0.2,,171.527540922165
ARACNE,2000,0.9,0.7,11,10,8,0.0952380952380952,1,0.0952380952380952,0.5,,0,0,,155.391450881958
WGCNA,2000,0.9,0.7,11,10,8,0.0952380952380952,1,0.153547759774127,0.538947368421053,0.333333333333333,0.375,0.3,,1.25584316253662
ASCEND,2000,0.9,0.7,12,27,8,0.257142857142857,0.980952380952381,0.536220227039809,0.659781576448243,0.4,0.875,0.259259259259259,0.75,0.606187343597412
GENIE3,2000,0.9,0.7,12,27,8,0.257142857142857,1,0.435671809323562,0.692307692307692,0.171428571428571,0.375,0.111111111111111,,168.218744754791
ARACNE,2000,0.9,0.7,12,27,8,0.257142857142857,1,0.257142857142857,0.5,0.285714285714286,0.625,0.185185185185185,,156.201948881149
WGCNA,2000,0.9,0.7,12,27,8,0.257142857142857,1,0.318027053265333,0.616809116809117,0.114285714285714,0.25,0.0740740740740741,,1.34339547157288
ASCEND,2000,0.9,0.7,13,14,7,0.133333333333333,0.990476190476191,0.435575236661667,0.702511773940345,0.476190476190476,0.714285714285714,0.357142857142857,0.571428571428571,0.504579544067383
GENIE3,2000,0.9,0.7,13,14,7,0.133333333333333,1,0.597042883444128,0.861852433281005,0.476190476190476,0.714285714285714,0.357142857142857,,169.082369565964
ARACNE,2000,0.9,0.7,13,14,7,0.133333333333333,1,0.133333333333333,0.5,,0,0,,155.109275341034
WGCNA,2000,0.9,0.7,13,14,7,0.133333333333333,1,0.240249425835856,0.54552590266876,0.19047619047619,0.285714285714286,0.142857142857143,,1.39545917510986
ASCEND,2000,0.9,0.7,14,22,23,0.20952380952381,1,0.283128336171767,0.591456736035049,0.355555555555556,0.347826086956522,0.363636363636364,0.347826086956522,0.657212495803833
GENIE3,2000,0.9,0.7,14,22,23,0.20952380952381,1,0.51859203089768,0.65881708652793,0.488888888888889,0.478260869565217,0.5,,171.459835290909
ARACNE,2000,0.9,0.7,14,22,23,0.20952380952381,1,0.20952380952381,0.5,0.133333333333333,0.130434782608696,0.136363636363636,,155.505388498306
WGCNA,2000,0.9,0.7,14,22,23,0.20952380952381,1,0.178169703067878,0.595837897042716,0.133333333333333,0.130434782608696,0.136363636363636,,1.32826042175293
ASCEND,2000,0.9,0.7,15,25,21,0.238095238095238,0.961904761904762,0.761944292552129,0.87625,0.782608695652174,0.857142857142857,0.72,0.761904761904762,0.65634298324585
GENIE3,2000,0.9,0.7,15,25,21,0.238095238095238,1,0.590489394766879,0.7425,0.608695652173913,0.666666666666667,0.56,,169.563342809677
ARACNE,2000,0.9,0.7,15,25,21,0.238095238095238,1,0.238095238095238,0.5,0.304347826086957,0.333333333333333,0.28,,156.561314821243
WGCNA,2000,0.9,0.7,15,25,21,0.238095238095238,1,0.450422341053109,0.684,0.521739130434783,0.571428571428571,0.48,,1.40282559394836
ASCEND,2000,0.9,0.7,16,11,5,0.104761904761905,1,0.565323211585273,0.727272727272727,0.625,1,0.454545454545455,1,0.211634397506714
GENIE3,2000,0.9,0.7,16,11,5,0.104761904761905,1,0.439718968113683,0.735009671179884,0.375,0.6,0.272727272727273,,130.55429816246
ARACNE,2000,0.9,0.7,16,11,5,0.104761904761905,1,0.104761904761905,0.5,0.125,0.2,0.0909090909090909,,86.340678691864
WGCNA,2000,0.9,0.7,16,11,5,0.104761904761905,1,0.284572404478675,0.589941972920696,0.25,0.4,0.181818181818182,,0.680197238922119
ASCEND,2000,0.9,0.7,17,17,11,0.161904761904762,0.990476190476191,0.695410769976794,0.817513368983957,0.714285714285714,0.909090909090909,0.588235294117647,0.818181818181818,0.498943567276001
GENIE3,2000,0.9,0.7,17,17,11,0.161904761904762,1,0.434947779691688,0.793449197860963,0.214285714285714,0.272727272727273,0.176470588235294,,173.655044317245
ARACNE,2000,0.9,0.7,17,17,11,0.161904761904762,1,0.161904761904762,0.5,0.214285714285714,0.272727272727273,0.176470588235294,,156.908709049225
WGCNA,2000,0.9,0.7,17,17,11,0.161904761904762,1,0.137620341395068,0.585561497326203,,0,0,,1.03544807434082
ASCEND,2000,0.9,0.7,18,10,4,0.0952380952380952,0.980952380952381,0.583696363358118,0.746842105263158,0.571428571428572,1,0.4,1,0.478435277938843
GENIE3,2000,0.9,0.7,18,10,4,0.0952380952380952,1,0.436766244037623,0.725263157894737,0.428571428571428,0.75,0.3,,172.024478912354
ARACNE,2000,0.9,0.7,18,10,4,0.0952380952380952,1,0.0952380952380952,0.5,,0,0,,155.079381227493
WGCNA,2000,0.9,0.7,18,10,4,0.0952380952380952,1,0.110407621517738,0.546315789473684,,0,0,,1.25578093528748
ASCEND,2000,0.9,0.7,19,9,8,0.0857142857142857,1,0.725451245734479,0.883680555555556,0.823529411764706,0.875,0.777777777777778,0.875,0.209574699401855
GENIE3,2000,0.9,0.7,19,9,8,0.0857142857142857,1,0.249690939079713,0.740740740740741,0.117647058823529,0.125,0.111111111111111,,130.397897720337
ARACNE,2000,0.9,0.7,19,9,8,0.0857142857142857,1,0.0857142857142857,0.5,0.235294117647059,0.25,0.222222222222222,,86.6621479988098
WGCNA,2000,0.9,0.7,19,9,8,0.0857142857142857,1,0.157080138108905,0.662037037037037,0.235294117647059,0.25,0.222222222222222,,0.677293539047241
ASCEND,2000,0.9,0.7,20,23,12,0.219047619047619,1,0.377295592732579,0.62168610816543,0.4,0.583333333333333,0.304347826086957,0.583333333333333,0.574698925018311
GENIE3,2000,0.9,0.7,20,23,12,0.219047619047619,1,0.486342634434842,0.718451749734889,0.4,0.583333333333333,0.304347826086957,,172.077938318253
ARACNE,2000,0.9,0.7,20,23,12,0.219047619047619,1,0.219047619047619,0.5,0.114285714285714,0.166666666666667,0.0869565217391304,,156.235133886337
WGCNA,2000,0.9,0.7,20,23,12,0.219047619047619,1,0.314600190520075,0.637327677624602,0.285714285714286,0.416666666666667,0.217391304347826,,1.10928654670715
ASCEND,2000,0.9,0.7,21,21,19,0.2,1,0.725944865965197,0.863095238095238,0.8,0.842105263157895,0.761904761904762,0.842105263157895,0.220376014709473
GENIE3,2000,0.9,0.7,21,21,19,0.2,1,0.474100526278983,0.753968253968254,0.45,0.473684210526316,0.428571428571429,,131.597100973129
ARACNE,2000,0.9,0.7,21,21,19,0.2,1,0.2,0.5,0.3,0.315789473684211,0.285714285714286,,88.9096190929413
WGCNA,2000,0.9,0.7,21,21,19,0.2,1,0.209988383636271,0.503968253968254,0.3,0.315789473684211,0.285714285714286,,0.660437345504761
ASCEND,2000,0.9,0.7,22,22,22,0.20952380952381,1,0.475299366963581,0.741237677984666,0.590909090909091,0.590909090909091,0.590909090909091,0.409090909090909,0.187763690948486
GENIE3,2000,0.9,0.7,22,22,22,0.20952380952381,1,0.536588225145029,0.705914567360351,0.5,0.5,0.5,,130.076545000076
ARACNE,2000,0.9,0.7,22,22,22,0.20952380952381,1,0.20952380952381,0.5,0.318181818181818,0.318181818181818,0.318181818181818,,89.9677174091339
WGCNA,2000,0.9,0.7,22,22,22,0.20952380952381,1,0.20359770700192,0.562431544359255,0.227272727272727,0.227272727272727,0.227272727272727,,0.659974336624146
ASCEND,2000,0.9,0.7,23,18,8,0.171428571428571,0.990476190476191,0.416504075642388,0.651340996168582,0.461538461538462,0.75,0.333333333333333,0.75,0.189434766769409
GENIE3,2000,0.9,0.7,23,18,8,0.171428571428571,1,0.388509815543373,0.668582375478927,0.230769230769231,0.375,0.166666666666667,,133.201154470444
ARACNE,2000,0.9,0.7,23,18,8,0.171428571428571,1,0.171428571428571,0.5,0.0769230769230769,0.125,0.0555555555555556,,88.8508303165436
WGCNA,2000,0.9,0.7,23,18,8,0.171428571428571,1,0.267948523740027,0.547254150702427,0.230769230769231,0.375,0.166666666666667,,0.67212986946106
ASCEND,2000,0.9,0.7,24,16,7,0.152380952380952,0.990476190476191,0.583115874765607,0.715589887640449,0.608695652173913,1,0.4375,0.857142857142857,0.180081844329834
GENIE3,2000,0.9,0.7,24,16,7,0.152380952380952,1,0.451828377645949,0.777387640449438,0.260869565217391,0.428571428571429,0.1875,,131.608675718308
ARACNE,2000,0.9,0.7,24,16,7,0.152380952380952,1,0.152380952380952,0.5,0.0869565217391304,0.142857142857143,0.0625,,89.8095333576202
WGCNA,2000,0.9,0.7,24,16,7,0.152380952380952,1,0.12709813387884,0.592696629213483,0.0869565217391304,0.142857142857143,0.0625,,0.694010257720947
ASCEND,2000,0.9,0.7,25,12,5,0.114285714285714,1,0.540082671123248,0.708333333333333,0.588235294117647,1,0.416666666666667,1,0.174296617507935
GENIE3,2000,0.9,0.7,25,12,5,0.114285714285714,1,0.0946038408620003,0.561827956989247,,0,0,,130.051490783691
ARACNE,2000,0.9,0.7,25,12,5,0.114285714285714,1,0.114285714285714,0.5,,0,0,,87.8485443592072
WGCNA,2000,0.9,0.7,25,12,5,0.114285714285714,1,0.123751834613873,0.550179211469534,,0,0,,0.669678211212158
ASCEND,2000,0.9,0.7,26,15,13,0.142857142857143,1,0.368740522363074,0.7,0.5,0.538461538461538,0.466666666666667,0.461538461538462,0.203103303909302
GENIE3,2000,0.9,0.7,26,15,13,0.142857142857143,1,0.539015557133699,0.785185185185185,0.428571428571429,0.461538461538462,0.4,,131.551446914673
ARACNE,2000,0.9,0.7,26,15,13,0.142857142857143,1,0.142857142857143,0.5,,0,0,,91.518340587616
WGCNA,2000,0.9,0.7,26,15,13,0.142857142857143,1,0.253932636849191,0.627407407407407,0.285714285714286,0.307692307692308,0.266666666666667,,1.08222317695618
ASCEND,2000,0.9,0.7,27,22,18,0.20952380952381,1,0.36843003028483,0.650328587075575,0.45,0.5,0.409090909090909,0.5,0.437604188919067
GENIE3,2000,0.9,0.7,27,22,18,0.20952380952381,1,0.5625668094339,0.737130339539978,0.6,0.666666666666667,0.545454545454545,,175.98241519928
ARACNE,2000,0.9,0.7,27,22,18,0.20952380952381,1,0.20952380952381,0.5,0.25,0.277777777777778,0.227272727272727,,84.9488697052002
WGCNA,2000,0.9,0.7,27,22,18,0.20952380952381,1,0.258357643231764,0.534501642935378,0.35,0.388888888888889,0.318181818181818,,0.586285829544067
ASCEND,2000,0.9,0.7,28,16,14,0.152380952380952,1,0.812700104450823,0.90063202247191,0.866666666666667,0.928571428571429,0.8125,0.928571428571429,0.323600292205811
GENIE3,2000,0.9,0.7,28,16,14,0.152380952380952,1,0.306132791214669,0.728230337078652,0.266666666666667,0.285714285714286,0.25,,168.641903162003
ARACNE,2000,0.9,0.7,28,16,14,0.152380952380952,1,0.152380952380952,0.5,0.2,0.214285714285714,0.1875,,92.3082759380341
WGCNA,2000,0.9,0.7,28,16,14,0.152380952380952,1,0.155309785947289,0.529494382022472,0.133333333333333,0.142857142857143,0.125,,0.729323387145996
ASCEND,2000,0.9,0.7,29,11,6,0.104761904761905,0.990476190476191,0.54975164082819,0.766924564796905,0.588235294117647,0.833333333333333,0.454545454545455,0.833333333333333,0.382841110229492
GENIE3,2000,0.9,0.7,29,11,6,0.104761904761905,1,0.150622949434507,0.645067698259188,0.117647058823529,0.166666666666667,0.0909090909090909,,163.829160690308
ARACNE,2000,0.9,0.7,29,11,6,0.104761904761905,1,0.104761904761905,0.5,,0,0,,84.7461516857147
WGCNA,2000,0.9,0.7,29,11,6,0.104761904761905,1,0.127138502835983,0.516441005802708,0.117647058823529,0.166666666666667,0.0909090909090909,,0.587584495544434
ASCEND,2000,0.9,0.7,30,31,24,0.295238095238095,1,0.651497281961254,0.772667829119442,0.690909090909091,0.791666666666667,0.612903225806452,0.666666666666667,0.767242193222046
GENIE3,2000,0.9,0.7,30,31,24,0.295238095238095,1,0.421919648174627,0.660854402789887,0.290909090909091,0.333333333333333,0.258064516129032,,174.311421394348
ARACNE,2000,0.9,0.7,30,31,24,0.295238095238095,1,0.295238095238095,0.5,0.327272727272727,0.375,0.290322580645161,,145.649849891663
WGCNA,2000,0.9,0.7,30,31,24,0.295238095238095,1,0.370810813915202,0.595030514385353,0.290909090909091,0.333333333333333,0.258064516129032,,1.02526497840881
ASCEND,2000,0.9,0.7,31,11,8,0.104761904761905,1,0.791825181228086,0.863636363636364,0.842105263157895,1,0.727272727272727,1,0.349881410598755
GENIE3,2000,0.9,0.7,31,11,8,0.104761904761905,1,0.304340366181494,0.765957446808511,0.315789473684211,0.375,0.272727272727273,,172.013588190079
ARACNE,2000,0.9,0.7,31,11,8,0.104761904761905,1,0.104761904761905,0.5,0.105263157894737,0.125,0.0909090909090909,,112.581184625626
WGCNA,2000,0.9,0.7,31,11,8,0.104761904761905,1,0.142793738767435,0.640232108317215,0.105263157894737,0.125,0.0909090909090909,,0.593226909637451
ASCEND,2000,0.9,0.7,32,11,4,0.104761904761905,1,0.484386529690913,0.681818181818182,0.533333333333333,1,0.363636363636364,0.75,0.3187575340271
GENIE3,2000,0.9,0.7,32,11,4,0.104761904761905,1,0.581568153655954,0.843326885880077,0.533333333333333,1,0.363636363636364,,176.312413215637
ARACNE,2000,0.9,0.7,32,11,4,0.104761904761905,1,0.104761904761905,0.5,,0,0,,123.579248905182
WGCNA,2000,0.9,0.7,32,11,4,0.104761904761905,1,0.15676224632996,0.552224371373308,0.133333333333333,0.25,0.0909090909090909,,0.937377452850342
ASCEND,2000,0.9,0.7,33,11,4,0.104761904761905,1,0.207322748996286,0.580270793036751,0.266666666666667,0.5,0.181818181818182,0.5,0.423754930496216
GENIE3,2000,0.9,0.7,33,11,4,0.104761904761905,1,0.298794472048783,0.786266924564797,0.266666666666667,0.5,0.181818181818182,,145.996875047684
ARACNE,2000,0.9,0.7,33,11,4,0.104761904761905,1,0.104761904761905,0.5,,0,0,,84.3632335662842
WGCNA,2000,0.9,0.7,33,11,4,0.104761904761905,1,0.173134534341924,0.563829787234043,0.133333333333333,0.25,0.0909090909090909,,0.597019195556641
ASCEND,2000,0.9,0.7,34,8,3,0.0761904761904762,0.990476190476191,0.581945613358818,0.75,0.545454545454545,1,0.375,1,0.279805660247803
GENIE3,2000,0.9,0.7,34,8,3,0.0761904761904762,1,0.496008977709059,0.730670103092784,0.363636363636364,0.666666666666667,0.25,,175.08035159111
ARACNE,2000,0.9,0.7,34,8,3,0.0761904761904762,1,0.0761904761904762,0.5,,0,0,,147.467197418213
WGCNA,2000,0.9,0.7,34,8,3,0.0761904761904762,1,0.225960616136646,0.555412371134021,0.181818181818182,0.333333333333333,0.125,,0.989025354385376
ASCEND,2000,0.9,0.7,35,9,5,0.0857142857142857,1,0.446760884119238,0.717013888888889,0.571428571428571,0.8,0.444444444444444,0.8,0.370895862579346
GENIE3,2000,0.9,0.7,35,9,5,0.0857142857142857,1,0.233796038305138,0.613425925925926,0.285714285714286,0.4,0.222222222222222,,163.310014486313
ARACNE,2000,0.9,0.7,35,9,5,0.0857142857142857,1,0.0857142857142857,0.5,,0,0,,98.5543837547302
WGCNA,2000,0.9,0.7,35,9,5,0.0857142857142857,1,0.0709444220466591,0.569444444444445,,0,0,,0.643407344818115
ASCEND,2000,0.9,0.7,36,6,4,0.0571428571428571,1,0.715550623522495,0.833333333333333,0.8,1,0.666666666666667,1,0.157033681869507
GENIE3,2000,0.9,0.7,36,6,4,0.0571428571428571,1,0.364450065742727,0.828282828282828,0.4,0.5,0.333333333333333,,130.141255140305
ARACNE,2000,0.9,0.7,36,6,4,0.0571428571428571,1,0.0571428571428571,0.5,,0,0,,110.242440462112
WGCNA,2000,0.9,0.7,36,6,4,0.0571428571428571,1,0.0374146231322164,0.720538720538721,,0,0,,0.626338481903076
ASCEND,2000,0.9,0.7,37,27,22,0.257142857142857,1,0.730479675381864,0.832621082621083,0.775510204081633,0.863636363636364,0.703703703703704,0.863636363636364,0.442168235778809
GENIE3,2000,0.9,0.7,37,27,22,0.257142857142857,1,0.641031799206064,0.770180436847103,0.530612244897959,0.590909090909091,0.481481481481482,,178.857943534851
ARACNE,2000,0.9,0.7,37,27,22,0.257142857142857,1,0.257142857142857,0.5,0.122448979591837,0.136363636363636,0.111111111111111,,133.996569871902
WGCNA,2000,0.9,0.7,37,27,22,0.257142857142857,1,0.511502652316542,0.738841405508072,0.489795918367347,0.545454545454545,0.444444444444444,,0.626303911209106
ASCEND,2000,0.9,0.7,38,14,8,0.133333333333333,1,0.558816038775725,0.744505494505495,0.636363636363636,0.875,0.5,0.875,0.381022214889526
GENIE3,2000,0.9,0.7,38,14,8,0.133333333333333,1,0.311333594172807,0.633437990580848,0.272727272727273,0.375,0.214285714285714,,174.647232294083
ARACNE,2000,0.9,0.7,38,14,8,0.133333333333333,1,0.133333333333333,0.5,0.0909090909090909,0.125,0.0714285714285714,,130.977725744247
WGCNA,2000,0.9,0.7,38,14,8,0.133333333333333,1,0.112881470688125,0.56436420722135,,0,0,,0.601964950561523
ASCEND,2000,0.9,0.7,39,7,4,0.0666666666666667,1,0.637973520846811,0.785714285714286,0.727272727272727,1,0.571428571428571,1,0.102912664413452
GENIE3,2000,0.9,0.7,39,7,4,0.0666666666666667,1,0.601488993051673,0.86734693877551,0.545454545454545,0.75,0.428571428571429,,134.546723842621
ARACNE,2000,0.9,0.7,39,7,4,0.0666666666666667,1,0.0666666666666667,0.5,0.181818181818182,0.25,0.142857142857143,,89.6488392353058
WGCNA,2000,0.9,0.7,39,7,4,0.0666666666666667,1,0.287476060492048,0.516034985422741,0.181818181818182,0.25,0.142857142857143,,0.639383554458618
ASCEND,2000,0.9,0.7,40,21,8,0.2,1,0.577744693838529,0.690476190476191,0.551724137931035,1,0.380952380952381,1,0.368428230285645
GENIE3,2000,0.9,0.7,40,21,8,0.2,1,0.445012034793514,0.629818594104308,0.275862068965517,0.5,0.19047619047619,,176.413788795471
ARACNE,2000,0.9,0.7,40,21,8,0.2,1,0.2,0.5,,0,0,,144.234829425812
WGCNA,2000,0.9,0.7,40,21,8,0.2,1,0.222680573076538,0.500566893424036,0.206896551724138,0.375,0.142857142857143,,0.621221303939819
ASCEND,2000,0.9,0.7,41,27,13,0.257142857142857,0.990476190476191,0.529928886738346,0.683760683760684,0.5,0.769230769230769,0.37037037037037,0.769230769230769,0.307748317718506
GENIE3,2000,0.9,0.7,41,27,13,0.257142857142857,1,0.335285050805656,0.617758784425451,0.25,0.384615384615385,0.185185185185185,,129.554817438126
ARACNE,2000,0.9,0.7,41,27,13,0.257142857142857,1,0.257142857142857,0.5,0.1,0.153846153846154,0.0740740740740741,,83.9069571495056
WGCNA,2000,0.9,0.7,41,27,13,0.257142857142857,1,0.263330769060352,0.509021842355176,0.15,0.230769230769231,0.111111111111111,,0.560198545455933
ASCEND,2000,0.9,0.7,42,25,14,0.238095238095238,1,0.733093129878424,0.78,0.717948717948718,1,0.56,1,0.17990779876709
GENIE3,2000,0.9,0.7,42,25,14,0.238095238095238,1,0.445517886525594,0.6255,0.41025641025641,0.571428571428571,0.32,,154.956536531448
ARACNE,2000,0.9,0.7,42,25,14,0.238095238095238,1,0.238095238095238,0.5,0.0512820512820513,0.0714285714285714,0.04,,78.2978010177612
WGCNA,2000,0.9,0.7,42,25,14,0.238095238095238,1,0.477464486304715,0.6425,0.358974358974359,0.5,0.28,,0.563477754592896
ASCEND,2000,0.9,0.7,43,13,7,0.123809523809524,0.990476190476191,0.447461562456388,0.719063545150502,0.5,0.714285714285714,0.384615384615385,0.714285714285714,0.176321268081665
GENIE3,2000,0.9,0.7,43,13,7,0.123809523809524,1,0.595689142100541,0.859531772575251,0.4,0.571428571428571,0.307692307692308,,130.302482843399
ARACNE,2000,0.9,0.7,43,13,7,0.123809523809524,1,0.123809523809524,0.5,0.1,0.142857142857143,0.0769230769230769,,84.8426423072815
WGCNA,2000,0.9,0.7,43,13,7,0.123809523809524,1,0.352754324466978,0.587792642140468,0.3,0.428571428571429,0.230769230769231,,0.583402633666992
ASCEND,2000,0.9,0.7,44,15,7,0.142857142857143,1,0.486780072193586,0.694444444444445,0.545454545454546,0.857142857142857,0.4,0.857142857142857,0.212610721588135
GENIE3,2000,0.9,0.7,44,15,7,0.142857142857143,1,0.183015245759996,0.641481481481482,,0,0,,126.10941696167
ARACNE,2000,0.9,0.7,44,15,7,0.142857142857143,1,0.142857142857143,0.5,0.181818181818182,0.285714285714286,0.133333333333333,,93.6367583274841
WGCNA,2000,0.9,0.7,44,15,7,0.142857142857143,1,0.133321851919787,0.525185185185185,0.0909090909090909,0.142857142857143,0.0666666666666667,,0.566148281097412
ASCEND,2000,0.9,0.7,45,13,6,0.123809523809524,1,0.337209345290519,0.642976588628763,0.421052631578947,0.666666666666667,0.307692307692308,0.5,0.152463912963867
GENIE3,2000,0.9,0.7,45,13,6,0.123809523809524,1,0.491839954954427,0.855351170568562,0.210526315789474,0.333333333333333,0.153846153846154,,152.162471294403
ARACNE,2000,0.9,0.7,45,13,6,0.123809523809524,1,0.123809523809524,0.5,0.105263157894737,0.166666666666667,0.0769230769230769,,106.136378765106
WGCNA,2000,0.9,0.7,45,13,6,0.123809523809524,1,0.140448824444702,0.508361204013378,0.105263157894737,0.166666666666667,0.0769230769230769,,0.559552907943726
ASCEND,2000,0.9,0.7,46,23,12,0.219047619047619,1,0.377295592732579,0.62168610816543,0.4,0.583333333333333,0.304347826086957,0.583333333333333,0.418258428573608
GENIE3,2000,0.9,0.7,46,23,12,0.219047619047619,1,0.505809676014055,0.736479321314952,0.514285714285714,0.75,0.391304347826087,,136.2338950634
ARACNE,2000,0.9,0.7,46,23,12,0.219047619047619,1,0.219047619047619,0.5,0.228571428571429,0.333333333333333,0.173913043478261,,104.598378419876
WGCNA,2000,0.9,0.7,46,23,12,0.219047619047619,1,0.274263961305529,0.545068928950159,0.171428571428571,0.25,0.130434782608696,,0.571005821228027
ASCEND,2000,0.9,0.7,47,12,10,0.114285714285714,1,0.497026582786498,0.775537634408602,0.636363636363637,0.7,0.583333333333333,0.7,0.156454801559448
GENIE3,2000,0.9,0.7,47,12,10,0.114285714285714,1,0.59099138253886,0.756272401433692,0.545454545454545,0.6,0.5,,114.187620162964
ARACNE,2000,0.9,0.7,47,12,10,0.114285714285714,1,0.114285714285714,0.5,,0,0,,70.7736525535584
WGCNA,2000,0.9,0.7,47,12,10,0.114285714285714,1,0.172601846421425,0.505376344086022,0.363636363636364,0.4,0.333333333333333,,0.549630880355835
ASCEND,2000,0.9,0.7,48,13,6,0.123809523809524,1,0.337209345290519,0.642976588628763,0.421052631578947,0.666666666666667,0.307692307692308,0.666666666666667,0.184623003005981
GENIE3,2000,0.9,0.7,48,13,6,0.123809523809524,1,0.279407957276864,0.663879598662207,0.315789473684211,0.5,0.230769230769231,,111.347858428955
ARACNE,2000,0.9,0.7,48,13,6,0.123809523809524,1,0.123809523809524,0.5,,0,0,,71.199693441391
WGCNA,2000,0.9,0.7,48,13,6,0.123809523809524,1,0.101867251020626,0.669732441471572,0.105263157894737,0.166666666666667,0.0769230769230769,,0.57367467880249
ASCEND,2000,0.9,0.7,49,7,3,0.0666666666666667,1,0.508390856817591,0.714285714285714,0.6,1,0.428571428571429,1,0.146829843521118
GENIE3,2000,0.9,0.7,49,7,3,0.0666666666666667,1,0.295014020499522,0.746355685131195,0.2,0.333333333333333,0.142857142857143,,114.700459480286
ARACNE,2000,0.9,0.7,49,7,3,0.0666666666666667,1,0.0666666666666667,0.5,,0,0,,70.8335313796997
WGCNA,2000,0.9,0.7,49,7,3,0.0666666666666667,1,0.198313850593072,0.502915451895044,0.2,0.333333333333333,0.142857142857143,,0.566161870956421
ASCEND,2000,0.9,0.7,50,17,7,0.161904761904762,1,0.468382966535975,0.670788770053476,0.5,0.857142857142857,0.352941176470588,0.857142857142857,0.342305421829224
GENIE3,2000,0.9,0.7,50,17,7,0.161904761904762,1,0.603701676087544,0.840909090909091,0.416666666666667,0.714285714285714,0.294117647058824,,106.493668317795
ARACNE,2000,0.9,0.7,50,17,7,0.161904761904762,1,0.161904761904762,0.5,0.0833333333333333,0.142857142857143,0.0588235294117647,,70.5053987503052
WGCNA,2000,0.9,0.7,50,17,7,0.161904761904762,1,0.123773717012097,0.665775401069519,0.0833333333333333,0.142857142857143,0.0588235294117647,,0.639412879943848
